item,date,value,demand
Aquarium (Gun),2025-07-21,8,
Aquarium (Gun),2025-08-03,7,
Aquarium (Gun),2025-08-11,5,
Aquarium (Gun),2025-08-14,3,
Aquarium (Gun),2025-08-22,2,
Aquarium (Gun),2025-08-26,1,
Aquarium (Gun),2025-09-17,0.8,
Aquarium (Gun),2025-11-24,0.6,2
Aquarium (Gun),2025-12-02,0.6,2
Aquarium (Gun),2025-12-04,0.6,2
Aquarium (Gun),2025-12-08,0.6,2
Aquarium (Gun),2025-12-21,0.6,2
Aquarium (Gun),2025-12-23,0.6,2
Aquarium (Gun),2025-12-24,0.6,2
Aquarium (Gun),2025-12-26,0.6,2
Aquarium (Gun),2025-12-28,0.6,2
Aquarium (Gun),2025-12-30,0.6,2
Aquarium (Gun),2026-01-15,0.6,2
Aquarium (Gun),2026-01-16,0.6,2
Aquarium (Gun),2026-02-19,0.6,2
Aquarium (Gun),2026-02-27,0.6,2
Aquarium (Gun),2026-02-28,0.6,2
Aquarium (Gun),2026-03-06,0.6,2
Aquarium (Gun),2026-03-09,0.6,2
Aquarium (Gun),2026-03-14,0.6,
Aquarium (Gun),2026-03-15,0.45,2
Aquarium (Gun),2026-04-14,0.45,2
Aquarium (Gun),2026-05-09,0.45,2
Aquarium (Gun),2026-05-14,0.45,2
Aquarium (Gun),2026-06-21,0.45,2
Aquarium (Gun),2026-06-22,0.45,2
Aquarium (Gun),2026-06-26,0.45,2
Aquarium (Gun),2026-07-02,0.45,2
Aquarium (Gun),2026-07-03,0.45,2
Aquarium (Gun),2026-07-05,0.45,2
Aquarium (Gun),2026-07-06,0.45,2
Aquarium (Gun),2026-07-09,0.45,2
Aquarium (Gun),2026-07-10,0.45,2
Aquarium (Gun),2026-07-12,0.45,2
Aquarium (Gun),2026-07-14,0.45,2
Aquarium (Gun),2026-07-17,0.45,2
Aquarium (Gun),2026-07-24,0.45,2
Aquarium (Gun),2026-07-27,0.45,2
Aquarium (Gun),2026-07-28,0.45,2
Aquarium (Gun),2026-07-30,0.45,2
Aquarium (Gun),2026-07-31,0.45,2
Aquarium (Gun),2026-08-03,0.45,2
Aquarium (Gun),2026-08-04,0.45,2
Aquarium (Gun),2026-08-05,0.45,2
Aquarium (Gun),2026-08-06,0.45,2
Aquarium (Gun),2026-08-07,0.45,2
Aquarium (Gun),2026-08-08,0.45,2
Aquarium (Gun),2026-08-09,0.45,2
Aquarium (Gun),2026-08-10,0.45,2
Aquarium (Gun),2026-08-11,0.45,2
Aquarium (Gun),2026-08-13,0.45,2
Aquarium (Gun),2026-08-14,0.45,2
Aquarium (Gun),2026-08-15,0.45,2
Aquarium (Gun),2026-08-16,0.45,2
Aquarium (Gun),2026-08-17,0.45,2
Aquarium (Gun),2026-08-18,0.45,2
Aquarium (Gun),2026-08-19,0.45,2
Aquarium (Gun),2026-08-20,0.45,2
Aquarium (Gun),2026-08-21,0.45,2
Aquarium (Gun),2026-08-22,0.45,2
Aquarium (Gun),2026-08-24,0.45,2
Aquarium (Gun),2026-08-25,0.45,2
Aquarium (Gun),2026-08-30,0.45,2
Aquarium (Gun),2026-09-02,0.45,2
Aquarium (Gun),2026-09-03,0.45,2
Aquarium (Gun),2026-09-04,0.45,2
Aquarium (Gun),2026-09-05,0.45,2
Aquarium (Gun),2026-09-06,0.45,2
Aquarium (Gun),2026-09-07,0.45,2
Aquarium (Gun),2026-09-12,0.45,2
Aquarium (Gun),2026-09-17,0.45,2
Aquarium (Gun),2026-09-18,0.45,2
Aquarium (Gun),2026-09-19,0.45,2
Aquarium (Gun),2026-09-20,0.45,2
Aquarium (Knife),2025-07-21,8,
Aquarium (Knife),2025-08-03,7,
Aquarium (Knife),2025-08-11,3,
Aquarium (Knife),2025-08-14,1,
Aquarium (Knife),2025-08-22,0.8,
Aquarium (Knife),2025-09-17,0.4,
Aquarium (Knife),2025-11-24,0.3,2
Aquarium (Knife),2025-12-02,0.3,2
Aquarium (Knife),2025-12-04,0.3,2
Aquarium (Knife),2025-12-08,0.3,2
Aquarium (Knife),2025-12-21,0.3,2
Aquarium (Knife),2025-12-23,0.3,2
Aquarium (Knife),2025-12-24,0.3,2
Aquarium (Knife),2025-12-26,0.3,2
Aquarium (Knife),2025-12-28,0.3,2
Aquarium (Knife),2025-12-30,0.3,2
Aquarium (Knife),2026-01-15,0.3,2
Aquarium (Knife),2026-01-16,0.3,2
Aquarium (Knife),2026-02-19,0.3,2
Aquarium (Knife),2026-02-27,0.3,2
Aquarium (Knife),2026-02-28,0.3,2
Aquarium (Knife),2026-03-06,0.3,2
Aquarium (Knife),2026-03-09,0.3,2
Aquarium (Knife),2026-03-15,0.3,1
Aquarium (Knife),2026-04-14,0.3,1
Aquarium (Knife),2026-05-09,0.3,1
Aquarium (Knife),2026-05-14,0.3,1
Aquarium (Knife),2026-06-21,0.3,1
Aquarium (Knife),2026-06-22,0.3,1
Aquarium (Knife),2026-06-26,0.3,1
Aquarium (Knife),2026-07-02,0.3,1
Aquarium (Knife),2026-07-03,0.3,1
Aquarium (Knife),2026-07-05,0.3,1
Aquarium (Knife),2026-07-06,0.3,1
Aquarium (Knife),2026-07-09,0.3,1
Aquarium (Knife),2026-07-10,0.3,1
Aquarium (Knife),2026-07-12,0.3,1
Aquarium (Knife),2026-07-14,0.3,1
Aquarium (Knife),2026-07-17,0.3,1
Aquarium (Knife),2026-07-24,0.3,1
Aquarium (Knife),2026-07-27,0.3,1
Aquarium (Knife),2026-07-28,0.3,1
Aquarium (Knife),2026-07-30,0.3,1
Aquarium (Knife),2026-07-31,0.3,1
Aquarium (Knife),2026-08-03,0.3,1
Aquarium (Knife),2026-08-04,0.3,1
Aquarium (Knife),2026-08-05,0.3,1
Aquarium (Knife),2026-08-06,0.3,1
Aquarium (Knife),2026-08-07,0.3,1
Aquarium (Knife),2026-08-08,0.3,1
Aquarium (Knife),2026-08-09,0.3,1
Aquarium (Knife),2026-08-10,0.3,1
Aquarium (Knife),2026-08-11,0.3,1
Aquarium (Knife),2026-08-13,0.3,1
Aquarium (Knife),2026-08-14,0.3,1
Aquarium (Knife),2026-08-15,0.3,1
Aquarium (Knife),2026-08-16,0.3,1
Aquarium (Knife),2026-08-17,0.3,1
Aquarium (Knife),2026-08-18,0.3,1
Aquarium (Knife),2026-08-19,0.3,1
Aquarium (Knife),2026-08-20,0.3,1
Aquarium (Knife),2026-08-21,0.3,1
Aquarium (Knife),2026-08-22,0.3,1
Aquarium (Knife),2026-08-24,0.3,1
Aquarium (Knife),2026-08-25,0.3,1
Aquarium (Knife),2026-08-30,0.3,1
Aquarium (Knife),2026-09-02,0.3,1
Aquarium (Knife),2026-09-03,0.3,1
Aquarium (Knife),2026-09-04,0.3,1
Aquarium (Knife),2026-09-05,0.3,1
Aquarium (Knife),2026-09-06,0.3,1
Aquarium (Knife),2026-09-07,0.3,1
Aquarium (Knife),2026-09-12,0.3,1
Aquarium (Knife),2026-09-17,0.3,1
Aquarium (Knife),2026-09-18,0.3,1
Aquarium (Knife),2026-09-19,0.3,1
Aquarium (Knife),2026-09-20,0.3,1
Arctic (Gun),2025-04-13,3,
Arctic (Gun),2025-04-15,4,
Arctic (Gun),2025-11-24,4,2
Arctic (Gun),2025-12-02,4,2
Arctic (Gun),2025-12-04,4,2
Arctic (Gun),2025-12-08,4,2
Arctic (Gun),2025-12-21,4,2
Arctic (Gun),2025-12-23,4,2
Arctic (Gun),2025-12-24,4,2
Arctic (Gun),2025-12-26,4,2
Arctic (Gun),2025-12-28,4,2
Arctic (Gun),2025-12-30,4,2
Arctic (Gun),2026-01-14,5,
Arctic (Gun),2026-01-15,5,2
Arctic (Gun),2026-01-16,5,2
Arctic (Gun),2026-02-19,5,2
Arctic (Gun),2026-02-27,5,2
Arctic (Gun),2026-02-28,5,2
Arctic (Gun),2026-03-06,5,2
Arctic (Gun),2026-03-09,5,2
Arctic (Gun),2026-03-15,5,2
Arctic (Gun),2026-04-14,5,2
Arctic (Gun),2026-05-09,5,2
Arctic (Gun),2026-05-14,5,2
Arctic (Gun),2026-06-17,7,
Arctic (Gun),2026-06-21,7,2
Arctic (Gun),2026-06-22,10,
Arctic (Gun),2026-06-26,10,2
Arctic (Gun),2026-07-02,10,2
Arctic (Gun),2026-07-03,10,2
Arctic (Gun),2026-07-05,10,2
Arctic (Gun),2026-07-06,10,2
Arctic (Gun),2026-07-09,10,2
Arctic (Gun),2026-07-10,10,2
Arctic (Gun),2026-07-12,10,2
Arctic (Gun),2026-07-14,10,2
Arctic (Gun),2026-07-17,10,2
Arctic (Gun),2026-07-24,10,2
Arctic (Gun),2026-07-27,10,2
Arctic (Gun),2026-07-28,10,2
Arctic (Gun),2026-07-30,10,2
Arctic (Gun),2026-07-31,10,2
Arctic (Gun),2026-08-03,10,2
Arctic (Gun),2026-08-04,10,2
Arctic (Gun),2026-08-05,10,2
Arctic (Gun),2026-08-06,10,2
Arctic (Gun),2026-08-07,10,2
Arctic (Gun),2026-08-08,10,2
Arctic (Gun),2026-08-09,10,2
Arctic (Gun),2026-08-10,10,2
Arctic (Gun),2026-08-11,10,2
Arctic (Gun),2026-08-13,10,2
Arctic (Gun),2026-08-14,10,2
Arctic (Gun),2026-08-15,10,2
Arctic (Gun),2026-08-16,10,2
Arctic (Gun),2026-08-17,10,2
Arctic (Gun),2026-08-18,10,2
Arctic (Gun),2026-08-19,10,2
Arctic (Gun),2026-08-20,10,2
Arctic (Gun),2026-08-21,10,2
Arctic (Gun),2026-08-22,10,2
Arctic (Gun),2026-08-24,10,2
Arctic (Gun),2026-08-25,10,2
Arctic (Gun),2026-08-30,10,2
Arctic (Gun),2026-09-02,10,2
Arctic (Gun),2026-09-03,10,2
Arctic (Gun),2026-09-04,10,2
Arctic (Gun),2026-09-05,10,2
Arctic (Gun),2026-09-06,10,2
Arctic (Gun),2026-09-07,10,2
Arctic (Gun),2026-09-12,10,2
Arctic (Gun),2026-09-17,10,2
Arctic (Gun),2026-09-18,10,2
Arctic (Gun),2026-09-19,10,2
Arctic (Gun),2026-09-20,10,2
Arctic (Knife),2025-11-24,0.3,2
Arctic (Knife),2025-12-02,0.3,2
Arctic (Knife),2025-12-04,0.3,2
Arctic (Knife),2025-12-08,0.3,2
Arctic (Knife),2025-12-21,0.3,2
Arctic (Knife),2025-12-23,0.3,2
Arctic (Knife),2025-12-24,0.3,2
Arctic (Knife),2025-12-26,0.3,2
Arctic (Knife),2025-12-28,0.3,2
Arctic (Knife),2025-12-30,0.3,2
Arctic (Knife),2026-01-14,0.6,
Arctic (Knife),2026-01-15,0.45,2
Arctic (Knife),2026-01-16,0.45,2
Arctic (Knife),2026-02-19,0.45,2
Arctic (Knife),2026-02-27,0.45,2
Arctic (Knife),2026-02-28,0.45,2
Arctic (Knife),2026-03-06,0.45,2
Arctic (Knife),2026-03-09,0.45,2
Arctic (Knife),2026-03-14,0.8,
Arctic (Knife),2026-03-15,0.6,2
Arctic (Knife),2026-04-14,0.6,2
Arctic (Knife),2026-05-09,0.6,2
Arctic (Knife),2026-05-14,0.6,2
Arctic (Knife),2026-06-21,0.6,2
Arctic (Knife),2026-06-22,0.6,2
Arctic (Knife),2026-06-26,0.6,2
Arctic (Knife),2026-07-02,0.6,2
Arctic (Knife),2026-07-03,0.6,2
Arctic (Knife),2026-07-05,0.6,2
Arctic (Knife),2026-07-06,0.6,2
Arctic (Knife),2026-07-09,0.6,2
Arctic (Knife),2026-07-10,0.6,2
Arctic (Knife),2026-07-12,0.6,2
Arctic (Knife),2026-07-14,0.6,2
Arctic (Knife),2026-07-17,0.6,2
Arctic (Knife),2026-07-24,0.6,2
Arctic (Knife),2026-07-27,0.6,2
Arctic (Knife),2026-07-28,0.6,2
Arctic (Knife),2026-07-30,0.6,2
Arctic (Knife),2026-07-31,0.6,2
Arctic (Knife),2026-08-03,0.6,2
Arctic (Knife),2026-08-04,0.6,2
Arctic (Knife),2026-08-05,0.6,2
Arctic (Knife),2026-08-06,0.6,2
Arctic (Knife),2026-08-07,0.6,2
Arctic (Knife),2026-08-08,0.6,2
Arctic (Knife),2026-08-09,0.6,2
Arctic (Knife),2026-08-10,0.6,2
Arctic (Knife),2026-08-11,0.6,2
Arctic (Knife),2026-08-13,0.6,2
Arctic (Knife),2026-08-14,0.6,2
Arctic (Knife),2026-08-15,0.6,2
Arctic (Knife),2026-08-16,0.6,2
Arctic (Knife),2026-08-17,0.6,2
Arctic (Knife),2026-08-18,0.6,2
Arctic (Knife),2026-08-19,0.6,2
Arctic (Knife),2026-08-20,0.6,2
Arctic (Knife),2026-08-21,0.6,2
Arctic (Knife),2026-08-22,0.6,2
Arctic (Knife),2026-08-24,0.6,2
Arctic (Knife),2026-08-25,0.6,2
Arctic (Knife),2026-08-30,0.6,2
Arctic (Knife),2026-09-02,0.6,2
Arctic (Knife),2026-09-03,0.6,2
Arctic (Knife),2026-09-04,0.6,2
Arctic (Knife),2026-09-05,0.6,2
Arctic (Knife),2026-09-06,0.6,2
Arctic (Knife),2026-09-07,0.6,2
Arctic (Knife),2026-09-12,0.6,2
Arctic (Knife),2026-09-17,0.6,2
Arctic (Knife),2026-09-18,0.6,2
Arctic (Knife),2026-09-19,0.6,2
Arctic (Knife),2026-09-20,0.6,2
Aurora (Gun),2023-10-15,2,
Aurora (Gun),2024-04-24,3,
Aurora (Gun),2024-05-26,4,
Aurora (Gun),2024-11-30,5,
Aurora (Gun),2024-12-06,6,
Aurora (Gun),2025-04-13,7,
Aurora (Gun),2025-04-15,8,
Aurora (Gun),2025-11-24,8,2
Aurora (Gun),2025-12-02,8,2
Aurora (Gun),2025-12-04,8,2
Aurora (Gun),2025-12-08,8,2
Aurora (Gun),2025-12-21,8,2
Aurora (Gun),2025-12-23,8,2
Aurora (Gun),2025-12-24,8,2
Aurora (Gun),2025-12-26,8,2
Aurora (Gun),2025-12-28,8,2
Aurora (Gun),2025-12-30,8,2
Aurora (Gun),2026-01-11,10,
Aurora (Gun),2026-01-15,10,2
Aurora (Gun),2026-01-16,10,2
Aurora (Gun),2026-02-19,10,2
Aurora (Gun),2026-02-27,10,2
Aurora (Gun),2026-02-28,10,2
Aurora (Gun),2026-03-04,12,
Aurora (Gun),2026-03-06,12,2
Aurora (Gun),2026-03-09,12,2
Aurora (Gun),2026-03-15,12,2
Aurora (Gun),2026-03-16,13,
Aurora (Gun),2026-04-14,13,2
Aurora (Gun),2026-05-09,13,2
Aurora (Gun),2026-05-14,13,2
Aurora (Gun),2026-05-24,15,
Aurora (Gun),2026-05-25,25,
Aurora (Gun),2026-05-27,30,
Aurora (Gun),2026-06-03,35,
Aurora (Gun),2026-06-06,40,
Aurora (Gun),2026-06-07,45,
Aurora (Gun),2026-06-14,50,
Aurora (Gun),2026-06-17,55,
Aurora (Gun),2026-06-19,60,
Aurora (Gun),2026-06-21,60,3
Aurora (Gun),2026-06-22,70,
Aurora (Gun),2026-06-24,80,
Aurora (Gun),2026-06-26,80,3
Aurora (Gun),2026-06-27,90,
Aurora (Gun),2026-07-02,90,3
Aurora (Gun),2026-07-03,90,3
Aurora (Gun),2026-07-05,85,
Aurora (Gun),2026-07-06,85,3
Aurora (Gun),2026-07-07,80,
Aurora (Gun),2026-07-09,75,
Aurora (Gun),2026-07-10,75,3
Aurora (Gun),2026-07-12,70,
Aurora (Gun),2026-07-13,65,
Aurora (Gun),2026-07-14,65,3
Aurora (Gun),2026-07-16,60,
Aurora (Gun),2026-07-17,60,3
Aurora (Gun),2026-07-21,55,
Aurora (Gun),2026-07-24,55,3
Aurora (Gun),2026-07-27,55,3
Aurora (Gun),2026-07-28,55,3
Aurora (Gun),2026-07-30,55,3
Aurora (Gun),2026-07-31,55,3
Aurora (Gun),2026-08-03,50,
Aurora (Gun),2026-08-04,50,2
Aurora (Gun),2026-08-05,50,2
Aurora (Gun),2026-08-06,50,2
Aurora (Gun),2026-08-07,50,2
Aurora (Gun),2026-08-08,50,2
Aurora (Gun),2026-08-09,50,2
Aurora (Gun),2026-08-10,45,
Aurora (Gun),2026-08-11,45,2
Aurora (Gun),2026-08-13,45,2
Aurora (Gun),2026-08-14,45,2
Aurora (Gun),2026-08-15,45,2
Aurora (Gun),2026-08-16,45,2
Aurora (Gun),2026-08-17,45,2
Aurora (Gun),2026-08-18,45,2
Aurora (Gun),2026-08-19,45,2
Aurora (Gun),2026-08-20,45,2
Aurora (Gun),2026-08-21,45,2
Aurora (Gun),2026-08-22,45,2
Aurora (Gun),2026-08-24,45,2
Aurora (Gun),2026-08-25,45,2
Aurora (Gun),2026-08-30,45,2
Aurora (Gun),2026-09-02,45,2
Aurora (Gun),2026-09-03,45,2
Aurora (Gun),2026-09-04,45,2
Aurora (Gun),2026-09-05,45,2
Aurora (Gun),2026-09-06,45,2
Aurora (Gun),2026-09-07,45,2
Aurora (Gun),2026-09-12,45,2
Aurora (Gun),2026-09-17,45,2
Aurora (Gun),2026-09-18,45,2
Aurora (Gun),2026-09-19,45,2
Aurora (Gun),2026-09-20,45,2
Aurora (Knife),2024-12-06,0.6,
Aurora (Knife),2025-11-24,0.45,2
Aurora (Knife),2025-12-02,0.45,2
Aurora (Knife),2025-12-04,0.45,2
Aurora (Knife),2025-12-08,0.45,2
Aurora (Knife),2025-12-21,0.45,2
Aurora (Knife),2025-12-23,0.45,2
Aurora (Knife),2025-12-24,0.45,2
Aurora (Knife),2025-12-26,0.45,2
Aurora (Knife),2025-12-28,0.45,2
Aurora (Knife),2025-12-30,0.45,2
Aurora (Knife),2026-01-14,0.8,
Aurora (Knife),2026-01-15,0.6,2
Aurora (Knife),2026-01-16,0.6,2
Aurora (Knife),2026-02-19,0.6,2
Aurora (Knife),2026-02-27,0.6,2
Aurora (Knife),2026-02-28,0.6,2
Aurora (Knife),2026-03-06,0.6,2
Aurora (Knife),2026-03-09,0.6,2
Aurora (Knife),2026-03-14,1,
Aurora (Knife),2026-03-15,1,2
Aurora (Knife),2026-03-16,2,
Aurora (Knife),2026-04-14,2,2
Aurora (Knife),2026-05-09,2,2
Aurora (Knife),2026-05-14,2,2
Aurora (Knife),2026-05-24,3,
Aurora (Knife),2026-06-21,3,2
Aurora (Knife),2026-06-22,3,2
Aurora (Knife),2026-06-26,3,2
Aurora (Knife),2026-07-02,3,2
Aurora (Knife),2026-07-03,3,2
Aurora (Knife),2026-07-05,3,2
Aurora (Knife),2026-07-06,3,2
Aurora (Knife),2026-07-09,3,2
Aurora (Knife),2026-07-10,3,2
Aurora (Knife),2026-07-12,3,2
Aurora (Knife),2026-07-14,3,2
Aurora (Knife),2026-07-17,3,2
Aurora (Knife),2026-07-24,3,2
Aurora (Knife),2026-07-27,3,2
Aurora (Knife),2026-07-28,3,2
Aurora (Knife),2026-07-30,3,2
Aurora (Knife),2026-07-31,3,2
Aurora (Knife),2026-08-03,3,2
Aurora (Knife),2026-08-04,3,2
Aurora (Knife),2026-08-05,3,2
Aurora (Knife),2026-08-06,3,2
Aurora (Knife),2026-08-07,3,2
Aurora (Knife),2026-08-08,3,2
Aurora (Knife),2026-08-09,3,2
Aurora (Knife),2026-08-10,3,2
Aurora (Knife),2026-08-11,3,2
Aurora (Knife),2026-08-13,3,2
Aurora (Knife),2026-08-14,3,2
Aurora (Knife),2026-08-15,3,2
Aurora (Knife),2026-08-16,3,2
Aurora (Knife),2026-08-17,3,2
Aurora (Knife),2026-08-18,3,2
Aurora (Knife),2026-08-19,3,2
Aurora (Knife),2026-08-20,3,2
Aurora (Knife),2026-08-21,3,2
Aurora (Knife),2026-08-22,3,2
Aurora (Knife),2026-08-24,3,2
Aurora (Knife),2026-08-25,3,2
Aurora (Knife),2026-08-30,3,2
Aurora (Knife),2026-09-02,3,2
Aurora (Knife),2026-09-03,3,2
Aurora (Knife),2026-09-04,3,2
Aurora (Knife),2026-09-05,3,2
Aurora (Knife),2026-09-06,3,2
Aurora (Knife),2026-09-07,3,2
Aurora (Knife),2026-09-12,3,2
Aurora (Knife),2026-09-17,3,2
Aurora (Knife),2026-09-18,3,2
Aurora (Knife),2026-09-19,3,2
Aurora (Knife),2026-09-20,3,2
Beach,2023-07-11,300,
Beach,2023-07-12,250,
Beach,2023-07-15,200,
Beach,2023-07-19,150,
Beach,2023-07-20,125,
Beach,2023-07-23,100,
Beach,2023-07-24,90,
Beach,2023-07-27,75,
Beach,2023-07-29,70,
Beach,2023-08-01,60,
Beach,2023-08-02,55,
Beach,2023-08-05,50,
Beach,2023-08-07,45,
Beach,2023-08-12,40,
Beach,2023-08-13,30,
Beach,2023-08-16,20,
Beach,2023-08-18,15,
Beach,2023-08-20,8,
Beach,2023-08-21,5,
Beach,2023-08-24,3,
Beach,2023-08-28,2,
Beach,2023-10-15,1,
Beach,2024-03-29,2,
Beach,2024-04-24,3,
Beach,2024-10-16,5,
Beach,2024-10-20,6,
Beach,2024-10-23,8,
Beach,2024-10-26,10,
Beach,2024-10-28,12,
Beach,2024-10-30,15,
Beach,2024-11-03,20,
Beach,2024-11-08,22,
Beach,2024-11-10,25,
Beach,2025-01-03,30,
Beach,2025-01-26,35,
Beach,2025-02-14,30,
Beach,2025-06-29,25,
Beach,2025-07-05,20,
Beach,2025-07-21,15,
Beach,2025-09-17,12,
Beach,2025-09-23,10,
Beach,2025-10-15,12,
Beach,2025-10-19,13,
Beach,2025-11-24,13,2
Beach,2025-12-02,13,2
Beach,2025-12-04,13,2
Beach,2025-12-08,13,2
Beach,2025-12-21,13,2
Beach,2025-12-23,13,2
Beach,2025-12-24,13,2
Beach,2025-12-26,13,2
Beach,2025-12-28,13,2
Beach,2025-12-30,13,2
Beach,2026-01-11,15,
Beach,2026-01-15,15,2
Beach,2026-01-16,15,2
Beach,2026-01-18,17,
Beach,2026-01-20,20,
Beach,2026-01-22,25,
Beach,2026-02-15,30,
Beach,2026-02-19,30,2
Beach,2026-02-27,30,2
Beach,2026-02-28,30,2
Beach,2026-03-06,30,2
Beach,2026-03-09,30,2
Beach,2026-03-15,30,2
Beach,2026-04-14,30,2
Beach,2026-05-09,30,2
Beach,2026-05-14,30,2
Beach,2026-06-21,30,2
Beach,2026-06-22,30,2
Beach,2026-06-26,30,2
Beach,2026-07-02,30,2
Beach,2026-07-03,30,2
Beach,2026-07-05,30,2
Beach,2026-07-06,30,2
Beach,2026-07-07,35,
Beach,2026-07-09,35,2
Beach,2026-07-10,35,2
Beach,2026-07-12,35,2
Beach,2026-07-14,35,2
Beach,2026-07-17,35,2
Beach,2026-07-24,35,2
Beach,2026-07-27,35,2
Beach,2026-07-28,35,2
Beach,2026-07-30,35,2
Beach,2026-07-31,35,2
Beach,2026-08-03,35,2
Beach,2026-08-04,35,2
Beach,2026-08-05,35,2
Beach,2026-08-06,35,2
Beach,2026-08-07,35,2
Beach,2026-08-08,35,2
Beach,2026-08-09,35,2
Beach,2026-08-10,35,2
Beach,2026-08-11,35,2
Beach,2026-08-13,35,2
Beach,2026-08-14,35,2
Beach,2026-08-15,35,2
Beach,2026-08-16,35,2
Beach,2026-08-17,35,2
Beach,2026-08-18,35,2
Beach,2026-08-19,35,2
Beach,2026-08-20,35,2
Beach,2026-08-21,35,2
Beach,2026-08-22,35,2
Beach,2026-08-24,35,2
Beach,2026-08-25,35,2
Beach,2026-08-30,35,2
Beach,2026-09-02,35,2
Beach,2026-09-03,35,2
Beach,2026-09-04,35,2
Beach,2026-09-05,35,2
Beach,2026-09-06,35,2
Beach,2026-09-07,35,2
Beach,2026-09-12,35,2
Beach,2026-09-17,35,2
Beach,2026-09-18,35,2
Beach,2026-09-19,35,2
Beach,2026-09-20,35,2
Blue Elite,2020-08-26,2,
Blue Elite,2021-11-22,5,
Blue Elite,2021-12-13,8,
Blue Elite,2022-01-08,10,
Blue Elite,2022-03-14,15,
Blue Elite,2023-06-01,12,
Blue Elite,2023-08-28,10,
Blue Elite,2023-10-15,8,
Blue Elite,2023-11-01,7,
Blue Elite,2025-02-07,6,
Blue Elite,2025-04-13,5,
Blue Elite,2025-05-21,4,
Blue Elite,2025-09-17,3,
Blue Elite,2025-11-24,3,1
Blue Elite,2025-12-02,3,1
Blue Elite,2025-12-04,3,1
Blue Elite,2025-12-08,3,1
Blue Elite,2025-12-21,3,1
Blue Elite,2025-12-23,3,1
Blue Elite,2025-12-24,3,1
Blue Elite,2025-12-26,3,1
Blue Elite,2025-12-28,3,1
Blue Elite,2025-12-30,3,1
Blue Elite,2026-01-15,3,1
Blue Elite,2026-01-16,3,1
Blue Elite,2026-02-19,3,1
Blue Elite,2026-02-27,3,1
Blue Elite,2026-02-28,3,1
Blue Elite,2026-03-06,3,1
Blue Elite,2026-03-09,3,1
Blue Elite,2026-03-15,3,1
Blue Elite,2026-04-14,3,1
Blue Elite,2026-05-09,3,1
Blue Elite,2026-05-14,3,1
Blue Elite,2026-06-21,3,1
Blue Elite,2026-06-22,3,1
Blue Elite,2026-06-26,3,1
Blue Elite,2026-07-02,3,1
Blue Elite,2026-07-03,3,1
Blue Elite,2026-07-05,3,1
Blue Elite,2026-07-06,3,1
Blue Elite,2026-07-09,3,1
Blue Elite,2026-07-10,3,1
Blue Elite,2026-07-12,3,1
Blue Elite,2026-07-14,3,1
Blue Elite,2026-07-17,3,1
Blue Elite,2026-07-24,3,1
Blue Elite,2026-07-27,3,1
Blue Elite,2026-07-28,3,1
Blue Elite,2026-07-30,3,1
Blue Elite,2026-07-31,3,1
Blue Elite,2026-08-03,3,1
Blue Elite,2026-08-04,3,1
Blue Elite,2026-08-05,3,1
Blue Elite,2026-08-06,3,1
Blue Elite,2026-08-07,3,1
Blue Elite,2026-08-08,3,1
Blue Elite,2026-08-09,3,1
Blue Elite,2026-08-10,3,1
Blue Elite,2026-08-11,3,1
Blue Elite,2026-08-13,3,1
Blue Elite,2026-08-14,3,1
Blue Elite,2026-08-15,3,1
Blue Elite,2026-08-16,3,1
Blue Elite,2026-08-17,3,1
Blue Elite,2026-08-18,3,1
Blue Elite,2026-08-19,3,1
Blue Elite,2026-08-20,3,1
Blue Elite,2026-08-21,3,1
Blue Elite,2026-08-22,3,1
Blue Elite,2026-08-24,3,1
Blue Elite,2026-08-25,3,1
Blue Elite,2026-08-30,3,1
Blue Elite,2026-09-02,3,1
Blue Elite,2026-09-03,3,1
Blue Elite,2026-09-04,3,1
Blue Elite,2026-09-05,3,1
Blue Elite,2026-09-06,3,1
Blue Elite,2026-09-07,3,1
Blue Elite,2026-09-12,3,1
Blue Elite,2026-09-17,3,1
Blue Elite,2026-09-18,3,1
Blue Elite,2026-09-19,3,1
Blue Elite,2026-09-20,3,1
Blue Scratch,2020-08-26,3,
Blue Scratch,2021-11-22,30,
Blue Scratch,2021-11-23,35,
Blue Scratch,2021-11-28,40,
Blue Scratch,2021-12-13,45,
Blue Scratch,2022-02-03,50,
Blue Scratch,2022-02-16,55,
Blue Scratch,2022-03-07,45,
Blue Scratch,2022-03-14,40,
Blue Scratch,2022-04-02,35,
Blue Scratch,2022-05-19,30,
Blue Scratch,2022-06-18,25,
Blue Scratch,2022-07-06,22,
Blue Scratch,2022-07-11,20,
Blue Scratch,2022-07-28,18,
Blue Scratch,2022-08-11,15,
Blue Scratch,2022-12-12,10,
Blue Scratch,2023-06-01,8,
Blue Scratch,2023-08-20,7,
Blue Scratch,2023-08-28,5,
Blue Scratch,2023-10-15,3,
Blue Scratch,2025-02-07,2,
Blue Scratch,2025-11-24,2,1
Blue Scratch,2025-12-02,2,1
Blue Scratch,2025-12-04,2,1
Blue Scratch,2025-12-08,2,1
Blue Scratch,2025-12-21,2,1
Blue Scratch,2025-12-23,2,1
Blue Scratch,2025-12-24,2,1
Blue Scratch,2025-12-26,2,1
Blue Scratch,2025-12-28,2,1
Blue Scratch,2025-12-30,2,1
Blue Scratch,2026-01-15,2,1
Blue Scratch,2026-01-16,2,1
Blue Scratch,2026-02-19,2,1
Blue Scratch,2026-02-27,2,1
Blue Scratch,2026-02-28,2,1
Blue Scratch,2026-03-06,2,1
Blue Scratch,2026-03-09,2,1
Blue Scratch,2026-03-15,2,1
Blue Scratch,2026-04-14,2,1
Blue Scratch,2026-05-09,2,1
Blue Scratch,2026-05-14,2,1
Blue Scratch,2026-06-21,2,1
Blue Scratch,2026-06-22,2,1
Blue Scratch,2026-06-26,2,1
Blue Scratch,2026-07-02,2,1
Blue Scratch,2026-07-03,2,1
Blue Scratch,2026-07-05,2,1
Blue Scratch,2026-07-06,2,1
Blue Scratch,2026-07-09,2,1
Blue Scratch,2026-07-10,2,1
Blue Scratch,2026-07-12,2,1
Blue Scratch,2026-07-14,2,1
Blue Scratch,2026-07-17,2,1
Blue Scratch,2026-07-24,2,1
Blue Scratch,2026-07-27,2,1
Blue Scratch,2026-07-28,2,1
Blue Scratch,2026-07-30,2,1
Blue Scratch,2026-07-31,2,1
Blue Scratch,2026-08-03,2,1
Blue Scratch,2026-08-04,2,1
Blue Scratch,2026-08-05,2,1
Blue Scratch,2026-08-06,2,1
Blue Scratch,2026-08-07,2,1
Blue Scratch,2026-08-08,2,1
Blue Scratch,2026-08-09,2,1
Blue Scratch,2026-08-10,2,1
Blue Scratch,2026-08-11,2,1
Blue Scratch,2026-08-13,2,1
Blue Scratch,2026-08-14,2,1
Blue Scratch,2026-08-15,2,1
Blue Scratch,2026-08-16,2,1
Blue Scratch,2026-08-17,2,1
Blue Scratch,2026-08-18,2,1
Blue Scratch,2026-08-19,2,1
Blue Scratch,2026-08-20,2,1
Blue Scratch,2026-08-21,2,1
Blue Scratch,2026-08-22,2,1
Blue Scratch,2026-08-24,2,1
Blue Scratch,2026-08-25,2,1
Blue Scratch,2026-08-30,2,1
Blue Scratch,2026-09-02,2,1
Blue Scratch,2026-09-03,2,1
Blue Scratch,2026-09-04,2,1
Blue Scratch,2026-09-05,2,1
Blue Scratch,2026-09-06,2,1
Blue Scratch,2026-09-07,2,1
Blue Scratch,2026-09-12,2,1
Blue Scratch,2026-09-17,2,1
Blue Scratch,2026-09-18,2,1
Blue Scratch,2026-09-19,2,1
Blue Scratch,2026-09-20,2,1
Broken,2023-02-05,250,
Broken,2023-02-07,225,
Broken,2023-02-11,200,
Broken,2023-02-13,150,
Broken,2023-02-19,100,
Broken,2023-02-21,60,
Broken,2023-02-25,40,
Broken,2023-02-27,30,
Broken,2023-03-03,20,
Broken,2023-03-06,15,
Broken,2023-03-09,12,
Broken,2023-03-12,10,
Broken,2023-03-15,8,
Broken,2023-03-19,7,
Broken,2023-03-21,5,
Broken,2023-08-01,3,
Broken,2023-10-15,2,
Broken,2024-05-26,3,
Broken,2025-02-07,4,
Broken,2025-02-22,5,
Broken,2025-04-13,7,
Broken,2025-04-15,8,
Broken,2025-09-17,7,
Broken,2025-11-24,7,2
Broken,2025-12-02,7,2
Broken,2025-12-04,7,2
Broken,2025-12-08,7,2
Broken,2025-12-21,7,2
Broken,2025-12-23,7,2
Broken,2025-12-24,7,2
Broken,2025-12-26,7,2
Broken,2025-12-28,7,2
Broken,2025-12-30,7,2
Broken,2026-01-15,7,2
Broken,2026-01-16,7,2
Broken,2026-02-19,7,2
Broken,2026-02-27,7,2
Broken,2026-02-28,7,2
Broken,2026-03-06,7,2
Broken,2026-03-09,7,2
Broken,2026-03-15,7,2
Broken,2026-04-14,7,2
Broken,2026-05-09,7,2
Broken,2026-05-14,7,2
Broken,2026-06-21,7,2
Broken,2026-06-22,7,2
Broken,2026-06-26,7,2
Broken,2026-07-02,7,2
Broken,2026-07-03,7,2
Broken,2026-07-05,7,2
Broken,2026-07-06,7,2
Broken,2026-07-09,7,2
Broken,2026-07-10,7,2
Broken,2026-07-12,7,2
Broken,2026-07-14,7,2
Broken,2026-07-17,7,2
Broken,2026-07-24,7,2
Broken,2026-07-27,7,2
Broken,2026-07-28,7,2
Broken,2026-07-30,7,2
Broken,2026-07-31,7,2
Broken,2026-08-03,7,2
Broken,2026-08-04,7,2
Broken,2026-08-05,7,2
Broken,2026-08-06,7,2
Broken,2026-08-07,7,2
Broken,2026-08-08,7,2
Broken,2026-08-09,7,2
Broken,2026-08-10,7,2
Broken,2026-08-11,7,2
Broken,2026-08-13,7,2
Broken,2026-08-14,7,2
Broken,2026-08-15,7,2
Broken,2026-08-16,7,2
Broken,2026-08-17,7,2
Broken,2026-08-18,7,2
Broken,2026-08-19,7,2
Broken,2026-08-20,7,2
Broken,2026-08-21,7,2
Broken,2026-08-22,7,2
Broken,2026-08-24,7,2
Broken,2026-08-25,7,2
Broken,2026-08-30,7,2
Broken,2026-09-02,7,2
Broken,2026-09-03,7,2
Broken,2026-09-04,7,2
Broken,2026-09-05,7,2
Broken,2026-09-06,7,2
Broken,2026-09-07,7,2
Broken,2026-09-12,7,2
Broken,2026-09-17,7,2
Broken,2026-09-18,7,2
Broken,2026-09-19,7,2
Broken,2026-09-20,7,2
Bubbles,2026-07-24,0,0
Bubbles,2026-07-27,0,0
Bubbles,2026-07-28,2,
Bubbles,2026-07-30,2,2
Bubbles,2026-07-31,1,
Bubbles,2026-08-03,0.8,
Bubbles,2026-08-04,0.6,2
Bubbles,2026-08-05,0.6,2
Bubbles,2026-08-06,0.6,
Bubbles,2026-08-07,0.45,2
Bubbles,2026-08-08,0.45,2
Bubbles,2026-08-09,0.45,2
Bubbles,2026-08-10,0.45,2
Bubbles,2026-08-11,0.45,2
Bubbles,2026-08-13,0.45,2
Bubbles,2026-08-14,0.45,2
Bubbles,2026-08-15,0.45,2
Bubbles,2026-08-16,0.45,2
Bubbles,2026-08-17,0.45,2
Bubbles,2026-08-18,0.45,2
Bubbles,2026-08-19,0.45,2
Bubbles,2026-08-20,0.45,2
Bubbles,2026-08-21,0.45,2
Bubbles,2026-08-22,0.45,2
Bubbles,2026-08-24,0.45,2
Bubbles,2026-08-25,0.45,2
Bubbles,2026-08-26,0.4,
Bubbles,2026-08-30,0.4,
Bubbles,2026-09-02,0.3,2
Bubbles,2026-09-03,0.3,2
Bubbles,2026-09-04,0.3,2
Bubbles,2026-09-05,0.3,2
Bubbles,2026-09-06,0.3,2
Bubbles,2026-09-07,0.3,2
Bubbles,2026-09-12,0.3,2
Bubbles,2026-09-17,0.3,2
Bubbles,2026-09-18,0.3,2
Bubbles,2026-09-19,0.3,2
Bubbles,2026-09-20,0.3,2
Bunnies,2025-04-27,3,
Bunnies,2025-05-28,2,
Bunnies,2025-07-21,1,
Bunnies,2025-09-17,0.8,
Bunnies,2025-11-01,1,
Bunnies,2025-11-04,3,
Bunnies,2025-11-24,3,2
Bunnies,2025-12-02,3,2
Bunnies,2025-12-04,3,2
Bunnies,2025-12-08,3,2
Bunnies,2025-12-21,3,2
Bunnies,2025-12-23,3,2
Bunnies,2025-12-24,3,2
Bunnies,2025-12-26,3,2
Bunnies,2025-12-28,3,2
Bunnies,2025-12-30,3,2
Bunnies,2026-01-15,3,2
Bunnies,2026-01-16,3,2
Bunnies,2026-01-18,4,
Bunnies,2026-02-15,5,
Bunnies,2026-02-19,5,2
Bunnies,2026-02-27,5,2
Bunnies,2026-02-28,5,2
Bunnies,2026-03-06,5,2
Bunnies,2026-03-09,5,2
Bunnies,2026-03-14,4,
Bunnies,2026-03-15,4,2
Bunnies,2026-04-14,4,2
Bunnies,2026-05-09,4,2
Bunnies,2026-05-14,4,2
Bunnies,2026-06-21,4,2
Bunnies,2026-06-22,4,2
Bunnies,2026-06-26,4,2
Bunnies,2026-07-02,4,2
Bunnies,2026-07-03,4,2
Bunnies,2026-07-05,4,2
Bunnies,2026-07-06,4,2
Bunnies,2026-07-09,4,2
Bunnies,2026-07-10,4,2
Bunnies,2026-07-12,4,2
Bunnies,2026-07-14,4,2
Bunnies,2026-07-17,4,2
Bunnies,2026-07-24,4,2
Bunnies,2026-07-27,4,2
Bunnies,2026-07-28,4,2
Bunnies,2026-07-30,4,2
Bunnies,2026-07-31,4,2
Bunnies,2026-08-03,4,2
Bunnies,2026-08-04,4,2
Bunnies,2026-08-05,4,2
Bunnies,2026-08-06,4,2
Bunnies,2026-08-07,4,2
Bunnies,2026-08-08,4,2
Bunnies,2026-08-09,4,2
Bunnies,2026-08-10,4,2
Bunnies,2026-08-11,4,2
Bunnies,2026-08-13,4,2
Bunnies,2026-08-14,4,2
Bunnies,2026-08-15,4,2
Bunnies,2026-08-16,4,2
Bunnies,2026-08-17,4,2
Bunnies,2026-08-18,4,2
Bunnies,2026-08-19,4,2
Bunnies,2026-08-20,4,2
Bunnies,2026-08-21,4,2
Bunnies,2026-08-22,4,2
Bunnies,2026-08-24,4,2
Bunnies,2026-08-25,4,2
Bunnies,2026-08-30,4,2
Bunnies,2026-09-02,4,2
Bunnies,2026-09-03,4,2
Bunnies,2026-09-04,4,2
Bunnies,2026-09-05,4,2
Bunnies,2026-09-06,4,2
Bunnies,2026-09-07,4,2
Bunnies,2026-09-12,4,2
Bunnies,2026-09-17,4,2
Bunnies,2026-09-18,4,2
Bunnies,2026-09-19,4,2
Bunnies,2026-09-20,4,2
Cavern (Gun),2021-11-23,5,
Cavern (Gun),2021-12-13,8,
Cavern (Gun),2022-01-08,10,
Cavern (Gun),2022-03-14,15,
Cavern (Gun),2022-05-19,20,
Cavern (Gun),2022-08-04,18,
Cavern (Gun),2022-08-11,5,
Cavern (Gun),2022-08-30,3,
Cavern (Gun),2022-09-03,1,
Cavern (Gun),2022-11-06,2,
Cavern (Gun),2022-11-12,3,
Cavern (Gun),2022-12-27,2,
Cavern (Gun),2023-01-20,1,
Cavern (Gun),2025-11-24,1,1
Cavern (Gun),2025-12-02,1,1
Cavern (Gun),2025-12-04,1,1
Cavern (Gun),2025-12-08,1,1
Cavern (Gun),2025-12-21,1,1
Cavern (Gun),2025-12-23,1,1
Cavern (Gun),2025-12-24,1,1
Cavern (Gun),2025-12-26,1,1
Cavern (Gun),2025-12-28,1,1
Cavern (Gun),2025-12-30,1,1
Cavern (Gun),2026-01-15,1,1
Cavern (Gun),2026-01-16,1,1
Cavern (Gun),2026-02-19,1,1
Cavern (Gun),2026-02-27,1,1
Cavern (Gun),2026-02-28,1,1
Cavern (Gun),2026-03-06,1,1
Cavern (Gun),2026-03-09,1,1
Cavern (Gun),2026-03-15,1,1
Cavern (Gun),2026-04-14,1,1
Cavern (Gun),2026-05-09,1,1
Cavern (Gun),2026-05-14,1,1
Cavern (Gun),2026-06-21,1,1
Cavern (Gun),2026-06-22,1,1
Cavern (Gun),2026-06-26,1,1
Cavern (Gun),2026-07-02,1,1
Cavern (Gun),2026-07-03,1,1
Cavern (Gun),2026-07-05,1,1
Cavern (Gun),2026-07-06,1,1
Cavern (Gun),2026-07-09,1,1
Cavern (Gun),2026-07-10,1,1
Cavern (Gun),2026-07-12,1,1
Cavern (Gun),2026-07-14,1,1
Cavern (Gun),2026-07-17,1,1
Cavern (Gun),2026-07-24,1,1
Cavern (Gun),2026-07-27,1,1
Cavern (Gun),2026-07-28,1,1
Cavern (Gun),2026-07-30,1,1
Cavern (Gun),2026-07-31,1,1
Cavern (Gun),2026-08-03,1,1
Cavern (Gun),2026-08-04,1,1
Cavern (Gun),2026-08-05,1,1
Cavern (Gun),2026-08-06,1,1
Cavern (Gun),2026-08-07,1,1
Cavern (Gun),2026-08-08,1,1
Cavern (Gun),2026-08-09,1,1
Cavern (Gun),2026-08-10,1,1
Cavern (Gun),2026-08-11,1,1
Cavern (Gun),2026-08-13,1,1
Cavern (Gun),2026-08-14,1,1
Cavern (Gun),2026-08-15,1,1
Cavern (Gun),2026-08-16,1,1
Cavern (Gun),2026-08-17,1,1
Cavern (Gun),2026-08-18,1,1
Cavern (Gun),2026-08-19,1,1
Cavern (Gun),2026-08-20,1,1
Cavern (Gun),2026-08-21,1,1
Cavern (Gun),2026-08-22,1,1
Cavern (Gun),2026-08-24,1,1
Cavern (Gun),2026-08-25,1,1
Cavern (Gun),2026-08-30,1,1
Cavern (Gun),2026-09-02,1,1
Cavern (Gun),2026-09-03,1,1
Cavern (Gun),2026-09-04,1,1
Cavern (Gun),2026-09-05,1,1
Cavern (Gun),2026-09-06,1,1
Cavern (Gun),2026-09-07,1,1
Cavern (Gun),2026-09-12,1,1
Cavern (Gun),2026-09-17,1,1
Cavern (Gun),2026-09-18,1,1
Cavern (Gun),2026-09-19,1,1
Cavern (Gun),2026-09-20,1,1
Cavern (Knife),2020-08-26,1,
Cavern (Knife),2021-11-23,25,
Cavern (Knife),2021-11-28,40,
Cavern (Knife),2021-12-13,65,
Cavern (Knife),2021-12-14,75,
Cavern (Knife),2022-01-08,90,
Cavern (Knife),2022-01-16,95,
Cavern (Knife),2022-02-03,105,
Cavern (Knife),2022-02-16,120,
Cavern (Knife),2022-03-07,135,
Cavern (Knife),2022-03-14,150,
Cavern (Knife),2022-04-02,170,
Cavern (Knife),2022-04-06,185,
Cavern (Knife),2022-05-19,225,
Cavern (Knife),2022-05-26,250,
Cavern (Knife),2022-06-06,275,
Cavern (Knife),2022-06-18,300,
Cavern (Knife),2022-06-20,320,
Cavern (Knife),2022-07-06,350,
Cavern (Knife),2022-07-11,400,
Cavern (Knife),2022-07-28,420,
Cavern (Knife),2022-08-04,410,
Cavern (Knife),2022-08-05,390,
Cavern (Knife),2022-08-11,360,
Cavern (Knife),2022-08-17,330,
Cavern (Knife),2022-08-27,305,
Cavern (Knife),2022-08-30,270,
Cavern (Knife),2022-09-03,230,
Cavern (Knife),2022-09-11,200,
Cavern (Knife),2022-09-14,180,
Cavern (Knife),2022-09-18,155,
Cavern (Knife),2022-09-30,140,
Cavern (Knife),2022-10-03,120,
Cavern (Knife),2022-10-30,125,
Cavern (Knife),2022-11-06,130,
Cavern (Knife),2022-11-12,135,
Cavern (Knife),2022-11-14,140,
Cavern (Knife),2022-11-21,145,
Cavern (Knife),2023-01-08,140,
Cavern (Knife),2023-01-10,135,
Cavern (Knife),2023-01-14,125,
Cavern (Knife),2023-01-20,120,
Cavern (Knife),2023-01-24,100,
Cavern (Knife),2023-03-09,95,
Cavern (Knife),2023-04-27,90,
Cavern (Knife),2023-05-08,80,
Cavern (Knife),2023-05-13,75,
Cavern (Knife),2023-05-20,70,
Cavern (Knife),2023-06-01,65,
Cavern (Knife),2023-06-12,60,
Cavern (Knife),2023-07-06,55,
Cavern (Knife),2023-07-11,50,
Cavern (Knife),2023-08-01,45,
Cavern (Knife),2023-08-28,40,
Cavern (Knife),2023-10-15,30,
Cavern (Knife),2023-11-01,25,
Cavern (Knife),2023-11-09,20,
Cavern (Knife),2023-12-14,17,
Cavern (Knife),2024-03-29,20,
Cavern (Knife),2024-07-29,22,
Cavern (Knife),2025-02-07,25,
Cavern (Knife),2025-05-21,22,
Cavern (Knife),2025-05-24,20,
Cavern (Knife),2025-05-28,18,
Cavern (Knife),2025-06-01,17,
Cavern (Knife),2025-08-03,15,
Cavern (Knife),2025-08-11,13,
Cavern (Knife),2025-09-17,12,
Cavern (Knife),2025-09-23,10,
Cavern (Knife),2025-09-25,8,
Cavern (Knife),2025-10-15,7,
Cavern (Knife),2025-11-24,7,2
Cavern (Knife),2025-12-02,7,2
Cavern (Knife),2025-12-04,7,2
Cavern (Knife),2025-12-08,7,2
Cavern (Knife),2025-12-21,7,2
Cavern (Knife),2025-12-23,7,2
Cavern (Knife),2025-12-24,7,2
Cavern (Knife),2025-12-26,7,2
Cavern (Knife),2025-12-28,7,2
Cavern (Knife),2025-12-30,7,2
Cavern (Knife),2026-01-15,7,2
Cavern (Knife),2026-01-16,7,2
Cavern (Knife),2026-02-19,7,2
Cavern (Knife),2026-02-27,7,2
Cavern (Knife),2026-02-28,7,2
Cavern (Knife),2026-03-06,7,2
Cavern (Knife),2026-03-09,7,2
Cavern (Knife),2026-03-15,7,2
Cavern (Knife),2026-04-14,7,2
Cavern (Knife),2026-05-09,7,2
Cavern (Knife),2026-05-14,7,2
Cavern (Knife),2026-06-21,7,2
Cavern (Knife),2026-06-22,7,2
Cavern (Knife),2026-06-26,7,2
Cavern (Knife),2026-07-02,7,2
Cavern (Knife),2026-07-03,7,2
Cavern (Knife),2026-07-05,7,2
Cavern (Knife),2026-07-06,7,2
Cavern (Knife),2026-07-09,7,2
Cavern (Knife),2026-07-10,7,2
Cavern (Knife),2026-07-12,7,2
Cavern (Knife),2026-07-14,7,2
Cavern (Knife),2026-07-17,7,2
Cavern (Knife),2026-07-24,7,2
Cavern (Knife),2026-07-27,7,2
Cavern (Knife),2026-07-28,7,2
Cavern (Knife),2026-07-30,7,2
Cavern (Knife),2026-07-31,7,2
Cavern (Knife),2026-08-03,7,2
Cavern (Knife),2026-08-04,7,2
Cavern (Knife),2026-08-05,7,2
Cavern (Knife),2026-08-06,7,2
Cavern (Knife),2026-08-07,7,2
Cavern (Knife),2026-08-08,7,2
Cavern (Knife),2026-08-09,7,2
Cavern (Knife),2026-08-10,7,2
Cavern (Knife),2026-08-11,7,2
Cavern (Knife),2026-08-13,7,2
Cavern (Knife),2026-08-14,7,2
Cavern (Knife),2026-08-15,7,2
Cavern (Knife),2026-08-16,7,2
Cavern (Knife),2026-08-17,7,2
Cavern (Knife),2026-08-18,7,2
Cavern (Knife),2026-08-19,7,2
Cavern (Knife),2026-08-20,7,2
Cavern (Knife),2026-08-21,7,2
Cavern (Knife),2026-08-22,7,2
Cavern (Knife),2026-08-24,7,2
Cavern (Knife),2026-08-25,7,2
Cavern (Knife),2026-08-30,7,2
Cavern (Knife),2026-09-02,7,2
Cavern (Knife),2026-09-03,7,2
Cavern (Knife),2026-09-04,7,2
Cavern (Knife),2026-09-05,7,2
Cavern (Knife),2026-09-06,7,2
Cavern (Knife),2026-09-07,7,2
Cavern (Knife),2026-09-12,7,2
Cavern (Knife),2026-09-17,7,2
Cavern (Knife),2026-09-18,7,2
Cavern (Knife),2026-09-19,7,2
Cavern (Knife),2026-09-20,7,2
Chromatic (Gun),2023-04-07,125,
Chromatic (Gun),2023-04-10,70,
Chromatic (Gun),2023-04-12,60,
Chromatic (Gun),2023-04-15,30,
Chromatic (Gun),2023-04-18,20,
Chromatic (Gun),2023-04-21,13,
Chromatic (Gun),2023-04-23,8,
Chromatic (Gun),2023-04-27,3,
Chromatic (Gun),2023-04-30,2,
Chromatic (Gun),2023-05-03,1,
Chromatic (Gun),2023-07-06,0.6,
Chromatic (Gun),2024-11-30,0.8,
Chromatic (Gun),2025-11-24,0.6,2
Chromatic (Gun),2025-12-02,0.6,2
Chromatic (Gun),2025-12-04,0.6,2
Chromatic (Gun),2025-12-08,0.6,2
Chromatic (Gun),2025-12-21,0.6,2
Chromatic (Gun),2025-12-23,0.6,2
Chromatic (Gun),2025-12-24,0.6,2
Chromatic (Gun),2025-12-26,0.6,2
Chromatic (Gun),2025-12-28,0.6,2
Chromatic (Gun),2025-12-30,0.6,2
Chromatic (Gun),2026-01-15,0.6,2
Chromatic (Gun),2026-01-16,0.6,2
Chromatic (Gun),2026-02-19,0.6,2
Chromatic (Gun),2026-02-27,0.6,2
Chromatic (Gun),2026-02-28,0.6,2
Chromatic (Gun),2026-03-06,0.6,2
Chromatic (Gun),2026-03-09,0.6,2
Chromatic (Gun),2026-03-15,0.6,2
Chromatic (Gun),2026-04-14,0.6,2
Chromatic (Gun),2026-05-09,0.6,2
Chromatic (Gun),2026-05-14,0.6,2
Chromatic (Gun),2026-06-21,0.6,2
Chromatic (Gun),2026-06-22,0.6,2
Chromatic (Gun),2026-06-26,0.6,2
Chromatic (Gun),2026-07-02,0.6,2
Chromatic (Gun),2026-07-03,0.6,2
Chromatic (Gun),2026-07-05,0.6,2
Chromatic (Gun),2026-07-06,0.6,2
Chromatic (Gun),2026-07-09,0.6,2
Chromatic (Gun),2026-07-10,0.6,2
Chromatic (Gun),2026-07-12,0.6,2
Chromatic (Gun),2026-07-14,0.6,2
Chromatic (Gun),2026-07-17,0.6,2
Chromatic (Gun),2026-07-24,0.6,2
Chromatic (Gun),2026-07-27,0.6,2
Chromatic (Gun),2026-07-28,0.6,2
Chromatic (Gun),2026-07-30,0.6,2
Chromatic (Gun),2026-07-31,0.6,2
Chromatic (Gun),2026-08-03,0.6,2
Chromatic (Gun),2026-08-04,0.6,2
Chromatic (Gun),2026-08-05,0.6,2
Chromatic (Gun),2026-08-06,0.6,2
Chromatic (Gun),2026-08-07,0.6,2
Chromatic (Gun),2026-08-08,0.6,2
Chromatic (Gun),2026-08-09,0.6,2
Chromatic (Gun),2026-08-10,0.6,2
Chromatic (Gun),2026-08-11,0.6,2
Chromatic (Gun),2026-08-13,0.6,2
Chromatic (Gun),2026-08-14,0.6,2
Chromatic (Gun),2026-08-15,0.6,2
Chromatic (Gun),2026-08-16,0.6,2
Chromatic (Gun),2026-08-17,0.6,2
Chromatic (Gun),2026-08-18,0.6,2
Chromatic (Gun),2026-08-19,0.6,2
Chromatic (Gun),2026-08-20,0.6,2
Chromatic (Gun),2026-08-21,0.6,2
Chromatic (Gun),2026-08-22,0.6,2
Chromatic (Gun),2026-08-24,0.6,2
Chromatic (Gun),2026-08-25,0.6,2
Chromatic (Gun),2026-08-30,0.6,2
Chromatic (Gun),2026-09-02,0.6,2
Chromatic (Gun),2026-09-03,0.6,2
Chromatic (Gun),2026-09-04,0.6,2
Chromatic (Gun),2026-09-05,0.6,2
Chromatic (Gun),2026-09-06,0.6,2
Chromatic (Gun),2026-09-07,0.6,2
Chromatic (Gun),2026-09-12,0.6,2
Chromatic (Gun),2026-09-17,0.6,2
Chromatic (Gun),2026-09-18,0.6,2
Chromatic (Gun),2026-09-19,0.6,2
Chromatic (Gun),2026-09-20,0.6,2
Chromatic (Knife),2023-04-07,125,
Chromatic (Knife),2023-04-10,65,
Chromatic (Knife),2023-04-12,50,
Chromatic (Knife),2023-04-15,25,
Chromatic (Knife),2023-04-18,15,
Chromatic (Knife),2023-04-21,12,
Chromatic (Knife),2023-04-23,7,
Chromatic (Knife),2023-04-27,3,
Chromatic (Knife),2023-04-30,2,
Chromatic (Knife),2023-05-03,1,
Chromatic (Knife),2023-07-06,0.6,
Chromatic (Knife),2023-10-15,0.8,
Chromatic (Knife),2024-11-30,1,
Chromatic (Knife),2025-04-13,2,
Chromatic (Knife),2025-09-23,1,
Chromatic (Knife),2025-11-24,1,2
Chromatic (Knife),2025-12-02,1,2
Chromatic (Knife),2025-12-04,1,2
Chromatic (Knife),2025-12-08,1,2
Chromatic (Knife),2025-12-21,1,2
Chromatic (Knife),2025-12-23,1,2
Chromatic (Knife),2025-12-24,1,2
Chromatic (Knife),2025-12-26,1,2
Chromatic (Knife),2025-12-28,1,2
Chromatic (Knife),2025-12-30,1,2
Chromatic (Knife),2026-01-15,1,2
Chromatic (Knife),2026-01-16,1,2
Chromatic (Knife),2026-02-19,1,2
Chromatic (Knife),2026-02-27,1,2
Chromatic (Knife),2026-02-28,1,2
Chromatic (Knife),2026-03-06,1,2
Chromatic (Knife),2026-03-09,1,2
Chromatic (Knife),2026-03-15,1,2
Chromatic (Knife),2026-04-14,1,2
Chromatic (Knife),2026-05-09,1,2
Chromatic (Knife),2026-05-14,1,2
Chromatic (Knife),2026-06-21,1,2
Chromatic (Knife),2026-06-22,1,2
Chromatic (Knife),2026-06-26,1,2
Chromatic (Knife),2026-07-02,1,2
Chromatic (Knife),2026-07-03,1,2
Chromatic (Knife),2026-07-05,1,2
Chromatic (Knife),2026-07-06,1,2
Chromatic (Knife),2026-07-09,1,2
Chromatic (Knife),2026-07-10,1,2
Chromatic (Knife),2026-07-12,1,2
Chromatic (Knife),2026-07-14,1,2
Chromatic (Knife),2026-07-17,1,2
Chromatic (Knife),2026-07-24,1,2
Chromatic (Knife),2026-07-27,1,2
Chromatic (Knife),2026-07-28,1,2
Chromatic (Knife),2026-07-30,1,2
Chromatic (Knife),2026-07-31,1,2
Chromatic (Knife),2026-08-03,1,2
Chromatic (Knife),2026-08-04,1,2
Chromatic (Knife),2026-08-05,1,2
Chromatic (Knife),2026-08-06,1,2
Chromatic (Knife),2026-08-07,1,2
Chromatic (Knife),2026-08-08,1,2
Chromatic (Knife),2026-08-09,1,2
Chromatic (Knife),2026-08-10,1,2
Chromatic (Knife),2026-08-11,1,2
Chromatic (Knife),2026-08-13,1,2
Chromatic (Knife),2026-08-14,1,2
Chromatic (Knife),2026-08-15,1,2
Chromatic (Knife),2026-08-16,1,2
Chromatic (Knife),2026-08-17,1,2
Chromatic (Knife),2026-08-18,1,2
Chromatic (Knife),2026-08-19,1,2
Chromatic (Knife),2026-08-20,1,2
Chromatic (Knife),2026-08-21,1,2
Chromatic (Knife),2026-08-22,1,2
Chromatic (Knife),2026-08-24,1,2
Chromatic (Knife),2026-08-25,1,2
Chromatic (Knife),2026-08-30,1,2
Chromatic (Knife),2026-09-02,1,2
Chromatic (Knife),2026-09-03,1,2
Chromatic (Knife),2026-09-04,1,2
Chromatic (Knife),2026-09-05,1,2
Chromatic (Knife),2026-09-06,1,2
Chromatic (Knife),2026-09-07,1,2
Chromatic (Knife),2026-09-12,1,2
Chromatic (Knife),2026-09-17,1,2
Chromatic (Knife),2026-09-18,1,2
Chromatic (Knife),2026-09-19,1,2
Chromatic (Knife),2026-09-20,1,2
Cotton Candy,2020-08-26,60,
Cotton Candy,2020-09-19,65,
Cotton Candy,2020-11-26,80,
Cotton Candy,2020-12-03,85,
Cotton Candy,2020-12-14,90,
Cotton Candy,2020-12-28,110,
Cotton Candy,2021-01-22,125,
Cotton Candy,2021-01-26,135,
Cotton Candy,2021-02-22,165,
Cotton Candy,2021-03-09,185,
Cotton Candy,2021-04-08,195,
Cotton Candy,2021-04-26,200,
Cotton Candy,2021-05-07,190,
Cotton Candy,2021-06-13,170,
Cotton Candy,2021-06-18,160,
Cotton Candy,2021-06-28,150,
Cotton Candy,2021-07-18,135,
Cotton Candy,2021-07-21,125,
Cotton Candy,2021-08-17,150,
Cotton Candy,2021-08-23,165,
Cotton Candy,2021-09-05,175,
Cotton Candy,2021-09-09,185,
Cotton Candy,2021-10-25,200,
Cotton Candy,2021-11-22,285,
Cotton Candy,2021-11-28,290,
Cotton Candy,2021-12-13,310,
Cotton Candy,2022-01-08,330,
Cotton Candy,2022-02-16,315,
Cotton Candy,2022-03-07,285,
Cotton Candy,2022-03-14,260,
Cotton Candy,2022-04-02,250,
Cotton Candy,2022-05-19,275,
Cotton Candy,2022-07-06,270,
Cotton Candy,2022-07-11,265,
Cotton Candy,2022-07-28,255,
Cotton Candy,2022-08-04,230,
Cotton Candy,2022-08-05,210,
Cotton Candy,2022-08-11,185,
Cotton Candy,2022-08-17,165,
Cotton Candy,2022-08-27,150,
Cotton Candy,2022-09-03,155,
Cotton Candy,2022-09-11,180,
Cotton Candy,2022-09-14,195,
Cotton Candy,2022-09-18,220,
Cotton Candy,2022-09-30,250,
Cotton Candy,2022-10-03,280,
Cotton Candy,2022-10-09,310,
Cotton Candy,2022-10-12,320,
Cotton Candy,2022-10-18,325,
Cotton Candy,2022-10-30,310,
Cotton Candy,2022-11-06,285,
Cotton Candy,2022-11-12,275,
Cotton Candy,2022-11-14,260,
Cotton Candy,2022-11-21,225,
Cotton Candy,2022-11-26,200,
Cotton Candy,2022-11-29,175,
Cotton Candy,2022-12-02,150,
Cotton Candy,2022-12-04,145,
Cotton Candy,2022-12-12,150,
Cotton Candy,2022-12-13,155,
Cotton Candy,2022-12-18,160,
Cotton Candy,2022-12-20,180,
Cotton Candy,2022-12-23,190,
Cotton Candy,2022-12-27,200,
Cotton Candy,2022-12-31,205,
Cotton Candy,2023-01-01,210,
Cotton Candy,2023-01-08,220,
Cotton Candy,2023-02-02,210,
Cotton Candy,2023-02-05,200,
Cotton Candy,2023-03-09,195,
Cotton Candy,2023-03-30,200,
Cotton Candy,2023-04-04,205,
Cotton Candy,2023-04-05,215,
Cotton Candy,2023-04-07,220,
Cotton Candy,2023-04-10,225,
Cotton Candy,2023-04-18,230,
Cotton Candy,2023-04-21,240,
Cotton Candy,2023-04-23,250,
Cotton Candy,2023-04-27,255,
Cotton Candy,2023-04-30,260,
Cotton Candy,2023-05-08,255,
Cotton Candy,2023-05-10,245,
Cotton Candy,2023-05-13,235,
Cotton Candy,2023-05-16,220,
Cotton Candy,2023-05-20,195,
Cotton Candy,2023-05-22,190,
Cotton Candy,2023-05-27,175,
Cotton Candy,2023-06-01,165,
Cotton Candy,2023-06-07,160,
Cotton Candy,2023-06-13,170,
Cotton Candy,2023-06-18,175,
Cotton Candy,2023-06-21,180,
Cotton Candy,2023-06-26,185,
Cotton Candy,2023-06-30,205,
Cotton Candy,2023-07-06,210,
Cotton Candy,2023-07-11,215,
Cotton Candy,2023-07-15,220,
Cotton Candy,2023-07-20,215,
Cotton Candy,2023-07-23,210,
Cotton Candy,2023-07-24,200,
Cotton Candy,2023-07-27,185,
Cotton Candy,2023-07-29,180,
Cotton Candy,2023-08-01,170,
Cotton Candy,2023-08-02,165,
Cotton Candy,2023-08-05,160,
Cotton Candy,2023-08-12,150,
Cotton Candy,2023-08-16,145,
Cotton Candy,2023-08-20,140,
Cotton Candy,2023-09-05,135,
Cotton Candy,2023-09-06,130,
Cotton Candy,2023-09-08,120,
Cotton Candy,2023-09-09,110,
Cotton Candy,2023-09-11,100,
Cotton Candy,2023-09-14,90,
Cotton Candy,2023-09-16,85,
Cotton Candy,2023-09-20,80,
Cotton Candy,2023-09-23,75,
Cotton Candy,2023-09-27,65,
Cotton Candy,2023-10-01,60,
Cotton Candy,2023-10-07,55,
Cotton Candy,2023-10-08,50,
Cotton Candy,2023-10-15,55,
Cotton Candy,2023-10-18,60,
Cotton Candy,2023-10-21,65,
Cotton Candy,2023-10-23,70,
Cotton Candy,2023-10-26,75,
Cotton Candy,2023-10-28,80,
Cotton Candy,2023-11-09,85,
Cotton Candy,2023-11-17,80,
Cotton Candy,2023-11-22,75,
Cotton Candy,2023-12-14,70,
Cotton Candy,2024-01-19,65,
Cotton Candy,2024-01-26,70,
Cotton Candy,2024-02-20,75,
Cotton Candy,2024-03-04,70,
Cotton Candy,2024-03-29,75,
Cotton Candy,2024-03-31,70,
Cotton Candy,2024-04-03,65,
Cotton Candy,2024-04-21,60,
Cotton Candy,2024-05-01,55,
Cotton Candy,2024-05-31,50,
Cotton Candy,2024-07-06,55,
Cotton Candy,2024-07-11,60,
Cotton Candy,2024-07-29,65,
Cotton Candy,2024-11-18,68,
Cotton Candy,2025-01-03,70,
Cotton Candy,2025-01-10,65,
Cotton Candy,2025-04-13,60,
Cotton Candy,2025-05-21,55,
Cotton Candy,2025-05-28,50,
Cotton Candy,2025-09-03,45,
Cotton Candy,2025-09-18,40,
Cotton Candy,2025-11-24,40,3
Cotton Candy,2025-12-02,40,3
Cotton Candy,2025-12-04,40,3
Cotton Candy,2025-12-08,40,3
Cotton Candy,2025-12-21,40,3
Cotton Candy,2025-12-23,40,3
Cotton Candy,2025-12-24,40,3
Cotton Candy,2025-12-26,40,3
Cotton Candy,2025-12-28,40,3
Cotton Candy,2025-12-30,40,3
Cotton Candy,2026-01-15,40,3
Cotton Candy,2026-01-16,40,3
Cotton Candy,2026-02-19,40,2
Cotton Candy,2026-02-27,40,2
Cotton Candy,2026-02-28,40,2
Cotton Candy,2026-03-06,40,2
Cotton Candy,2026-03-09,40,2
Cotton Candy,2026-03-15,40,2
Cotton Candy,2026-04-14,40,2
Cotton Candy,2026-05-09,40,2
Cotton Candy,2026-05-14,40,2
Cotton Candy,2026-06-21,40,2
Cotton Candy,2026-06-22,40,2
Cotton Candy,2026-06-26,40,2
Cotton Candy,2026-07-02,40,2
Cotton Candy,2026-07-03,40,2
Cotton Candy,2026-07-05,40,2
Cotton Candy,2026-07-06,40,2
Cotton Candy,2026-07-09,40,2
Cotton Candy,2026-07-10,40,2
Cotton Candy,2026-07-12,40,2
Cotton Candy,2026-07-14,40,2
Cotton Candy,2026-07-17,40,2
Cotton Candy,2026-07-24,38,
Cotton Candy,2026-07-27,38,2
Cotton Candy,2026-07-28,35,
Cotton Candy,2026-07-30,35,2
Cotton Candy,2026-07-31,35,2
Cotton Candy,2026-08-03,35,2
Cotton Candy,2026-08-04,35,2
Cotton Candy,2026-08-05,35,2
Cotton Candy,2026-08-06,35,2
Cotton Candy,2026-08-07,35,2
Cotton Candy,2026-08-08,35,2
Cotton Candy,2026-08-09,35,2
Cotton Candy,2026-08-10,35,2
Cotton Candy,2026-08-11,35,2
Cotton Candy,2026-08-13,35,2
Cotton Candy,2026-08-14,35,2
Cotton Candy,2026-08-15,35,2
Cotton Candy,2026-08-16,35,2
Cotton Candy,2026-08-17,35,2
Cotton Candy,2026-08-18,35,2
Cotton Candy,2026-08-19,35,2
Cotton Candy,2026-08-20,35,2
Cotton Candy,2026-08-21,35,2
Cotton Candy,2026-08-22,35,2
Cotton Candy,2026-08-24,35,2
Cotton Candy,2026-08-25,35,2
Cotton Candy,2026-08-30,35,2
Cotton Candy,2026-09-02,35,2
Cotton Candy,2026-09-03,35,2
Cotton Candy,2026-09-04,35,2
Cotton Candy,2026-09-05,35,2
Cotton Candy,2026-09-06,35,2
Cotton Candy,2026-09-07,35,2
Cotton Candy,2026-09-12,35,2
Cotton Candy,2026-09-17,35,2
Cotton Candy,2026-09-18,35,2
Cotton Candy,2026-09-19,35,2
Cotton Candy,2026-09-20,35,2
Cupid,2026-02-19,1,
Cupid,2026-02-27,1,2
Cupid,2026-02-28,1,2
Cupid,2026-03-04,0.8,
Cupid,2026-03-06,0.6,2
Cupid,2026-03-09,0.6,
Cupid,2026-03-15,0.45,2
Cupid,2026-04-14,0.45,2
Cupid,2026-05-09,0.45,2
Cupid,2026-05-14,0.45,2
Cupid,2026-06-21,0.45,2
Cupid,2026-06-22,0.45,2
Cupid,2026-06-26,0.45,2
Cupid,2026-07-02,0.45,2
Cupid,2026-07-03,0.45,2
Cupid,2026-07-05,0.45,2
Cupid,2026-07-06,0.45,2
Cupid,2026-07-07,0.4,
Cupid,2026-07-09,0.3,2
Cupid,2026-07-10,0.3,2
Cupid,2026-07-12,0.3,2
Cupid,2026-07-14,0.3,2
Cupid,2026-07-17,0.3,2
Cupid,2026-07-24,0.3,2
Cupid,2026-07-27,0.3,2
Cupid,2026-07-28,0.3,2
Cupid,2026-07-30,0.3,2
Cupid,2026-07-31,0.3,2
Cupid,2026-08-03,0.3,2
Cupid,2026-08-04,0.3,2
Cupid,2026-08-05,0.3,2
Cupid,2026-08-06,0.3,2
Cupid,2026-08-07,0.3,2
Cupid,2026-08-08,0.3,2
Cupid,2026-08-09,0.3,2
Cupid,2026-08-10,0.3,2
Cupid,2026-08-11,0.3,2
Cupid,2026-08-13,0.3,2
Cupid,2026-08-14,0.3,2
Cupid,2026-08-15,0.3,2
Cupid,2026-08-16,0.3,2
Cupid,2026-08-17,0.3,2
Cupid,2026-08-18,0.3,2
Cupid,2026-08-19,0.3,2
Cupid,2026-08-20,0.3,2
Cupid,2026-08-21,0.3,2
Cupid,2026-08-22,0.3,2
Cupid,2026-08-24,0.3,2
Cupid,2026-08-25,0.3,2
Cupid,2026-08-30,0.3,2
Cupid,2026-09-02,0.3,2
Cupid,2026-09-03,0.3,2
Cupid,2026-09-04,0.3,2
Cupid,2026-09-05,0.3,2
Cupid,2026-09-06,0.3,2
Cupid,2026-09-07,0.3,2
Cupid,2026-09-12,0.3,2
Cupid,2026-09-17,0.3,2
Cupid,2026-09-18,0.3,2
Cupid,2026-09-19,0.3,2
Cupid,2026-09-20,0.3,2
Cursed (Gun),2024-10-28,2,
Cursed (Gun),2024-11-02,1,
Cursed (Gun),2024-11-18,0.8,
Cursed (Gun),2024-11-30,0.4,
Cursed (Gun),2025-11-24,0.3,2
Cursed (Gun),2025-12-02,0.3,2
Cursed (Gun),2025-12-04,0.3,2
Cursed (Gun),2025-12-08,0.3,2
Cursed (Gun),2025-12-21,0.3,2
Cursed (Gun),2025-12-23,0.3,2
Cursed (Gun),2025-12-24,0.3,2
Cursed (Gun),2025-12-26,0.3,2
Cursed (Gun),2025-12-28,0.3,2
Cursed (Gun),2025-12-30,0.3,2
Cursed (Gun),2026-01-15,0.3,2
Cursed (Gun),2026-01-16,0.3,2
Cursed (Gun),2026-02-19,0.3,2
Cursed (Gun),2026-02-27,0.3,2
Cursed (Gun),2026-02-28,0.3,2
Cursed (Gun),2026-03-06,0.3,2
Cursed (Gun),2026-03-09,0.3,2
Cursed (Gun),2026-03-15,0.3,2
Cursed (Gun),2026-04-14,0.3,2
Cursed (Gun),2026-05-09,0.3,2
Cursed (Gun),2026-05-14,0.3,2
Cursed (Gun),2026-06-17,0.6,
Cursed (Gun),2026-06-21,0.45,2
Cursed (Gun),2026-06-22,0.45,2
Cursed (Gun),2026-06-26,0.45,2
Cursed (Gun),2026-07-02,0.45,2
Cursed (Gun),2026-07-03,0.45,2
Cursed (Gun),2026-07-05,0.45,2
Cursed (Gun),2026-07-06,0.45,2
Cursed (Gun),2026-07-09,0.45,2
Cursed (Gun),2026-07-10,0.45,2
Cursed (Gun),2026-07-12,0.45,2
Cursed (Gun),2026-07-14,0.45,2
Cursed (Gun),2026-07-17,0.45,2
Cursed (Gun),2026-07-24,0.45,2
Cursed (Gun),2026-07-27,0.45,2
Cursed (Gun),2026-07-28,0.45,2
Cursed (Gun),2026-07-30,0.45,2
Cursed (Gun),2026-07-31,0.45,2
Cursed (Gun),2026-08-03,0.45,2
Cursed (Gun),2026-08-04,0.45,2
Cursed (Gun),2026-08-05,0.45,2
Cursed (Gun),2026-08-06,0.45,2
Cursed (Gun),2026-08-07,0.45,2
Cursed (Gun),2026-08-08,0.45,2
Cursed (Gun),2026-08-09,0.45,2
Cursed (Gun),2026-08-10,0.45,2
Cursed (Gun),2026-08-11,0.45,2
Cursed (Gun),2026-08-13,0.45,2
Cursed (Gun),2026-08-14,0.45,2
Cursed (Gun),2026-08-15,0.45,2
Cursed (Gun),2026-08-16,0.45,2
Cursed (Gun),2026-08-17,0.45,2
Cursed (Gun),2026-08-18,0.45,2
Cursed (Gun),2026-08-19,0.45,2
Cursed (Gun),2026-08-20,0.45,2
Cursed (Gun),2026-08-21,0.45,2
Cursed (Gun),2026-08-22,0.45,2
Cursed (Gun),2026-08-24,0.45,2
Cursed (Gun),2026-08-25,0.45,2
Cursed (Gun),2026-08-30,0.45,2
Cursed (Gun),2026-09-02,0.45,2
Cursed (Gun),2026-09-03,0.45,2
Cursed (Gun),2026-09-04,0.45,2
Cursed (Gun),2026-09-05,0.45,2
Cursed (Gun),2026-09-06,0.45,2
Cursed (Gun),2026-09-07,0.45,2
Cursed (Gun),2026-09-12,0.45,2
Cursed (Gun),2026-09-17,0.45,2
Cursed (Gun),2026-09-18,0.45,2
Cursed (Gun),2026-09-19,0.45,2
Cursed (Gun),2026-09-20,0.45,2
Cursed (Knife),2024-10-28,8,
Cursed (Knife),2024-11-02,7,
Cursed (Knife),2024-11-08,5,
Cursed (Knife),2024-11-18,4,
Cursed (Knife),2024-11-22,3,
Cursed (Knife),2024-11-30,2,
Cursed (Knife),2025-02-22,1,
Cursed (Knife),2025-04-13,0.8,
Cursed (Knife),2025-09-23,0.6,
Cursed (Knife),2025-11-24,0.45,2
Cursed (Knife),2025-12-02,0.45,2
Cursed (Knife),2025-12-04,0.45,2
Cursed (Knife),2025-12-08,0.45,2
Cursed (Knife),2025-12-21,0.45,2
Cursed (Knife),2025-12-23,0.45,2
Cursed (Knife),2025-12-24,0.45,2
Cursed (Knife),2025-12-26,0.45,2
Cursed (Knife),2025-12-28,0.45,2
Cursed (Knife),2025-12-30,0.45,2
Cursed (Knife),2026-01-15,0.45,2
Cursed (Knife),2026-01-16,0.45,2
Cursed (Knife),2026-02-19,0.45,2
Cursed (Knife),2026-02-27,0.45,2
Cursed (Knife),2026-02-28,0.45,2
Cursed (Knife),2026-03-06,0.45,2
Cursed (Knife),2026-03-09,0.45,2
Cursed (Knife),2026-03-15,0.45,2
Cursed (Knife),2026-04-14,0.45,2
Cursed (Knife),2026-05-09,0.45,2
Cursed (Knife),2026-05-14,0.45,2
Cursed (Knife),2026-06-17,0.8,
Cursed (Knife),2026-06-21,0.6,2
Cursed (Knife),2026-06-22,0.6,2
Cursed (Knife),2026-06-26,0.6,2
Cursed (Knife),2026-07-02,0.6,2
Cursed (Knife),2026-07-03,0.6,2
Cursed (Knife),2026-07-05,0.6,2
Cursed (Knife),2026-07-06,0.6,2
Cursed (Knife),2026-07-09,0.6,2
Cursed (Knife),2026-07-10,0.6,2
Cursed (Knife),2026-07-12,0.6,2
Cursed (Knife),2026-07-14,0.6,2
Cursed (Knife),2026-07-17,0.6,2
Cursed (Knife),2026-07-24,0.6,2
Cursed (Knife),2026-07-27,0.6,2
Cursed (Knife),2026-07-28,0.6,2
Cursed (Knife),2026-07-30,0.6,2
Cursed (Knife),2026-07-31,0.6,2
Cursed (Knife),2026-08-03,0.6,2
Cursed (Knife),2026-08-04,0.6,2
Cursed (Knife),2026-08-05,0.6,2
Cursed (Knife),2026-08-06,0.6,2
Cursed (Knife),2026-08-07,0.6,2
Cursed (Knife),2026-08-08,0.6,2
Cursed (Knife),2026-08-09,0.6,2
Cursed (Knife),2026-08-10,0.6,2
Cursed (Knife),2026-08-11,0.6,2
Cursed (Knife),2026-08-13,0.6,2
Cursed (Knife),2026-08-14,0.6,2
Cursed (Knife),2026-08-15,0.6,2
Cursed (Knife),2026-08-16,0.6,2
Cursed (Knife),2026-08-17,0.6,2
Cursed (Knife),2026-08-18,0.6,2
Cursed (Knife),2026-08-19,0.6,2
Cursed (Knife),2026-08-20,0.6,2
Cursed (Knife),2026-08-21,0.6,2
Cursed (Knife),2026-08-22,0.6,2
Cursed (Knife),2026-08-24,0.6,2
Cursed (Knife),2026-08-25,0.6,2
Cursed (Knife),2026-08-30,0.6,2
Cursed (Knife),2026-09-02,0.6,2
Cursed (Knife),2026-09-03,0.6,2
Cursed (Knife),2026-09-04,0.6,2
Cursed (Knife),2026-09-05,0.6,2
Cursed (Knife),2026-09-06,0.6,2
Cursed (Knife),2026-09-07,0.6,2
Cursed (Knife),2026-09-12,0.6,2
Cursed (Knife),2026-09-17,0.6,2
Cursed (Knife),2026-09-18,0.6,2
Cursed (Knife),2026-09-19,0.6,2
Cursed (Knife),2026-09-20,0.6,2
Elite,2024-03-29,0.15,
Elite,2025-11-24,0.09,1
Elite,2025-12-02,0.09,1
Elite,2025-12-04,0.09,1
Elite,2025-12-08,0.09,1
Elite,2025-12-21,0.09,1
Elite,2025-12-23,0.09,1
Elite,2025-12-24,0.09,1
Elite,2025-12-26,0.09,1
Elite,2025-12-28,0.09,1
Elite,2025-12-30,0.09,1
Elite,2026-01-15,0.09,1
Elite,2026-01-16,0.09,1
Elite,2026-02-19,0.09,1
Elite,2026-02-27,0.09,1
Elite,2026-02-28,0.09,1
Elite,2026-03-06,0.09,1
Elite,2026-03-09,0.09,1
Elite,2026-03-15,0.09,1
Elite,2026-04-14,0.09,1
Elite,2026-05-09,0.09,1
Elite,2026-05-14,0.09,1
Elite,2026-06-21,0.09,1
Elite,2026-06-22,0.09,1
Elite,2026-06-26,0.09,1
Elite,2026-07-02,0.09,1
Elite,2026-07-03,0.09,1
Elite,2026-07-05,0.09,1
Elite,2026-07-06,0.09,1
Elite,2026-07-09,0.09,1
Elite,2026-07-10,0.09,1
Elite,2026-07-12,0.09,1
Elite,2026-07-14,0.09,1
Elite,2026-07-17,0.09,1
Elite,2026-07-24,0.09,1
Elite,2026-07-27,0.09,1
Elite,2026-07-28,0.09,1
Elite,2026-07-30,0.09,1
Elite,2026-07-31,0.09,1
Elite,2026-08-03,0.09,1
Elite,2026-08-04,0.09,1
Elite,2026-08-05,0.09,1
Elite,2026-08-06,0.09,1
Elite,2026-08-07,0.09,1
Elite,2026-08-08,0.09,1
Elite,2026-08-09,0.09,1
Elite,2026-08-10,0.09,1
Elite,2026-08-11,0.09,1
Elite,2026-08-13,0.09,1
Elite,2026-08-14,0.09,1
Elite,2026-08-15,0.09,1
Elite,2026-08-16,0.09,1
Elite,2026-08-17,0.09,1
Elite,2026-08-18,0.09,1
Elite,2026-08-19,0.09,1
Elite,2026-08-20,0.09,1
Elite,2026-08-21,0.09,1
Elite,2026-08-22,0.09,1
Elite,2026-08-24,0.09,1
Elite,2026-08-25,0.09,1
Elite,2026-08-30,0.09,1
Elite,2026-09-02,0.09,1
Elite,2026-09-03,0.09,1
Elite,2026-09-04,0.09,1
Elite,2026-09-05,0.09,1
Elite,2026-09-06,0.09,1
Elite,2026-09-07,0.09,1
Elite,2026-09-12,0.09,1
Elite,2026-09-17,0.09,1
Elite,2026-09-18,0.09,1
Elite,2026-09-19,0.09,1
Elite,2026-09-20,0.09,1
Emerald,2023-10-15,0.8,
Emerald,2025-11-24,0.6,2
Emerald,2025-12-02,0.6,2
Emerald,2025-12-04,0.6,2
Emerald,2025-12-08,0.6,2
Emerald,2025-12-21,0.6,2
Emerald,2025-12-23,0.6,2
Emerald,2025-12-24,0.6,2
Emerald,2025-12-26,0.6,2
Emerald,2025-12-28,0.6,2
Emerald,2025-12-30,0.6,2
Emerald,2026-01-15,0.6,2
Emerald,2026-01-16,0.6,2
Emerald,2026-02-19,0.6,2
Emerald,2026-02-27,0.6,2
Emerald,2026-02-28,0.6,2
Emerald,2026-03-06,0.6,2
Emerald,2026-03-09,0.6,2
Emerald,2026-03-15,0.6,2
Emerald,2026-04-14,0.6,2
Emerald,2026-05-09,0.6,2
Emerald,2026-05-14,0.6,2
Emerald,2026-06-21,0.6,2
Emerald,2026-06-22,0.6,2
Emerald,2026-06-26,0.6,2
Emerald,2026-07-02,0.6,2
Emerald,2026-07-03,0.6,2
Emerald,2026-07-05,0.6,2
Emerald,2026-07-06,0.6,2
Emerald,2026-07-09,0.6,2
Emerald,2026-07-10,0.6,2
Emerald,2026-07-12,0.6,2
Emerald,2026-07-14,0.6,2
Emerald,2026-07-17,0.6,2
Emerald,2026-07-24,0.6,2
Emerald,2026-07-27,0.6,2
Emerald,2026-07-28,0.6,2
Emerald,2026-07-30,0.6,2
Emerald,2026-07-31,0.6,2
Emerald,2026-08-03,0.6,2
Emerald,2026-08-04,0.6,2
Emerald,2026-08-05,0.6,2
Emerald,2026-08-06,0.6,2
Emerald,2026-08-07,0.6,2
Emerald,2026-08-08,0.6,2
Emerald,2026-08-09,0.6,2
Emerald,2026-08-10,0.6,2
Emerald,2026-08-11,0.6,2
Emerald,2026-08-13,0.6,2
Emerald,2026-08-14,0.6,2
Emerald,2026-08-15,0.6,2
Emerald,2026-08-16,0.6,2
Emerald,2026-08-17,0.6,2
Emerald,2026-08-18,0.6,2
Emerald,2026-08-19,0.6,2
Emerald,2026-08-20,0.6,2
Emerald,2026-08-21,0.6,2
Emerald,2026-08-22,0.6,2
Emerald,2026-08-24,0.6,2
Emerald,2026-08-25,0.6,2
Emerald,2026-08-30,0.6,2
Emerald,2026-09-02,0.6,2
Emerald,2026-09-03,0.6,2
Emerald,2026-09-04,0.6,2
Emerald,2026-09-05,0.6,2
Emerald,2026-09-06,0.6,2
Emerald,2026-09-07,0.6,2
Emerald,2026-09-12,0.6,2
Emerald,2026-09-17,0.6,2
Emerald,2026-09-18,0.6,2
Emerald,2026-09-19,0.6,2
Emerald,2026-09-20,0.6,2
Energized (Gun),2025-10-28,2,
Energized (Gun),2025-11-24,2,2
Energized (Gun),2025-12-02,2,2
Energized (Gun),2025-12-04,2,2
Energized (Gun),2025-12-08,2,2
Energized (Gun),2025-12-18,1,
Energized (Gun),2025-12-21,1,2
Energized (Gun),2025-12-23,1,2
Energized (Gun),2025-12-24,1,2
Energized (Gun),2025-12-26,1,2
Energized (Gun),2025-12-28,1,2
Energized (Gun),2025-12-30,1,2
Energized (Gun),2026-01-15,1,2
Energized (Gun),2026-01-16,1,2
Energized (Gun),2026-02-19,1,2
Energized (Gun),2026-02-27,1,2
Energized (Gun),2026-02-28,1,2
Energized (Gun),2026-03-06,1,2
Energized (Gun),2026-03-09,1,2
Energized (Gun),2026-03-15,1,2
Energized (Gun),2026-04-14,1,2
Energized (Gun),2026-05-09,1,2
Energized (Gun),2026-05-14,1,2
Energized (Gun),2026-06-17,2,
Energized (Gun),2026-06-21,2,2
Energized (Gun),2026-06-22,2,2
Energized (Gun),2026-06-26,2,2
Energized (Gun),2026-07-02,2,2
Energized (Gun),2026-07-03,2,2
Energized (Gun),2026-07-05,2,2
Energized (Gun),2026-07-06,2,2
Energized (Gun),2026-07-09,2,2
Energized (Gun),2026-07-10,2,2
Energized (Gun),2026-07-12,2,2
Energized (Gun),2026-07-14,2,2
Energized (Gun),2026-07-17,2,2
Energized (Gun),2026-07-24,2,2
Energized (Gun),2026-07-27,2,2
Energized (Gun),2026-07-28,2,2
Energized (Gun),2026-07-30,2,2
Energized (Gun),2026-07-31,2,2
Energized (Gun),2026-08-03,2,2
Energized (Gun),2026-08-04,2,2
Energized (Gun),2026-08-05,2,2
Energized (Gun),2026-08-06,2,2
Energized (Gun),2026-08-07,2,2
Energized (Gun),2026-08-08,2,2
Energized (Gun),2026-08-09,2,2
Energized (Gun),2026-08-10,2,2
Energized (Gun),2026-08-11,2,2
Energized (Gun),2026-08-13,2,2
Energized (Gun),2026-08-14,2,2
Energized (Gun),2026-08-15,2,2
Energized (Gun),2026-08-16,2,2
Energized (Gun),2026-08-17,2,2
Energized (Gun),2026-08-18,2,2
Energized (Gun),2026-08-19,2,2
Energized (Gun),2026-08-20,2,2
Energized (Gun),2026-08-21,2,2
Energized (Gun),2026-08-22,2,2
Energized (Gun),2026-08-24,2,2
Energized (Gun),2026-08-25,2,2
Energized (Gun),2026-08-30,2,2
Energized (Gun),2026-09-02,2,2
Energized (Gun),2026-09-03,2,2
Energized (Gun),2026-09-04,2,2
Energized (Gun),2026-09-05,2,2
Energized (Gun),2026-09-06,2,2
Energized (Gun),2026-09-07,2,2
Energized (Gun),2026-09-12,2,2
Energized (Gun),2026-09-17,2,2
Energized (Gun),2026-09-18,2,2
Energized (Gun),2026-09-19,2,2
Energized (Gun),2026-09-20,2,2
Energized (Knife),2025-10-28,2,
Energized (Knife),2025-11-24,2,2
Energized (Knife),2025-11-30,1,
Energized (Knife),2025-12-02,1,2
Energized (Knife),2025-12-04,1,2
Energized (Knife),2025-12-08,1,2
Energized (Knife),2025-12-18,0.8,
Energized (Knife),2025-12-21,0.6,2
Energized (Knife),2025-12-23,0.6,2
Energized (Knife),2025-12-24,0.6,2
Energized (Knife),2025-12-26,0.6,2
Energized (Knife),2025-12-28,0.6,2
Energized (Knife),2025-12-30,0.6,2
Energized (Knife),2026-01-15,0.6,2
Energized (Knife),2026-01-16,0.6,2
Energized (Knife),2026-02-19,0.6,2
Energized (Knife),2026-02-27,0.6,2
Energized (Knife),2026-02-28,0.6,2
Energized (Knife),2026-03-06,0.6,2
Energized (Knife),2026-03-09,0.6,2
Energized (Knife),2026-03-15,0.6,2
Energized (Knife),2026-04-14,0.6,2
Energized (Knife),2026-05-09,0.6,2
Energized (Knife),2026-05-14,0.6,2
Energized (Knife),2026-06-21,0.6,2
Energized (Knife),2026-06-22,0.6,2
Energized (Knife),2026-06-26,0.6,2
Energized (Knife),2026-07-02,0.6,2
Energized (Knife),2026-07-03,0.6,2
Energized (Knife),2026-07-05,0.6,2
Energized (Knife),2026-07-06,0.6,2
Energized (Knife),2026-07-09,0.6,2
Energized (Knife),2026-07-10,0.6,2
Energized (Knife),2026-07-12,0.6,2
Energized (Knife),2026-07-14,0.6,2
Energized (Knife),2026-07-17,0.6,2
Energized (Knife),2026-07-24,0.6,2
Energized (Knife),2026-07-27,0.6,2
Energized (Knife),2026-07-28,0.6,2
Energized (Knife),2026-07-30,0.6,2
Energized (Knife),2026-07-31,0.6,2
Energized (Knife),2026-08-03,0.6,2
Energized (Knife),2026-08-04,0.6,2
Energized (Knife),2026-08-05,0.6,2
Energized (Knife),2026-08-06,0.6,2
Energized (Knife),2026-08-07,0.6,2
Energized (Knife),2026-08-08,0.6,2
Energized (Knife),2026-08-09,0.6,2
Energized (Knife),2026-08-10,0.6,2
Energized (Knife),2026-08-11,0.6,2
Energized (Knife),2026-08-13,0.6,2
Energized (Knife),2026-08-14,0.6,2
Energized (Knife),2026-08-15,0.6,2
Energized (Knife),2026-08-16,0.6,2
Energized (Knife),2026-08-17,0.6,2
Energized (Knife),2026-08-18,0.6,2
Energized (Knife),2026-08-19,0.6,2
Energized (Knife),2026-08-20,0.6,2
Energized (Knife),2026-08-21,0.6,2
Energized (Knife),2026-08-22,0.6,2
Energized (Knife),2026-08-24,0.6,2
Energized (Knife),2026-08-25,0.6,2
Energized (Knife),2026-08-30,0.6,2
Energized (Knife),2026-09-02,0.6,2
Energized (Knife),2026-09-03,0.6,2
Energized (Knife),2026-09-04,0.6,2
Energized (Knife),2026-09-05,0.6,2
Energized (Knife),2026-09-06,0.6,2
Energized (Knife),2026-09-07,0.6,2
Energized (Knife),2026-09-12,0.6,2
Energized (Knife),2026-09-17,0.6,2
Energized (Knife),2026-09-18,0.6,2
Energized (Knife),2026-09-19,0.6,2
Energized (Knife),2026-09-20,0.6,2
Fade,2025-11-24,0.12,1
Fade,2025-12-02,0.12,1
Fade,2025-12-04,0.12,1
Fade,2025-12-08,0.12,1
Fade,2025-12-21,0.12,1
Fade,2025-12-23,0.12,1
Fade,2025-12-24,0.12,1
Fade,2025-12-26,0.12,1
Fade,2025-12-28,0.12,1
Fade,2025-12-30,0.12,1
Fade,2026-01-15,0.12,1
Fade,2026-01-16,0.12,1
Fade,2026-02-19,0.12,1
Fade,2026-02-27,0.12,1
Fade,2026-02-28,0.12,1
Fade,2026-03-06,0.12,1
Fade,2026-03-09,0.12,1
Fade,2026-03-15,0.12,1
Fade,2026-04-14,0.12,1
Fade,2026-05-09,0.12,1
Fade,2026-05-14,0.12,1
Fade,2026-06-21,0.12,1
Fade,2026-06-22,0.12,1
Fade,2026-06-26,0.12,1
Fade,2026-07-02,0.12,1
Fade,2026-07-03,0.12,1
Fade,2026-07-05,0.12,1
Fade,2026-07-06,0.12,1
Fade,2026-07-09,0.12,1
Fade,2026-07-10,0.12,1
Fade,2026-07-12,0.12,1
Fade,2026-07-14,0.12,1
Fade,2026-07-17,0.12,1
Fade,2026-07-24,0.12,1
Fade,2026-07-27,0.12,1
Fade,2026-07-28,0.12,1
Fade,2026-07-30,0.12,1
Fade,2026-07-31,0.12,1
Fade,2026-08-03,0.12,1
Fade,2026-08-04,0.12,1
Fade,2026-08-05,0.12,1
Fade,2026-08-06,0.12,1
Fade,2026-08-07,0.12,1
Fade,2026-08-08,0.12,1
Fade,2026-08-09,0.12,1
Fade,2026-08-10,0.12,1
Fade,2026-08-11,0.12,1
Fade,2026-08-13,0.12,1
Fade,2026-08-14,0.12,1
Fade,2026-08-15,0.12,1
Fade,2026-08-16,0.12,1
Fade,2026-08-17,0.12,1
Fade,2026-08-18,0.12,1
Fade,2026-08-19,0.12,1
Fade,2026-08-20,0.12,1
Fade,2026-08-21,0.12,1
Fade,2026-08-22,0.12,1
Fade,2026-08-24,0.12,1
Fade,2026-08-25,0.12,1
Fade,2026-08-30,0.12,1
Fade,2026-09-02,0.12,1
Fade,2026-09-03,0.12,1
Fade,2026-09-04,0.12,1
Fade,2026-09-05,0.12,1
Fade,2026-09-06,0.12,1
Fade,2026-09-07,0.12,1
Fade,2026-09-12,0.12,1
Fade,2026-09-17,0.12,1
Fade,2026-09-18,0.12,1
Fade,2026-09-19,0.12,1
Fade,2026-09-20,0.12,1
Frostfade (Gun),2023-12-27,3,
Frostfade (Gun),2024-01-03,2,
Frostfade (Gun),2024-01-19,1,
Frostfade (Gun),2024-02-07,0.6,
Frostfade (Gun),2024-03-29,0.4,
Frostfade (Gun),2025-11-24,0.3,2
Frostfade (Gun),2025-12-02,0.3,2
Frostfade (Gun),2025-12-04,0.3,2
Frostfade (Gun),2025-12-08,0.3,2
Frostfade (Gun),2025-12-21,0.3,2
Frostfade (Gun),2025-12-23,0.3,2
Frostfade (Gun),2025-12-24,0.3,2
Frostfade (Gun),2025-12-26,0.3,2
Frostfade (Gun),2025-12-28,0.3,2
Frostfade (Gun),2025-12-30,0.3,2
Frostfade (Gun),2026-01-15,0.3,2
Frostfade (Gun),2026-01-16,0.3,2
Frostfade (Gun),2026-02-19,0.3,2
Frostfade (Gun),2026-02-27,0.3,2
Frostfade (Gun),2026-02-28,0.3,2
Frostfade (Gun),2026-03-06,0.3,2
Frostfade (Gun),2026-03-09,0.3,2
Frostfade (Gun),2026-03-15,0.3,2
Frostfade (Gun),2026-04-14,0.3,2
Frostfade (Gun),2026-05-09,0.3,2
Frostfade (Gun),2026-05-14,0.3,2
Frostfade (Gun),2026-06-17,0.6,
Frostfade (Gun),2026-06-21,0.45,2
Frostfade (Gun),2026-06-22,0.45,2
Frostfade (Gun),2026-06-26,0.45,2
Frostfade (Gun),2026-07-02,0.45,2
Frostfade (Gun),2026-07-03,0.45,2
Frostfade (Gun),2026-07-05,0.45,2
Frostfade (Gun),2026-07-06,0.45,2
Frostfade (Gun),2026-07-09,0.45,2
Frostfade (Gun),2026-07-10,0.45,2
Frostfade (Gun),2026-07-12,0.45,2
Frostfade (Gun),2026-07-14,0.45,2
Frostfade (Gun),2026-07-17,0.45,2
Frostfade (Gun),2026-07-24,0.45,2
Frostfade (Gun),2026-07-27,0.45,2
Frostfade (Gun),2026-07-28,0.45,2
Frostfade (Gun),2026-07-30,0.45,2
Frostfade (Gun),2026-07-31,0.45,2
Frostfade (Gun),2026-08-03,0.45,2
Frostfade (Gun),2026-08-04,0.45,2
Frostfade (Gun),2026-08-05,0.45,2
Frostfade (Gun),2026-08-06,0.45,2
Frostfade (Gun),2026-08-07,0.45,2
Frostfade (Gun),2026-08-08,0.45,2
Frostfade (Gun),2026-08-09,0.45,2
Frostfade (Gun),2026-08-10,0.45,2
Frostfade (Gun),2026-08-11,0.45,2
Frostfade (Gun),2026-08-13,0.45,2
Frostfade (Gun),2026-08-14,0.45,2
Frostfade (Gun),2026-08-15,0.45,2
Frostfade (Gun),2026-08-16,0.45,2
Frostfade (Gun),2026-08-17,0.45,2
Frostfade (Gun),2026-08-18,0.45,2
Frostfade (Gun),2026-08-19,0.45,2
Frostfade (Gun),2026-08-20,0.45,2
Frostfade (Gun),2026-08-21,0.45,2
Frostfade (Gun),2026-08-22,0.45,2
Frostfade (Gun),2026-08-24,0.45,2
Frostfade (Gun),2026-08-25,0.45,2
Frostfade (Gun),2026-08-30,0.45,2
Frostfade (Gun),2026-09-02,0.45,2
Frostfade (Gun),2026-09-03,0.45,2
Frostfade (Gun),2026-09-04,0.45,2
Frostfade (Gun),2026-09-05,0.45,2
Frostfade (Gun),2026-09-06,0.45,2
Frostfade (Gun),2026-09-07,0.45,2
Frostfade (Gun),2026-09-12,0.45,2
Frostfade (Gun),2026-09-17,0.45,2
Frostfade (Gun),2026-09-18,0.45,2
Frostfade (Gun),2026-09-19,0.45,2
Frostfade (Gun),2026-09-20,0.45,2
Frostfade (Knife),2023-12-27,7,
Frostfade (Knife),2024-01-03,5,
Frostfade (Knife),2024-02-07,4,
Frostfade (Knife),2024-02-20,3,
Frostfade (Knife),2024-03-29,2,
Frostfade (Knife),2025-02-22,1,
Frostfade (Knife),2025-11-24,1,2
Frostfade (Knife),2025-12-02,1,2
Frostfade (Knife),2025-12-04,1,2
Frostfade (Knife),2025-12-08,1,2
Frostfade (Knife),2025-12-21,1,2
Frostfade (Knife),2025-12-23,1,2
Frostfade (Knife),2025-12-24,1,2
Frostfade (Knife),2025-12-26,1,2
Frostfade (Knife),2025-12-28,1,2
Frostfade (Knife),2025-12-30,1,2
Frostfade (Knife),2026-01-15,1,2
Frostfade (Knife),2026-01-16,1,2
Frostfade (Knife),2026-02-19,1,2
Frostfade (Knife),2026-02-27,1,2
Frostfade (Knife),2026-02-28,1,2
Frostfade (Knife),2026-03-06,1,2
Frostfade (Knife),2026-03-09,1,2
Frostfade (Knife),2026-03-15,1,2
Frostfade (Knife),2026-04-14,1,2
Frostfade (Knife),2026-05-09,1,2
Frostfade (Knife),2026-05-14,1,2
Frostfade (Knife),2026-06-21,1,2
Frostfade (Knife),2026-06-22,1,2
Frostfade (Knife),2026-06-26,1,2
Frostfade (Knife),2026-07-02,1,2
Frostfade (Knife),2026-07-03,1,2
Frostfade (Knife),2026-07-05,1,2
Frostfade (Knife),2026-07-06,1,2
Frostfade (Knife),2026-07-07,2,
Frostfade (Knife),2026-07-09,2,2
Frostfade (Knife),2026-07-10,2,2
Frostfade (Knife),2026-07-12,2,2
Frostfade (Knife),2026-07-14,2,2
Frostfade (Knife),2026-07-17,2,2
Frostfade (Knife),2026-07-24,2,2
Frostfade (Knife),2026-07-27,2,2
Frostfade (Knife),2026-07-28,2,2
Frostfade (Knife),2026-07-30,2,2
Frostfade (Knife),2026-07-31,2,2
Frostfade (Knife),2026-08-03,2,2
Frostfade (Knife),2026-08-04,2,2
Frostfade (Knife),2026-08-05,2,2
Frostfade (Knife),2026-08-06,2,2
Frostfade (Knife),2026-08-07,2,2
Frostfade (Knife),2026-08-08,2,2
Frostfade (Knife),2026-08-09,2,2
Frostfade (Knife),2026-08-10,2,2
Frostfade (Knife),2026-08-11,2,2
Frostfade (Knife),2026-08-13,2,2
Frostfade (Knife),2026-08-14,2,2
Frostfade (Knife),2026-08-15,2,2
Frostfade (Knife),2026-08-16,2,2
Frostfade (Knife),2026-08-17,2,2
Frostfade (Knife),2026-08-18,2,2
Frostfade (Knife),2026-08-19,2,2
Frostfade (Knife),2026-08-20,2,2
Frostfade (Knife),2026-08-21,2,2
Frostfade (Knife),2026-08-22,2,2
Frostfade (Knife),2026-08-24,2,2
Frostfade (Knife),2026-08-25,2,2
Frostfade (Knife),2026-08-30,2,2
Frostfade (Knife),2026-09-02,2,2
Frostfade (Knife),2026-09-03,2,2
Frostfade (Knife),2026-09-04,2,2
Frostfade (Knife),2026-09-05,2,2
Frostfade (Knife),2026-09-06,2,2
Frostfade (Knife),2026-09-07,2,2
Frostfade (Knife),2026-09-12,2,2
Frostfade (Knife),2026-09-17,2,2
Frostfade (Knife),2026-09-18,2,2
Frostfade (Knife),2026-09-19,2,2
Frostfade (Knife),2026-09-20,2,2
Frozen (Gun),2023-12-27,0.00625,
Frozen (Gun),2025-12-18,1,
Frozen (Gun),2025-12-21,1,2
Frozen (Gun),2025-12-23,1,2
Frozen (Gun),2025-12-24,1,2
Frozen (Gun),2025-12-26,1,2
Frozen (Gun),2025-12-28,1,2
Frozen (Gun),2025-12-30,1,2
Frozen (Gun),2026-01-15,0.6,2
Frozen (Gun),2026-01-16,0.6,2
Frozen (Gun),2026-02-15,0.6,
Frozen (Gun),2026-02-19,0.45,2
Frozen (Gun),2026-02-27,0.45,2
Frozen (Gun),2026-02-28,0.45,2
Frozen (Gun),2026-03-06,0.45,2
Frozen (Gun),2026-03-09,0.45,2
Frozen (Gun),2026-03-15,0.45,2
Frozen (Gun),2026-04-14,0.45,2
Frozen (Gun),2026-05-09,0.45,2
Frozen (Gun),2026-05-14,0.45,2
Frozen (Gun),2026-06-17,0.8,
Frozen (Gun),2026-06-21,0.6,2
Frozen (Gun),2026-06-22,0.6,2
Frozen (Gun),2026-06-26,0.6,2
Frozen (Gun),2026-07-02,0.6,2
Frozen (Gun),2026-07-03,0.6,2
Frozen (Gun),2026-07-05,0.6,2
Frozen (Gun),2026-07-06,0.6,2
Frozen (Gun),2026-07-09,0.6,2
Frozen (Gun),2026-07-10,0.6,2
Frozen (Gun),2026-07-12,0.6,2
Frozen (Gun),2026-07-14,0.6,2
Frozen (Gun),2026-07-17,0.6,2
Frozen (Gun),2026-07-24,0.6,2
Frozen (Gun),2026-07-27,0.6,2
Frozen (Gun),2026-07-28,0.6,2
Frozen (Gun),2026-07-30,0.6,2
Frozen (Gun),2026-07-31,0.6,2
Frozen (Gun),2026-08-03,0.6,2
Frozen (Gun),2026-08-04,0.6,2
Frozen (Gun),2026-08-05,0.6,2
Frozen (Gun),2026-08-06,0.6,2
Frozen (Gun),2026-08-07,0.6,2
Frozen (Gun),2026-08-08,0.6,2
Frozen (Gun),2026-08-09,0.6,2
Frozen (Gun),2026-08-10,0.6,2
Frozen (Gun),2026-08-11,0.6,2
Frozen (Gun),2026-08-13,0.6,2
Frozen (Gun),2026-08-14,0.6,2
Frozen (Gun),2026-08-15,0.6,2
Frozen (Gun),2026-08-16,0.6,2
Frozen (Gun),2026-08-17,0.6,2
Frozen (Gun),2026-08-18,0.6,2
Frozen (Gun),2026-08-19,0.6,2
Frozen (Gun),2026-08-20,0.6,2
Frozen (Gun),2026-08-21,0.6,2
Frozen (Gun),2026-08-22,0.6,2
Frozen (Gun),2026-08-24,0.6,2
Frozen (Gun),2026-08-25,0.6,2
Frozen (Gun),2026-08-30,0.6,2
Frozen (Gun),2026-09-02,0.6,2
Frozen (Gun),2026-09-03,0.6,2
Frozen (Gun),2026-09-04,0.6,2
Frozen (Gun),2026-09-05,0.6,2
Frozen (Gun),2026-09-06,0.6,2
Frozen (Gun),2026-09-07,0.6,2
Frozen (Gun),2026-09-12,0.6,2
Frozen (Gun),2026-09-17,0.6,2
Frozen (Gun),2026-09-18,0.6,2
Frozen (Gun),2026-09-19,0.6,2
Frozen (Gun),2026-09-20,0.6,2
Frozen (Knife),2025-12-15,40,
Frozen (Knife),2025-12-17,25,
Frozen (Knife),2025-12-18,15,
Frozen (Knife),2025-12-19,12,
Frozen (Knife),2025-12-21,8,
Frozen (Knife),2025-12-23,8,3
Frozen (Knife),2025-12-24,7,
Frozen (Knife),2025-12-26,7,3
Frozen (Knife),2025-12-27,6,
Frozen (Knife),2025-12-28,6,3
Frozen (Knife),2025-12-29,5,
Frozen (Knife),2025-12-30,5,3
Frozen (Knife),2026-01-11,2,
Frozen (Knife),2026-01-15,2,2
Frozen (Knife),2026-01-16,2,2
Frozen (Knife),2026-01-18,1,
Frozen (Knife),2026-02-15,0.6,
Frozen (Knife),2026-02-19,0.45,2
Frozen (Knife),2026-02-27,0.45,2
Frozen (Knife),2026-02-28,0.45,2
Frozen (Knife),2026-03-06,0.45,2
Frozen (Knife),2026-03-09,0.45,2
Frozen (Knife),2026-03-15,0.45,2
Frozen (Knife),2026-04-14,0.45,2
Frozen (Knife),2026-05-09,0.45,2
Frozen (Knife),2026-05-14,0.45,2
Frozen (Knife),2026-06-21,0.45,2
Frozen (Knife),2026-06-22,0.45,2
Frozen (Knife),2026-06-26,0.45,2
Frozen (Knife),2026-07-02,0.45,2
Frozen (Knife),2026-07-03,0.45,2
Frozen (Knife),2026-07-05,0.45,2
Frozen (Knife),2026-07-06,0.45,2
Frozen (Knife),2026-07-09,0.45,2
Frozen (Knife),2026-07-10,0.45,2
Frozen (Knife),2026-07-12,0.45,2
Frozen (Knife),2026-07-14,0.45,2
Frozen (Knife),2026-07-17,0.45,2
Frozen (Knife),2026-07-24,0.45,2
Frozen (Knife),2026-07-27,0.45,2
Frozen (Knife),2026-07-28,0.45,2
Frozen (Knife),2026-07-30,0.45,2
Frozen (Knife),2026-07-31,0.45,2
Frozen (Knife),2026-08-03,0.45,2
Frozen (Knife),2026-08-04,0.45,2
Frozen (Knife),2026-08-05,0.45,2
Frozen (Knife),2026-08-06,0.45,2
Frozen (Knife),2026-08-07,0.45,2
Frozen (Knife),2026-08-08,0.45,2
Frozen (Knife),2026-08-09,0.45,2
Frozen (Knife),2026-08-10,0.45,2
Frozen (Knife),2026-08-11,0.45,2
Frozen (Knife),2026-08-13,0.45,2
Frozen (Knife),2026-08-14,0.45,2
Frozen (Knife),2026-08-15,0.45,2
Frozen (Knife),2026-08-16,0.45,2
Frozen (Knife),2026-08-17,0.45,2
Frozen (Knife),2026-08-18,0.45,2
Frozen (Knife),2026-08-19,0.45,2
Frozen (Knife),2026-08-20,0.45,2
Frozen (Knife),2026-08-21,0.45,2
Frozen (Knife),2026-08-22,0.45,2
Frozen (Knife),2026-08-24,0.45,2
Frozen (Knife),2026-08-25,0.45,2
Frozen (Knife),2026-08-30,0.45,2
Frozen (Knife),2026-09-02,0.45,2
Frozen (Knife),2026-09-03,0.45,2
Frozen (Knife),2026-09-04,0.45,2
Frozen (Knife),2026-09-05,0.45,2
Frozen (Knife),2026-09-06,0.45,2
Frozen (Knife),2026-09-07,0.45,2
Frozen (Knife),2026-09-12,0.45,2
Frozen (Knife),2026-09-17,0.45,2
Frozen (Knife),2026-09-18,0.45,2
Frozen (Knife),2026-09-19,0.45,2
Frozen (Knife),2026-09-20,0.45,2
Fusion,2025-11-24,0.12,1
Fusion,2025-12-02,0.12,1
Fusion,2025-12-04,0.12,1
Fusion,2025-12-08,0.12,1
Fusion,2025-12-21,0.12,1
Fusion,2025-12-23,0.12,1
Fusion,2025-12-24,0.12,1
Fusion,2025-12-26,0.12,1
Fusion,2025-12-28,0.12,1
Fusion,2025-12-30,0.12,1
Fusion,2026-01-15,0.12,1
Fusion,2026-01-16,0.12,1
Fusion,2026-02-19,0.12,1
Fusion,2026-02-27,0.12,1
Fusion,2026-02-28,0.12,1
Fusion,2026-03-06,0.12,1
Fusion,2026-03-09,0.12,1
Fusion,2026-03-15,0.12,1
Fusion,2026-04-14,0.12,1
Fusion,2026-05-09,0.12,1
Fusion,2026-05-14,0.12,1
Fusion,2026-06-21,0.12,1
Fusion,2026-06-22,0.12,1
Fusion,2026-06-26,0.12,1
Fusion,2026-07-02,0.12,1
Fusion,2026-07-03,0.12,1
Fusion,2026-07-05,0.12,1
Fusion,2026-07-06,0.12,1
Fusion,2026-07-09,0.12,1
Fusion,2026-07-10,0.12,1
Fusion,2026-07-12,0.12,1
Fusion,2026-07-14,0.12,1
Fusion,2026-07-17,0.12,1
Fusion,2026-07-24,0.12,1
Fusion,2026-07-27,0.12,1
Fusion,2026-07-28,0.12,1
Fusion,2026-07-30,0.12,1
Fusion,2026-07-31,0.12,1
Fusion,2026-08-03,0.12,1
Fusion,2026-08-04,0.12,1
Fusion,2026-08-05,0.12,1
Fusion,2026-08-06,0.12,1
Fusion,2026-08-07,0.12,1
Fusion,2026-08-08,0.12,1
Fusion,2026-08-09,0.12,1
Fusion,2026-08-10,0.12,1
Fusion,2026-08-11,0.12,1
Fusion,2026-08-13,0.12,1
Fusion,2026-08-14,0.12,1
Fusion,2026-08-15,0.12,1
Fusion,2026-08-16,0.12,1
Fusion,2026-08-17,0.12,1
Fusion,2026-08-18,0.12,1
Fusion,2026-08-19,0.12,1
Fusion,2026-08-20,0.12,1
Fusion,2026-08-21,0.12,1
Fusion,2026-08-22,0.12,1
Fusion,2026-08-24,0.12,1
Fusion,2026-08-25,0.12,1
Fusion,2026-08-30,0.12,1
Fusion,2026-09-02,0.12,1
Fusion,2026-09-03,0.12,1
Fusion,2026-09-04,0.12,1
Fusion,2026-09-05,0.12,1
Fusion,2026-09-06,0.12,1
Fusion,2026-09-07,0.12,1
Fusion,2026-09-12,0.12,1
Fusion,2026-09-17,0.12,1
Fusion,2026-09-18,0.12,1
Fusion,2026-09-19,0.12,1
Fusion,2026-09-20,0.12,1
Ghost (Gun),2020-08-26,4,
Ghost (Gun),2021-01-22,5,
Ghost (Gun),2021-03-23,10,
Ghost (Gun),2021-04-26,15,
Ghost (Gun),2021-05-12,20,
Ghost (Gun),2021-06-13,25,
Ghost (Gun),2021-11-22,30,
Ghost (Gun),2021-11-23,25,
Ghost (Gun),2021-11-28,20,
Ghost (Gun),2022-03-14,15,
Ghost (Gun),2022-07-11,10,
Ghost (Gun),2022-08-30,5,
Ghost (Gun),2022-11-26,3,
Ghost (Gun),2023-10-15,2,
Ghost (Gun),2025-11-24,2,1
Ghost (Gun),2025-12-02,2,1
Ghost (Gun),2025-12-04,2,1
Ghost (Gun),2025-12-08,2,1
Ghost (Gun),2025-12-21,2,1
Ghost (Gun),2025-12-23,2,1
Ghost (Gun),2025-12-24,2,1
Ghost (Gun),2025-12-26,2,1
Ghost (Gun),2025-12-28,2,1
Ghost (Gun),2025-12-30,2,1
Ghost (Gun),2026-01-15,2,1
Ghost (Gun),2026-01-16,2,1
Ghost (Gun),2026-02-19,2,1
Ghost (Gun),2026-02-27,2,1
Ghost (Gun),2026-02-28,2,1
Ghost (Gun),2026-03-06,2,1
Ghost (Gun),2026-03-09,2,1
Ghost (Gun),2026-03-15,2,1
Ghost (Gun),2026-04-14,2,1
Ghost (Gun),2026-05-09,2,1
Ghost (Gun),2026-05-14,2,1
Ghost (Gun),2026-06-21,2,1
Ghost (Gun),2026-06-22,2,1
Ghost (Gun),2026-06-26,2,1
Ghost (Gun),2026-07-02,2,1
Ghost (Gun),2026-07-03,2,1
Ghost (Gun),2026-07-05,2,1
Ghost (Gun),2026-07-06,2,1
Ghost (Gun),2026-07-09,2,1
Ghost (Gun),2026-07-10,2,1
Ghost (Gun),2026-07-12,2,1
Ghost (Gun),2026-07-14,2,1
Ghost (Gun),2026-07-17,2,1
Ghost (Gun),2026-07-24,2,1
Ghost (Gun),2026-07-27,2,1
Ghost (Gun),2026-07-28,2,1
Ghost (Gun),2026-07-30,2,1
Ghost (Gun),2026-07-31,2,1
Ghost (Gun),2026-08-03,2,1
Ghost (Gun),2026-08-04,2,1
Ghost (Gun),2026-08-05,2,1
Ghost (Gun),2026-08-06,2,1
Ghost (Gun),2026-08-07,2,1
Ghost (Gun),2026-08-08,2,1
Ghost (Gun),2026-08-09,2,1
Ghost (Gun),2026-08-10,2,1
Ghost (Gun),2026-08-11,2,1
Ghost (Gun),2026-08-13,2,1
Ghost (Gun),2026-08-14,2,1
Ghost (Gun),2026-08-15,2,1
Ghost (Gun),2026-08-16,2,1
Ghost (Gun),2026-08-17,2,1
Ghost (Gun),2026-08-18,2,1
Ghost (Gun),2026-08-19,2,1
Ghost (Gun),2026-08-20,2,1
Ghost (Gun),2026-08-21,2,1
Ghost (Gun),2026-08-22,2,1
Ghost (Gun),2026-08-24,2,1
Ghost (Gun),2026-08-25,2,1
Ghost (Gun),2026-08-30,2,1
Ghost (Gun),2026-09-02,2,1
Ghost (Gun),2026-09-03,2,1
Ghost (Gun),2026-09-04,2,1
Ghost (Gun),2026-09-05,2,1
Ghost (Gun),2026-09-06,2,1
Ghost (Gun),2026-09-07,2,1
Ghost (Gun),2026-09-12,2,1
Ghost (Gun),2026-09-17,2,1
Ghost (Gun),2026-09-18,2,1
Ghost (Gun),2026-09-19,2,1
Ghost (Gun),2026-09-20,2,1
Ghost (Knife),2020-08-26,6,
Ghost (Knife),2021-01-22,10,
Ghost (Knife),2021-03-23,18,
Ghost (Knife),2021-04-26,23,
Ghost (Knife),2021-05-12,30,
Ghost (Knife),2021-06-13,40,
Ghost (Knife),2021-07-18,50,
Ghost (Knife),2021-08-17,80,
Ghost (Knife),2021-08-23,90,
Ghost (Knife),2021-09-09,100,
Ghost (Knife),2021-10-02,130,
Ghost (Knife),2021-10-25,150,
Ghost (Knife),2021-11-23,145,
Ghost (Knife),2021-11-28,140,
Ghost (Knife),2022-01-08,150,
Ghost (Knife),2022-01-16,165,
Ghost (Knife),2022-02-03,185,
Ghost (Knife),2022-02-16,195,
Ghost (Knife),2022-03-14,185,
Ghost (Knife),2022-04-06,180,
Ghost (Knife),2022-05-19,160,
Ghost (Knife),2022-06-06,140,
Ghost (Knife),2022-06-18,120,
Ghost (Knife),2022-06-20,100,
Ghost (Knife),2022-07-06,80,
Ghost (Knife),2022-07-11,55,
Ghost (Knife),2022-07-28,40,
Ghost (Knife),2022-08-04,35,
Ghost (Knife),2022-08-05,32,
Ghost (Knife),2022-08-11,30,
Ghost (Knife),2022-09-14,35,
Ghost (Knife),2022-09-30,40,
Ghost (Knife),2022-11-21,35,
Ghost (Knife),2022-11-26,30,
Ghost (Knife),2022-12-12,25,
Ghost (Knife),2023-05-08,20,
Ghost (Knife),2023-06-01,15,
Ghost (Knife),2023-06-07,12,
Ghost (Knife),2023-08-28,10,
Ghost (Knife),2023-10-15,8,
Ghost (Knife),2024-03-29,7,
Ghost (Knife),2024-05-26,6,
Ghost (Knife),2025-07-21,5,
Ghost (Knife),2025-11-24,5,1
Ghost (Knife),2025-12-02,5,1
Ghost (Knife),2025-12-04,5,1
Ghost (Knife),2025-12-08,5,1
Ghost (Knife),2025-12-21,5,1
Ghost (Knife),2025-12-23,5,1
Ghost (Knife),2025-12-24,5,1
Ghost (Knife),2025-12-26,5,1
Ghost (Knife),2025-12-28,5,1
Ghost (Knife),2025-12-30,5,1
Ghost (Knife),2026-01-15,5,1
Ghost (Knife),2026-01-16,5,1
Ghost (Knife),2026-02-19,5,1
Ghost (Knife),2026-02-27,5,1
Ghost (Knife),2026-02-28,5,1
Ghost (Knife),2026-03-06,5,1
Ghost (Knife),2026-03-09,5,1
Ghost (Knife),2026-03-15,5,1
Ghost (Knife),2026-04-14,5,1
Ghost (Knife),2026-05-09,5,1
Ghost (Knife),2026-05-14,5,1
Ghost (Knife),2026-06-21,5,1
Ghost (Knife),2026-06-22,5,1
Ghost (Knife),2026-06-26,5,1
Ghost (Knife),2026-07-02,5,1
Ghost (Knife),2026-07-03,5,1
Ghost (Knife),2026-07-05,5,1
Ghost (Knife),2026-07-06,5,1
Ghost (Knife),2026-07-09,5,1
Ghost (Knife),2026-07-10,5,1
Ghost (Knife),2026-07-12,5,1
Ghost (Knife),2026-07-14,5,1
Ghost (Knife),2026-07-17,5,1
Ghost (Knife),2026-07-24,5,1
Ghost (Knife),2026-07-27,5,1
Ghost (Knife),2026-07-28,5,1
Ghost (Knife),2026-07-30,5,1
Ghost (Knife),2026-07-31,5,1
Ghost (Knife),2026-08-03,5,1
Ghost (Knife),2026-08-04,5,1
Ghost (Knife),2026-08-05,5,1
Ghost (Knife),2026-08-06,5,1
Ghost (Knife),2026-08-07,5,1
Ghost (Knife),2026-08-08,5,1
Ghost (Knife),2026-08-09,5,1
Ghost (Knife),2026-08-10,5,1
Ghost (Knife),2026-08-11,5,1
Ghost (Knife),2026-08-13,5,1
Ghost (Knife),2026-08-14,5,1
Ghost (Knife),2026-08-15,5,1
Ghost (Knife),2026-08-16,5,1
Ghost (Knife),2026-08-17,5,1
Ghost (Knife),2026-08-18,5,1
Ghost (Knife),2026-08-19,5,1
Ghost (Knife),2026-08-20,5,1
Ghost (Knife),2026-08-21,5,1
Ghost (Knife),2026-08-22,5,1
Ghost (Knife),2026-08-24,5,1
Ghost (Knife),2026-08-25,5,1
Ghost (Knife),2026-08-30,5,1
Ghost (Knife),2026-09-02,5,1
Ghost (Knife),2026-09-03,5,1
Ghost (Knife),2026-09-04,5,1
Ghost (Knife),2026-09-05,5,1
Ghost (Knife),2026-09-06,5,1
Ghost (Knife),2026-09-07,5,1
Ghost (Knife),2026-09-12,5,1
Ghost (Knife),2026-09-17,5,1
Ghost (Knife),2026-09-18,5,1
Ghost (Knife),2026-09-19,5,1
Ghost (Knife),2026-09-20,5,1
Ginger (Gun),2020-08-26,6,
Ginger (Gun),2021-11-22,55,
Ginger (Gun),2021-11-28,70,
Ginger (Gun),2021-12-13,95,
Ginger (Gun),2021-12-14,105,
Ginger (Gun),2022-01-08,145,
Ginger (Gun),2022-01-16,160,
Ginger (Gun),2022-02-03,185,
Ginger (Gun),2022-02-16,195,
Ginger (Gun),2022-03-14,185,
Ginger (Gun),2022-04-02,180,
Ginger (Gun),2022-05-19,160,
Ginger (Gun),2022-06-06,140,
Ginger (Gun),2022-06-18,120,
Ginger (Gun),2022-06-20,100,
Ginger (Gun),2022-07-06,80,
Ginger (Gun),2022-07-11,55,
Ginger (Gun),2022-07-28,40,
Ginger (Gun),2022-08-04,35,
Ginger (Gun),2022-08-05,32,
Ginger (Gun),2022-08-11,30,
Ginger (Gun),2022-09-14,35,
Ginger (Gun),2022-09-30,40,
Ginger (Gun),2022-11-21,35,
Ginger (Gun),2022-11-26,30,
Ginger (Gun),2022-12-12,25,
Ginger (Gun),2023-01-17,20,
Ginger (Gun),2023-05-08,15,
Ginger (Gun),2023-06-01,12,
Ginger (Gun),2023-06-07,10,
Ginger (Gun),2023-08-28,8,
Ginger (Gun),2023-10-15,7,
Ginger (Gun),2025-02-07,6,
Ginger (Gun),2025-11-24,6,1
Ginger (Gun),2025-12-02,6,1
Ginger (Gun),2025-12-04,6,1
Ginger (Gun),2025-12-08,6,1
Ginger (Gun),2025-12-21,6,1
Ginger (Gun),2025-12-23,6,1
Ginger (Gun),2025-12-24,6,1
Ginger (Gun),2025-12-26,6,1
Ginger (Gun),2025-12-28,6,1
Ginger (Gun),2025-12-30,6,1
Ginger (Gun),2026-01-15,6,1
Ginger (Gun),2026-01-16,6,1
Ginger (Gun),2026-02-19,6,1
Ginger (Gun),2026-02-27,6,1
Ginger (Gun),2026-02-28,6,1
Ginger (Gun),2026-03-06,6,1
Ginger (Gun),2026-03-09,6,1
Ginger (Gun),2026-03-15,6,1
Ginger (Gun),2026-04-14,6,1
Ginger (Gun),2026-05-09,6,1
Ginger (Gun),2026-05-14,6,1
Ginger (Gun),2026-05-24,5,
Ginger (Gun),2026-06-21,5,1
Ginger (Gun),2026-06-22,5,1
Ginger (Gun),2026-06-26,5,1
Ginger (Gun),2026-07-02,5,1
Ginger (Gun),2026-07-03,5,1
Ginger (Gun),2026-07-05,5,1
Ginger (Gun),2026-07-06,5,1
Ginger (Gun),2026-07-09,5,1
Ginger (Gun),2026-07-10,5,1
Ginger (Gun),2026-07-12,5,1
Ginger (Gun),2026-07-14,5,1
Ginger (Gun),2026-07-17,5,1
Ginger (Gun),2026-07-24,5,1
Ginger (Gun),2026-07-27,5,1
Ginger (Gun),2026-07-28,5,1
Ginger (Gun),2026-07-30,5,1
Ginger (Gun),2026-07-31,5,1
Ginger (Gun),2026-08-03,5,1
Ginger (Gun),2026-08-04,5,1
Ginger (Gun),2026-08-05,5,1
Ginger (Gun),2026-08-06,5,1
Ginger (Gun),2026-08-07,5,1
Ginger (Gun),2026-08-08,5,1
Ginger (Gun),2026-08-09,5,1
Ginger (Gun),2026-08-10,5,1
Ginger (Gun),2026-08-11,5,1
Ginger (Gun),2026-08-13,5,1
Ginger (Gun),2026-08-14,5,1
Ginger (Gun),2026-08-15,5,1
Ginger (Gun),2026-08-16,5,1
Ginger (Gun),2026-08-17,5,1
Ginger (Gun),2026-08-18,5,1
Ginger (Gun),2026-08-19,5,1
Ginger (Gun),2026-08-20,5,1
Ginger (Gun),2026-08-21,5,1
Ginger (Gun),2026-08-22,5,1
Ginger (Gun),2026-08-24,5,1
Ginger (Gun),2026-08-25,5,1
Ginger (Gun),2026-08-30,5,1
Ginger (Gun),2026-09-02,5,1
Ginger (Gun),2026-09-03,5,1
Ginger (Gun),2026-09-04,5,1
Ginger (Gun),2026-09-05,5,1
Ginger (Gun),2026-09-06,5,1
Ginger (Gun),2026-09-07,5,1
Ginger (Gun),2026-09-12,5,1
Ginger (Gun),2026-09-17,5,1
Ginger (Gun),2026-09-18,5,1
Ginger (Gun),2026-09-19,5,1
Ginger (Gun),2026-09-20,5,1
Ginger (Knife),2022-11-29,0.4,
Ginger (Knife),2025-11-24,0.3,1
Ginger (Knife),2025-12-02,0.3,1
Ginger (Knife),2025-12-04,0.3,1
Ginger (Knife),2025-12-08,0.3,1
Ginger (Knife),2025-12-21,0.3,1
Ginger (Knife),2025-12-23,0.3,1
Ginger (Knife),2025-12-24,0.3,1
Ginger (Knife),2025-12-26,0.3,1
Ginger (Knife),2025-12-28,0.3,1
Ginger (Knife),2025-12-30,0.3,1
Ginger (Knife),2026-01-15,0.3,1
Ginger (Knife),2026-01-16,0.3,1
Ginger (Knife),2026-02-19,0.3,1
Ginger (Knife),2026-02-27,0.3,1
Ginger (Knife),2026-02-28,0.3,1
Ginger (Knife),2026-03-06,0.3,1
Ginger (Knife),2026-03-09,0.3,1
Ginger (Knife),2026-03-15,0.3,1
Ginger (Knife),2026-04-14,0.3,1
Ginger (Knife),2026-05-09,0.3,1
Ginger (Knife),2026-05-14,0.3,1
Ginger (Knife),2026-06-21,0.3,1
Ginger (Knife),2026-06-22,0.3,1
Ginger (Knife),2026-06-26,0.3,1
Ginger (Knife),2026-07-02,0.3,1
Ginger (Knife),2026-07-03,0.3,1
Ginger (Knife),2026-07-05,0.3,1
Ginger (Knife),2026-07-06,0.3,1
Ginger (Knife),2026-07-09,0.3,1
Ginger (Knife),2026-07-10,0.3,1
Ginger (Knife),2026-07-12,0.3,2
Ginger (Knife),2026-07-14,0.3,2
Ginger (Knife),2026-07-17,0.3,2
Ginger (Knife),2026-07-24,0.3,2
Ginger (Knife),2026-07-27,0.3,2
Ginger (Knife),2026-07-28,0.3,2
Ginger (Knife),2026-07-30,0.3,2
Ginger (Knife),2026-07-31,0.3,2
Ginger (Knife),2026-08-03,0.3,2
Ginger (Knife),2026-08-04,0.3,2
Ginger (Knife),2026-08-05,0.3,2
Ginger (Knife),2026-08-06,0.3,2
Ginger (Knife),2026-08-07,0.3,2
Ginger (Knife),2026-08-08,0.3,2
Ginger (Knife),2026-08-09,0.3,2
Ginger (Knife),2026-08-10,0.3,2
Ginger (Knife),2026-08-11,0.3,2
Ginger (Knife),2026-08-13,0.3,2
Ginger (Knife),2026-08-14,0.3,2
Ginger (Knife),2026-08-15,0.3,2
Ginger (Knife),2026-08-16,0.3,2
Ginger (Knife),2026-08-17,0.3,2
Ginger (Knife),2026-08-18,0.3,2
Ginger (Knife),2026-08-19,0.3,2
Ginger (Knife),2026-08-20,0.3,2
Ginger (Knife),2026-08-21,0.3,2
Ginger (Knife),2026-08-22,0.3,2
Ginger (Knife),2026-08-24,0.3,2
Ginger (Knife),2026-08-25,0.3,2
Ginger (Knife),2026-08-30,0.3,2
Ginger (Knife),2026-09-02,0.3,2
Ginger (Knife),2026-09-03,0.3,2
Ginger (Knife),2026-09-04,0.3,2
Ginger (Knife),2026-09-05,0.3,2
Ginger (Knife),2026-09-06,0.3,2
Ginger (Knife),2026-09-07,0.3,2
Ginger (Knife),2026-09-12,0.3,2
Ginger (Knife),2026-09-17,0.3,2
Ginger (Knife),2026-09-18,0.3,2
Ginger (Knife),2026-09-19,0.3,2
Ginger (Knife),2026-09-20,0.3,2
Golden,2026-09-18,0,0
Golden,2026-09-19,0,3
Golden,2026-09-20,0,3
Green Elite,2020-08-26,95,
Green Elite,2020-09-19,105,
Green Elite,2020-10-31,115,
Green Elite,2020-11-26,125,
Green Elite,2020-12-03,120,
Green Elite,2021-01-22,135,
Green Elite,2021-01-26,170,
Green Elite,2021-05-12,175,
Green Elite,2021-07-18,170,
Green Elite,2021-09-05,155,
Green Elite,2021-11-22,145,
Green Elite,2021-11-28,130,
Green Elite,2022-01-16,140,
Green Elite,2022-02-03,150,
Green Elite,2022-03-07,140,
Green Elite,2022-03-14,125,
Green Elite,2022-04-06,120,
Green Elite,2022-05-19,110,
Green Elite,2022-06-18,95,
Green Elite,2022-06-20,85,
Green Elite,2022-07-06,70,
Green Elite,2022-07-11,55,
Green Elite,2022-07-28,45,
Green Elite,2022-08-04,40,
Green Elite,2022-08-05,35,
Green Elite,2022-09-14,40,
Green Elite,2022-09-30,45,
Green Elite,2022-10-09,50,
Green Elite,2022-11-26,45,
Green Elite,2022-12-17,40,
Green Elite,2023-01-20,35,
Green Elite,2023-05-08,30,
Green Elite,2023-06-01,25,
Green Elite,2023-07-06,20,
Green Elite,2023-07-11,18,
Green Elite,2023-08-01,15,
Green Elite,2023-08-28,12,
Green Elite,2023-10-15,10,
Green Elite,2023-11-01,7,
Green Elite,2024-03-29,8,
Green Elite,2024-04-24,10,
Green Elite,2024-11-30,8,
Green Elite,2025-02-07,7,
Green Elite,2025-04-13,5,
Green Elite,2025-05-21,4,
Green Elite,2025-09-17,3,
Green Elite,2025-11-24,3,1
Green Elite,2025-12-02,3,1
Green Elite,2025-12-04,3,1
Green Elite,2025-12-08,3,1
Green Elite,2025-12-21,3,1
Green Elite,2025-12-23,3,1
Green Elite,2025-12-24,3,1
Green Elite,2025-12-26,3,1
Green Elite,2025-12-28,3,1
Green Elite,2025-12-30,3,1
Green Elite,2026-01-15,3,1
Green Elite,2026-01-16,3,1
Green Elite,2026-02-19,3,1
Green Elite,2026-02-27,3,1
Green Elite,2026-02-28,3,1
Green Elite,2026-03-06,3,1
Green Elite,2026-03-09,3,1
Green Elite,2026-03-15,3,1
Green Elite,2026-04-14,3,1
Green Elite,2026-05-09,3,1
Green Elite,2026-05-14,3,1
Green Elite,2026-06-21,3,1
Green Elite,2026-06-22,3,1
Green Elite,2026-06-26,3,1
Green Elite,2026-07-02,3,1
Green Elite,2026-07-03,3,1
Green Elite,2026-07-05,3,1
Green Elite,2026-07-06,3,1
Green Elite,2026-07-09,3,1
Green Elite,2026-07-10,3,1
Green Elite,2026-07-12,3,1
Green Elite,2026-07-14,3,1
Green Elite,2026-07-17,3,1
Green Elite,2026-07-24,3,1
Green Elite,2026-07-27,3,1
Green Elite,2026-07-28,3,1
Green Elite,2026-07-30,3,1
Green Elite,2026-07-31,3,1
Green Elite,2026-08-03,3,1
Green Elite,2026-08-04,3,1
Green Elite,2026-08-05,3,1
Green Elite,2026-08-06,3,1
Green Elite,2026-08-07,3,1
Green Elite,2026-08-08,3,1
Green Elite,2026-08-09,3,1
Green Elite,2026-08-10,3,1
Green Elite,2026-08-11,3,1
Green Elite,2026-08-13,3,1
Green Elite,2026-08-14,3,1
Green Elite,2026-08-15,3,1
Green Elite,2026-08-16,3,1
Green Elite,2026-08-17,3,1
Green Elite,2026-08-18,3,1
Green Elite,2026-08-19,3,1
Green Elite,2026-08-20,3,1
Green Elite,2026-08-21,3,1
Green Elite,2026-08-22,3,1
Green Elite,2026-08-24,3,1
Green Elite,2026-08-25,3,1
Green Elite,2026-08-30,3,1
Green Elite,2026-09-02,3,1
Green Elite,2026-09-03,3,1
Green Elite,2026-09-04,3,1
Green Elite,2026-09-05,3,1
Green Elite,2026-09-06,3,1
Green Elite,2026-09-07,3,1
Green Elite,2026-09-12,3,1
Green Elite,2026-09-17,3,1
Green Elite,2026-09-18,3,1
Green Elite,2026-09-19,3,1
Green Elite,2026-09-20,3,1
Green Fire,2020-08-26,1,
Green Fire,2021-11-28,2,
Green Fire,2021-12-13,5,
Green Fire,2022-06-18,3,
Green Fire,2022-07-11,2,
Green Fire,2022-11-29,1,
Green Fire,2024-03-29,0.8,
Green Fire,2025-11-24,0.6,1
Green Fire,2025-12-02,0.6,1
Green Fire,2025-12-04,0.6,1
Green Fire,2025-12-08,0.6,1
Green Fire,2025-12-21,0.6,1
Green Fire,2025-12-23,0.6,1
Green Fire,2025-12-24,0.6,1
Green Fire,2025-12-26,0.6,1
Green Fire,2025-12-28,0.6,1
Green Fire,2025-12-30,0.6,1
Green Fire,2026-01-15,0.6,1
Green Fire,2026-01-16,0.6,1
Green Fire,2026-02-19,0.6,1
Green Fire,2026-02-27,0.6,1
Green Fire,2026-02-28,0.6,1
Green Fire,2026-03-06,0.6,1
Green Fire,2026-03-09,0.6,1
Green Fire,2026-03-15,0.6,1
Green Fire,2026-04-14,0.6,1
Green Fire,2026-05-09,0.6,1
Green Fire,2026-05-14,0.6,1
Green Fire,2026-06-21,0.6,1
Green Fire,2026-06-22,0.6,1
Green Fire,2026-06-26,0.6,1
Green Fire,2026-07-02,0.6,1
Green Fire,2026-07-03,0.6,1
Green Fire,2026-07-05,0.6,1
Green Fire,2026-07-06,0.6,1
Green Fire,2026-07-09,0.6,1
Green Fire,2026-07-10,0.6,1
Green Fire,2026-07-12,0.6,1
Green Fire,2026-07-14,0.6,1
Green Fire,2026-07-17,0.6,1
Green Fire,2026-07-24,0.6,1
Green Fire,2026-07-27,0.6,1
Green Fire,2026-07-28,0.6,1
Green Fire,2026-07-30,0.6,1
Green Fire,2026-07-31,0.6,1
Green Fire,2026-08-03,0.6,1
Green Fire,2026-08-04,0.6,1
Green Fire,2026-08-05,0.6,1
Green Fire,2026-08-06,0.6,1
Green Fire,2026-08-07,0.6,1
Green Fire,2026-08-08,0.6,1
Green Fire,2026-08-09,0.6,1
Green Fire,2026-08-10,0.6,1
Green Fire,2026-08-11,0.6,1
Green Fire,2026-08-13,0.6,1
Green Fire,2026-08-14,0.6,1
Green Fire,2026-08-15,0.6,1
Green Fire,2026-08-16,0.6,1
Green Fire,2026-08-17,0.6,1
Green Fire,2026-08-18,0.6,1
Green Fire,2026-08-19,0.6,1
Green Fire,2026-08-20,0.6,1
Green Fire,2026-08-21,0.6,1
Green Fire,2026-08-22,0.6,1
Green Fire,2026-08-24,0.6,1
Green Fire,2026-08-25,0.6,1
Green Fire,2026-08-30,0.6,1
Green Fire,2026-09-02,0.6,1
Green Fire,2026-09-03,0.6,1
Green Fire,2026-09-04,0.6,1
Green Fire,2026-09-05,0.6,1
Green Fire,2026-09-06,0.6,1
Green Fire,2026-09-07,0.6,1
Green Fire,2026-09-12,0.6,1
Green Fire,2026-09-17,0.6,1
Green Fire,2026-09-18,0.6,1
Green Fire,2026-09-19,0.6,1
Green Fire,2026-09-20,0.6,1
Icecracker,2021-11-28,1,
Icecracker,2022-01-08,3,
Icecracker,2022-08-11,2,
Icecracker,2022-12-08,3,
Icecracker,2023-01-01,5,
Icecracker,2023-09-11,3,
Icecracker,2024-03-29,2,
Icecracker,2025-10-08,1,
Icecracker,2025-11-24,1,2
Icecracker,2025-12-02,1,2
Icecracker,2025-12-04,1,2
Icecracker,2025-12-08,1,2
Icecracker,2025-12-21,1,2
Icecracker,2025-12-23,1,2
Icecracker,2025-12-24,1,2
Icecracker,2025-12-26,1,2
Icecracker,2025-12-28,1,2
Icecracker,2025-12-30,1,2
Icecracker,2026-01-15,1,2
Icecracker,2026-01-16,1,2
Icecracker,2026-02-19,1,2
Icecracker,2026-02-27,1,2
Icecracker,2026-02-28,1,2
Icecracker,2026-03-06,1,2
Icecracker,2026-03-09,1,2
Icecracker,2026-03-15,1,2
Icecracker,2026-04-14,1,2
Icecracker,2026-05-09,1,2
Icecracker,2026-05-14,1,2
Icecracker,2026-06-21,1,2
Icecracker,2026-06-22,1,2
Icecracker,2026-06-26,1,2
Icecracker,2026-07-02,1,2
Icecracker,2026-07-03,1,2
Icecracker,2026-07-05,1,2
Icecracker,2026-07-06,1,2
Icecracker,2026-07-09,1,2
Icecracker,2026-07-10,1,2
Icecracker,2026-07-12,1,2
Icecracker,2026-07-14,1,2
Icecracker,2026-07-17,1,2
Icecracker,2026-07-24,1,2
Icecracker,2026-07-27,1,2
Icecracker,2026-07-28,1,2
Icecracker,2026-07-30,1,2
Icecracker,2026-07-31,1,2
Icecracker,2026-08-03,1,2
Icecracker,2026-08-04,1,2
Icecracker,2026-08-05,1,2
Icecracker,2026-08-06,1,2
Icecracker,2026-08-07,1,2
Icecracker,2026-08-08,1,2
Icecracker,2026-08-09,1,2
Icecracker,2026-08-10,1,2
Icecracker,2026-08-11,1,2
Icecracker,2026-08-13,1,2
Icecracker,2026-08-14,1,2
Icecracker,2026-08-15,1,2
Icecracker,2026-08-16,1,2
Icecracker,2026-08-17,1,2
Icecracker,2026-08-18,1,2
Icecracker,2026-08-19,1,2
Icecracker,2026-08-20,1,2
Icecracker,2026-08-21,1,2
Icecracker,2026-08-22,1,2
Icecracker,2026-08-24,1,2
Icecracker,2026-08-25,1,2
Icecracker,2026-08-30,1,2
Icecracker,2026-09-02,1,2
Icecracker,2026-09-03,1,2
Icecracker,2026-09-04,1,2
Icecracker,2026-09-05,1,2
Icecracker,2026-09-06,1,2
Icecracker,2026-09-07,1,2
Icecracker,2026-09-12,1,2
Icecracker,2026-09-17,1,2
Icecracker,2026-09-18,1,2
Icecracker,2026-09-19,1,2
Icecracker,2026-09-20,1,2
Icedriller,2020-12-28,1,
Icedriller,2021-11-28,3,
Icedriller,2022-01-08,5,
Icedriller,2022-11-06,8,
Icedriller,2022-11-29,10,
Icedriller,2022-12-17,12,
Icedriller,2023-01-01,15,
Icedriller,2023-01-16,20,
Icedriller,2023-05-27,15,
Icedriller,2023-08-28,12,
Icedriller,2023-10-15,15,
Icedriller,2024-01-03,17,
Icedriller,2024-03-29,15,
Icedriller,2024-04-24,13,
Icedriller,2024-10-28,10,
Icedriller,2024-10-30,8,
Icedriller,2025-09-23,7,
Icedriller,2025-10-08,5,
Icedriller,2025-11-24,5,2
Icedriller,2025-12-02,5,2
Icedriller,2025-12-04,5,2
Icedriller,2025-12-08,5,2
Icedriller,2025-12-21,5,2
Icedriller,2025-12-23,5,2
Icedriller,2025-12-24,5,2
Icedriller,2025-12-26,5,2
Icedriller,2025-12-28,5,2
Icedriller,2025-12-30,5,2
Icedriller,2026-01-15,5,2
Icedriller,2026-01-16,5,2
Icedriller,2026-02-19,5,2
Icedriller,2026-02-27,5,2
Icedriller,2026-02-28,5,2
Icedriller,2026-03-06,5,2
Icedriller,2026-03-09,5,2
Icedriller,2026-03-15,5,2
Icedriller,2026-04-14,5,2
Icedriller,2026-05-09,5,2
Icedriller,2026-05-14,5,2
Icedriller,2026-06-21,5,2
Icedriller,2026-06-22,5,2
Icedriller,2026-06-26,5,2
Icedriller,2026-07-02,5,2
Icedriller,2026-07-03,5,2
Icedriller,2026-07-05,5,2
Icedriller,2026-07-06,5,2
Icedriller,2026-07-09,5,2
Icedriller,2026-07-10,5,2
Icedriller,2026-07-12,5,2
Icedriller,2026-07-14,5,2
Icedriller,2026-07-17,5,2
Icedriller,2026-07-24,5,2
Icedriller,2026-07-27,5,2
Icedriller,2026-07-28,5,2
Icedriller,2026-07-30,5,2
Icedriller,2026-07-31,5,2
Icedriller,2026-08-03,5,2
Icedriller,2026-08-04,5,2
Icedriller,2026-08-05,5,2
Icedriller,2026-08-06,5,2
Icedriller,2026-08-07,5,2
Icedriller,2026-08-08,5,2
Icedriller,2026-08-09,5,2
Icedriller,2026-08-10,5,2
Icedriller,2026-08-11,5,2
Icedriller,2026-08-13,5,2
Icedriller,2026-08-14,5,2
Icedriller,2026-08-15,5,2
Icedriller,2026-08-16,5,2
Icedriller,2026-08-17,5,2
Icedriller,2026-08-18,5,2
Icedriller,2026-08-19,5,2
Icedriller,2026-08-20,5,2
Icedriller,2026-08-21,5,2
Icedriller,2026-08-22,5,2
Icedriller,2026-08-24,5,2
Icedriller,2026-08-25,5,2
Icedriller,2026-08-30,5,2
Icedriller,2026-09-02,5,2
Icedriller,2026-09-03,5,2
Icedriller,2026-09-04,5,2
Icedriller,2026-09-05,5,2
Icedriller,2026-09-06,5,2
Icedriller,2026-09-07,5,2
Icedriller,2026-09-12,5,2
Icedriller,2026-09-17,5,2
Icedriller,2026-09-18,5,2
Icedriller,2026-09-19,5,2
Icedriller,2026-09-20,5,2
JD,2020-08-26,170,
JD,2020-10-31,185,
JD,2020-11-17,190,
JD,2020-11-26,195,
JD,2020-12-28,180,
JD,2021-01-22,200,
JD,2021-01-26,210,
JD,2021-02-22,205,
JD,2021-03-20,210,
JD,2021-06-13,215,
JD,2021-06-18,220,
JD,2021-06-28,230,
JD,2021-07-18,265,
JD,2021-07-21,285,
JD,2021-07-27,300,
JD,2021-08-17,350,
JD,2021-08-23,320,
JD,2021-09-05,220,
JD,2021-09-09,180,
JD,2021-10-02,150,
JD,2021-10-25,195,
JD,2021-11-22,295,
JD,2021-11-28,315,
JD,2021-12-13,345,
JD,2022-01-08,370,
JD,2022-02-03,340,
JD,2022-02-16,320,
JD,2022-03-07,275,
JD,2022-03-14,255,
JD,2022-04-02,240,
JD,2022-04-06,235,
JD,2022-05-19,260,
JD,2022-05-26,270,
JD,2022-07-28,245,
JD,2022-08-04,235,
JD,2022-08-05,215,
JD,2022-08-11,190,
JD,2022-08-17,170,
JD,2022-08-27,155,
JD,2022-09-11,175,
JD,2022-09-14,190,
JD,2022-09-18,215,
JD,2022-09-30,240,
JD,2022-10-03,270,
JD,2022-10-09,300,
JD,2022-10-12,310,
JD,2022-10-18,315,
JD,2022-10-30,300,
JD,2022-11-06,275,
JD,2022-11-12,265,
JD,2022-11-14,250,
JD,2022-11-21,220,
JD,2022-11-26,195,
JD,2022-11-29,175,
JD,2022-12-02,155,
JD,2022-12-04,150,
JD,2022-12-12,155,
JD,2022-12-13,160,
JD,2022-12-18,170,
JD,2022-12-20,190,
JD,2022-12-23,200,
JD,2022-12-27,210,
JD,2022-12-31,215,
JD,2023-01-01,220,
JD,2023-01-08,230,
JD,2023-01-10,225,
JD,2023-01-16,220,
JD,2023-02-02,215,
JD,2023-02-05,205,
JD,2023-03-09,200,
JD,2023-03-30,205,
JD,2023-04-04,210,
JD,2023-04-05,220,
JD,2023-04-07,225,
JD,2023-04-10,230,
JD,2023-04-18,235,
JD,2023-04-21,245,
JD,2023-04-23,255,
JD,2023-04-27,260,
JD,2023-04-30,265,
JD,2023-05-08,260,
JD,2023-05-10,250,
JD,2023-05-13,240,
JD,2023-05-16,225,
JD,2023-05-20,200,
JD,2023-05-22,195,
JD,2023-05-27,180,
JD,2023-06-01,170,
JD,2023-06-07,165,
JD,2023-06-13,175,
JD,2023-06-18,180,
JD,2023-06-21,185,
JD,2023-06-26,190,
JD,2023-06-30,210,
JD,2023-07-06,215,
JD,2023-07-11,220,
JD,2023-07-15,225,
JD,2023-07-20,220,
JD,2023-07-23,215,
JD,2023-07-24,205,
JD,2023-07-27,190,
JD,2023-07-29,185,
JD,2023-08-01,175,
JD,2023-08-02,170,
JD,2023-08-05,165,
JD,2023-08-12,150,
JD,2023-08-16,145,
JD,2023-08-20,140,
JD,2023-09-05,135,
JD,2023-09-06,130,
JD,2023-09-08,120,
JD,2023-09-09,110,
JD,2023-09-11,100,
JD,2023-09-14,90,
JD,2023-09-16,85,
JD,2023-09-20,80,
JD,2023-09-23,75,
JD,2023-09-27,65,
JD,2023-10-01,60,
JD,2023-10-07,55,
JD,2023-10-08,50,
JD,2023-10-15,55,
JD,2023-10-18,60,
JD,2023-10-21,65,
JD,2023-10-23,70,
JD,2023-10-26,75,
JD,2023-10-28,80,
JD,2023-11-09,85,
JD,2023-11-17,80,
JD,2023-11-22,75,
JD,2023-12-14,70,
JD,2024-01-19,65,
JD,2024-01-26,70,
JD,2024-02-20,75,
JD,2024-03-04,70,
JD,2024-03-29,75,
JD,2024-03-31,70,
JD,2024-04-03,65,
JD,2024-04-21,60,
JD,2024-05-01,55,
JD,2024-05-26,50,
JD,2024-05-31,45,
JD,2024-07-03,50,
JD,2024-07-06,55,
JD,2024-07-11,60,
JD,2024-07-29,65,
JD,2024-11-18,67,
JD,2025-01-03,70,
JD,2025-01-10,65,
JD,2025-04-13,60,
JD,2025-05-21,55,
JD,2025-05-28,50,
JD,2025-09-03,45,
JD,2025-09-18,40,
JD,2025-11-24,40,3
JD,2025-12-02,40,3
JD,2025-12-04,40,3
JD,2025-12-08,40,3
JD,2025-12-21,40,2
JD,2025-12-23,40,2
JD,2025-12-24,40,2
JD,2025-12-26,40,2
JD,2025-12-28,40,2
JD,2025-12-30,40,2
JD,2026-01-15,40,2
JD,2026-01-16,40,2
JD,2026-02-15,35,
JD,2026-02-19,35,2
JD,2026-02-27,35,2
JD,2026-02-28,35,2
JD,2026-03-06,35,2
JD,2026-03-09,35,2
JD,2026-03-15,35,2
JD,2026-04-14,35,2
JD,2026-05-09,35,2
JD,2026-05-14,35,2
JD,2026-06-21,35,2
JD,2026-06-22,35,2
JD,2026-06-26,35,2
JD,2026-07-02,35,2
JD,2026-07-03,35,2
JD,2026-07-05,35,2
JD,2026-07-06,35,2
JD,2026-07-07,32,
JD,2026-07-09,32,2
JD,2026-07-10,32,2
JD,2026-07-12,30,
JD,2026-07-14,30,2
JD,2026-07-17,30,2
JD,2026-07-21,28,
JD,2026-07-24,28,2
JD,2026-07-27,28,2
JD,2026-07-28,28,2
JD,2026-07-30,28,2
JD,2026-07-31,28,2
JD,2026-08-03,28,2
JD,2026-08-04,28,2
JD,2026-08-05,28,2
JD,2026-08-06,28,2
JD,2026-08-07,28,2
JD,2026-08-08,28,2
JD,2026-08-09,28,2
JD,2026-08-10,28,2
JD,2026-08-11,28,2
JD,2026-08-13,28,2
JD,2026-08-14,28,2
JD,2026-08-15,28,2
JD,2026-08-16,28,2
JD,2026-08-17,28,2
JD,2026-08-18,28,2
JD,2026-08-19,28,2
JD,2026-08-20,28,2
JD,2026-08-21,28,2
JD,2026-08-22,28,2
JD,2026-08-24,28,2
JD,2026-08-25,28,2
JD,2026-08-30,28,2
JD,2026-09-02,28,2
JD,2026-09-03,28,2
JD,2026-09-04,28,2
JD,2026-09-05,28,2
JD,2026-09-06,28,2
JD,2026-09-07,28,2
JD,2026-09-12,28,2
JD,2026-09-17,28,2
JD,2026-09-18,28,2
JD,2026-09-19,28,2
JD,2026-09-20,28,2
Latte (Gun),2023-11-22,40,
Latte (Gun),2023-11-27,35,
Latte (Gun),2023-11-29,30,
Latte (Gun),2023-12-05,25,
Latte (Gun),2023-12-10,20,
Latte (Gun),2024-01-03,15,
Latte (Gun),2024-01-26,17,
Latte (Gun),2024-02-02,20,
Latte (Gun),2024-02-07,25,
Latte (Gun),2024-02-10,35,
Latte (Gun),2024-02-14,40,
Latte (Gun),2024-02-20,45,
Latte (Gun),2024-03-04,50,
Latte (Gun),2024-03-14,55,
Latte (Gun),2024-03-29,60,
Latte (Gun),2024-04-10,65,
Latte (Gun),2024-04-11,60,
Latte (Gun),2024-04-16,55,
Latte (Gun),2024-05-03,60,
Latte (Gun),2024-06-03,65,
Latte (Gun),2024-06-14,70,
Latte (Gun),2024-06-19,75,
Latte (Gun),2024-06-23,80,
Latte (Gun),2024-06-26,85,
Latte (Gun),2024-06-28,90,
Latte (Gun),2024-07-01,100,
Latte (Gun),2024-07-03,105,
Latte (Gun),2024-07-06,110,
Latte (Gun),2024-07-09,115,
Latte (Gun),2024-07-14,120,
Latte (Gun),2024-07-15,125,
Latte (Gun),2024-07-18,130,
Latte (Gun),2024-07-21,135,
Latte (Gun),2024-07-29,125,
Latte (Gun),2024-07-31,120,
Latte (Gun),2024-08-02,110,
Latte (Gun),2024-08-04,100,
Latte (Gun),2024-08-08,85,
Latte (Gun),2024-08-11,80,
Latte (Gun),2024-08-26,85,
Latte (Gun),2024-08-29,90,
Latte (Gun),2024-08-31,100,
Latte (Gun),2024-09-02,110,
Latte (Gun),2024-09-05,115,
Latte (Gun),2024-09-08,120,
Latte (Gun),2024-09-18,125,
Latte (Gun),2024-09-19,130,
Latte (Gun),2024-10-06,125,
Latte (Gun),2024-10-11,120,
Latte (Gun),2024-10-23,115,
Latte (Gun),2024-10-26,110,
Latte (Gun),2024-10-28,105,
Latte (Gun),2024-11-13,100,
Latte (Gun),2024-11-30,95,
Latte (Gun),2024-12-08,90,
Latte (Gun),2025-02-23,95,
Latte (Gun),2025-02-28,100,
Latte (Gun),2025-03-04,105,
Latte (Gun),2025-03-09,110,
Latte (Gun),2025-03-17,115,
Latte (Gun),2025-03-29,120,
Latte (Gun),2025-04-06,125,
Latte (Gun),2025-04-27,130,
Latte (Gun),2025-05-04,135,
Latte (Gun),2025-05-15,140,
Latte (Gun),2025-05-28,145,
Latte (Gun),2025-06-01,150,
Latte (Gun),2025-06-26,155,
Latte (Gun),2025-06-29,160,
Latte (Gun),2025-07-05,165,
Latte (Gun),2025-07-11,170,
Latte (Gun),2025-07-14,175,
Latte (Gun),2025-07-28,170,
Latte (Gun),2025-08-01,165,
Latte (Gun),2025-08-03,160,
Latte (Gun),2025-08-07,155,
Latte (Gun),2025-08-14,150,
Latte (Gun),2025-09-17,145,
Latte (Gun),2025-09-23,140,
Latte (Gun),2025-10-08,135,
Latte (Gun),2025-10-28,130,
Latte (Gun),2025-11-01,125,
Latte (Gun),2025-11-24,125,4
Latte (Gun),2025-12-02,125,4
Latte (Gun),2025-12-04,125,4
Latte (Gun),2025-12-08,125,4
Latte (Gun),2025-12-21,125,3
Latte (Gun),2025-12-23,125,3
Latte (Gun),2025-12-24,125,3
Latte (Gun),2025-12-26,125,3
Latte (Gun),2025-12-28,125,3
Latte (Gun),2025-12-30,125,3
Latte (Gun),2026-01-15,125,3
Latte (Gun),2026-01-16,125,3
Latte (Gun),2026-02-15,130,
Latte (Gun),2026-02-19,130,3
Latte (Gun),2026-02-27,130,3
Latte (Gun),2026-02-28,130,3
Latte (Gun),2026-03-06,130,3
Latte (Gun),2026-03-09,130,3
Latte (Gun),2026-03-15,130,3
Latte (Gun),2026-04-14,130,3
Latte (Gun),2026-05-09,130,3
Latte (Gun),2026-05-14,130,3
Latte (Gun),2026-06-12,135,
Latte (Gun),2026-06-14,140,
Latte (Gun),2026-06-17,150,
Latte (Gun),2026-06-19,165,
Latte (Gun),2026-06-21,165,4
Latte (Gun),2026-06-22,185,
Latte (Gun),2026-06-24,200,
Latte (Gun),2026-06-26,200,4
Latte (Gun),2026-06-27,210,
Latte (Gun),2026-06-29,220,
Latte (Gun),2026-07-02,220,3
Latte (Gun),2026-07-03,210,
Latte (Gun),2026-07-05,200,
Latte (Gun),2026-07-06,200,3
Latte (Gun),2026-07-07,190,
Latte (Gun),2026-07-09,180,
Latte (Gun),2026-07-10,180,3
Latte (Gun),2026-07-12,175,
Latte (Gun),2026-07-13,170,
Latte (Gun),2026-07-14,170,3
Latte (Gun),2026-07-16,165,
Latte (Gun),2026-07-17,165,3
Latte (Gun),2026-07-18,160,
Latte (Gun),2026-07-21,155,
Latte (Gun),2026-07-24,155,3
Latte (Gun),2026-07-26,150,
Latte (Gun),2026-07-27,145,
Latte (Gun),2026-07-28,140,
Latte (Gun),2026-07-30,140,3
Latte (Gun),2026-07-31,140,3
Latte (Gun),2026-08-03,140,3
Latte (Gun),2026-08-04,140,3
Latte (Gun),2026-08-05,140,3
Latte (Gun),2026-08-06,140,3
Latte (Gun),2026-08-07,140,3
Latte (Gun),2026-08-08,140,3
Latte (Gun),2026-08-09,140,3
Latte (Gun),2026-08-10,140,3
Latte (Gun),2026-08-11,140,3
Latte (Gun),2026-08-13,140,3
Latte (Gun),2026-08-14,140,3
Latte (Gun),2026-08-15,140,3
Latte (Gun),2026-08-16,140,3
Latte (Gun),2026-08-17,140,3
Latte (Gun),2026-08-18,140,3
Latte (Gun),2026-08-19,140,3
Latte (Gun),2026-08-20,140,3
Latte (Gun),2026-08-21,140,3
Latte (Gun),2026-08-22,140,3
Latte (Gun),2026-08-24,140,3
Latte (Gun),2026-08-25,140,3
Latte (Gun),2026-08-30,140,3
Latte (Gun),2026-09-02,140,3
Latte (Gun),2026-09-03,140,3
Latte (Gun),2026-09-04,140,3
Latte (Gun),2026-09-05,140,3
Latte (Gun),2026-09-06,140,3
Latte (Gun),2026-09-07,140,3
Latte (Gun),2026-09-12,140,3
Latte (Gun),2026-09-17,140,3
Latte (Gun),2026-09-18,140,3
Latte (Gun),2026-09-19,140,3
Latte (Gun),2026-09-20,140,3
Latte (Knife),2023-11-22,40,
Latte (Knife),2023-11-27,35,
Latte (Knife),2023-11-29,30,
Latte (Knife),2023-12-05,25,
Latte (Knife),2023-12-10,20,
Latte (Knife),2024-01-03,15,
Latte (Knife),2024-01-26,17,
Latte (Knife),2024-02-02,20,
Latte (Knife),2024-02-07,25,
Latte (Knife),2024-02-10,35,
Latte (Knife),2024-02-14,40,
Latte (Knife),2024-02-20,45,
Latte (Knife),2024-03-04,50,
Latte (Knife),2024-03-14,55,
Latte (Knife),2024-03-29,60,
Latte (Knife),2024-04-10,65,
Latte (Knife),2024-04-11,60,
Latte (Knife),2024-04-16,55,
Latte (Knife),2024-05-03,60,
Latte (Knife),2024-06-03,65,
Latte (Knife),2024-06-14,70,
Latte (Knife),2024-06-19,75,
Latte (Knife),2024-06-23,80,
Latte (Knife),2024-06-26,85,
Latte (Knife),2024-06-28,90,
Latte (Knife),2024-07-01,100,
Latte (Knife),2024-07-03,105,
Latte (Knife),2024-07-06,110,
Latte (Knife),2024-07-09,115,
Latte (Knife),2024-07-14,120,
Latte (Knife),2024-07-15,125,
Latte (Knife),2024-07-18,130,
Latte (Knife),2024-07-21,135,
Latte (Knife),2024-07-29,125,
Latte (Knife),2024-07-31,120,
Latte (Knife),2024-08-02,110,
Latte (Knife),2024-08-04,100,
Latte (Knife),2024-08-08,85,
Latte (Knife),2024-08-11,80,
Latte (Knife),2024-08-26,85,
Latte (Knife),2024-08-29,90,
Latte (Knife),2024-08-31,100,
Latte (Knife),2024-09-02,110,
Latte (Knife),2024-09-05,115,
Latte (Knife),2024-09-08,120,
Latte (Knife),2024-09-18,125,
Latte (Knife),2024-09-19,130,
Latte (Knife),2024-10-06,125,
Latte (Knife),2024-10-11,120,
Latte (Knife),2024-10-23,115,
Latte (Knife),2024-10-26,110,
Latte (Knife),2024-10-28,105,
Latte (Knife),2024-11-13,100,
Latte (Knife),2024-11-30,95,
Latte (Knife),2024-12-08,90,
Latte (Knife),2025-02-23,95,
Latte (Knife),2025-02-28,100,
Latte (Knife),2025-03-04,105,
Latte (Knife),2025-03-09,110,
Latte (Knife),2025-03-17,115,
Latte (Knife),2025-03-29,120,
Latte (Knife),2025-04-06,125,
Latte (Knife),2025-04-27,130,
Latte (Knife),2025-05-04,135,
Latte (Knife),2025-05-15,140,
Latte (Knife),2025-05-28,145,
Latte (Knife),2025-06-01,150,
Latte (Knife),2025-06-26,155,
Latte (Knife),2025-06-29,160,
Latte (Knife),2025-07-05,165,
Latte (Knife),2025-07-11,170,
Latte (Knife),2025-07-14,175,
Latte (Knife),2025-07-28,170,
Latte (Knife),2025-08-01,165,
Latte (Knife),2025-08-03,160,
Latte (Knife),2025-08-07,155,
Latte (Knife),2025-08-14,150,
Latte (Knife),2025-09-17,145,
Latte (Knife),2025-09-23,140,
Latte (Knife),2025-10-08,135,
Latte (Knife),2025-10-28,130,
Latte (Knife),2025-11-01,125,
Latte (Knife),2025-11-24,125,4
Latte (Knife),2025-12-02,125,4
Latte (Knife),2025-12-04,125,4
Latte (Knife),2025-12-08,125,4
Latte (Knife),2025-12-21,125,3
Latte (Knife),2025-12-23,125,3
Latte (Knife),2025-12-24,125,3
Latte (Knife),2025-12-26,125,3
Latte (Knife),2025-12-28,125,3
Latte (Knife),2025-12-30,125,3
Latte (Knife),2026-01-15,125,3
Latte (Knife),2026-01-16,125,3
Latte (Knife),2026-02-15,130,
Latte (Knife),2026-02-19,130,3
Latte (Knife),2026-02-27,130,3
Latte (Knife),2026-02-28,130,3
Latte (Knife),2026-03-06,130,3
Latte (Knife),2026-03-09,130,3
Latte (Knife),2026-03-15,130,3
Latte (Knife),2026-04-14,130,3
Latte (Knife),2026-05-09,130,3
Latte (Knife),2026-05-14,130,3
Latte (Knife),2026-06-12,135,
Latte (Knife),2026-06-14,140,
Latte (Knife),2026-06-17,150,
Latte (Knife),2026-06-19,165,
Latte (Knife),2026-06-21,165,4
Latte (Knife),2026-06-22,185,
Latte (Knife),2026-06-24,200,
Latte (Knife),2026-06-26,200,4
Latte (Knife),2026-06-27,210,
Latte (Knife),2026-06-29,220,
Latte (Knife),2026-07-02,220,3
Latte (Knife),2026-07-03,210,
Latte (Knife),2026-07-05,200,
Latte (Knife),2026-07-06,200,3
Latte (Knife),2026-07-07,190,
Latte (Knife),2026-07-09,180,
Latte (Knife),2026-07-10,180,3
Latte (Knife),2026-07-12,175,
Latte (Knife),2026-07-13,170,
Latte (Knife),2026-07-14,170,3
Latte (Knife),2026-07-16,165,
Latte (Knife),2026-07-17,165,3
Latte (Knife),2026-07-18,160,
Latte (Knife),2026-07-21,155,
Latte (Knife),2026-07-24,155,3
Latte (Knife),2026-07-26,150,
Latte (Knife),2026-07-27,145,
Latte (Knife),2026-07-28,140,
Latte (Knife),2026-07-30,140,3
Latte (Knife),2026-07-31,140,3
Latte (Knife),2026-08-03,140,3
Latte (Knife),2026-08-04,140,3
Latte (Knife),2026-08-05,140,3
Latte (Knife),2026-08-06,140,3
Latte (Knife),2026-08-07,140,3
Latte (Knife),2026-08-08,140,3
Latte (Knife),2026-08-09,140,3
Latte (Knife),2026-08-10,140,3
Latte (Knife),2026-08-11,140,3
Latte (Knife),2026-08-13,140,3
Latte (Knife),2026-08-14,140,3
Latte (Knife),2026-08-15,140,3
Latte (Knife),2026-08-16,140,3
Latte (Knife),2026-08-17,140,3
Latte (Knife),2026-08-18,140,3
Latte (Knife),2026-08-19,140,3
Latte (Knife),2026-08-20,140,3
Latte (Knife),2026-08-21,140,3
Latte (Knife),2026-08-22,140,3
Latte (Knife),2026-08-24,140,3
Latte (Knife),2026-08-25,140,3
Latte (Knife),2026-08-30,140,3
Latte (Knife),2026-09-02,140,3
Latte (Knife),2026-09-03,140,3
Latte (Knife),2026-09-04,140,3
Latte (Knife),2026-09-05,140,3
Latte (Knife),2026-09-06,140,3
Latte (Knife),2026-09-07,140,3
Latte (Knife),2026-09-12,140,3
Latte (Knife),2026-09-17,140,3
Latte (Knife),2026-09-18,140,3
Latte (Knife),2026-09-19,140,3
Latte (Knife),2026-09-20,140,3
Midnight,2025-11-24,0.45,2
Midnight,2025-12-02,0.45,2
Midnight,2025-12-04,0.45,2
Midnight,2025-12-08,0.45,2
Midnight,2025-12-21,0.45,2
Midnight,2025-12-23,0.45,2
Midnight,2025-12-24,0.45,2
Midnight,2025-12-26,0.45,2
Midnight,2025-12-28,0.45,2
Midnight,2025-12-30,0.45,2
Midnight,2026-01-15,0.45,2
Midnight,2026-01-16,0.45,2
Midnight,2026-02-19,0.45,2
Midnight,2026-02-27,0.45,2
Midnight,2026-02-28,0.45,2
Midnight,2026-03-06,0.45,2
Midnight,2026-03-09,0.45,2
Midnight,2026-03-15,0.45,2
Midnight,2026-04-14,0.45,2
Midnight,2026-05-09,0.45,2
Midnight,2026-05-14,0.45,2
Midnight,2026-06-21,0.45,2
Midnight,2026-06-22,0.45,2
Midnight,2026-06-26,0.45,2
Midnight,2026-07-02,0.45,2
Midnight,2026-07-03,0.45,2
Midnight,2026-07-05,0.45,2
Midnight,2026-07-06,0.45,2
Midnight,2026-07-09,0.45,2
Midnight,2026-07-10,0.45,2
Midnight,2026-07-12,0.45,2
Midnight,2026-07-14,0.45,2
Midnight,2026-07-17,0.45,2
Midnight,2026-07-24,0.45,2
Midnight,2026-07-27,0.45,2
Midnight,2026-07-28,0.45,2
Midnight,2026-07-30,0.45,2
Midnight,2026-07-31,0.45,2
Midnight,2026-08-03,0.45,2
Midnight,2026-08-04,0.45,2
Midnight,2026-08-05,0.45,2
Midnight,2026-08-06,0.45,2
Midnight,2026-08-07,0.45,2
Midnight,2026-08-08,0.45,2
Midnight,2026-08-09,0.45,2
Midnight,2026-08-10,0.45,2
Midnight,2026-08-11,0.45,2
Midnight,2026-08-13,0.45,2
Midnight,2026-08-14,0.45,2
Midnight,2026-08-15,0.45,2
Midnight,2026-08-16,0.45,2
Midnight,2026-08-17,0.45,2
Midnight,2026-08-18,0.45,2
Midnight,2026-08-19,0.45,2
Midnight,2026-08-20,0.45,2
Midnight,2026-08-21,0.45,2
Midnight,2026-08-22,0.45,2
Midnight,2026-08-24,0.45,2
Midnight,2026-08-25,0.45,2
Midnight,2026-08-30,0.45,2
Midnight,2026-09-02,0.45,2
Midnight,2026-09-03,0.45,2
Midnight,2026-09-04,0.45,2
Midnight,2026-09-05,0.45,2
Midnight,2026-09-06,0.45,2
Midnight,2026-09-07,0.45,2
Midnight,2026-09-12,0.45,2
Midnight,2026-09-17,0.45,2
Midnight,2026-09-18,0.45,2
Midnight,2026-09-19,0.45,2
Midnight,2026-09-20,0.45,2
Nightsky,2024-12-29,1,
Nightsky,2025-03-09,2,
Nightsky,2025-09-17,3,
Nightsky,2025-10-15,4,
Nightsky,2025-11-13,5,
Nightsky,2025-11-24,5,2
Nightsky,2025-12-02,5,2
Nightsky,2025-12-04,5,2
Nightsky,2025-12-08,5,2
Nightsky,2025-12-21,5,2
Nightsky,2025-12-23,5,2
Nightsky,2025-12-24,5,2
Nightsky,2025-12-26,5,2
Nightsky,2025-12-28,5,2
Nightsky,2025-12-30,5,2
Nightsky,2026-01-15,5,2
Nightsky,2026-01-16,5,2
Nightsky,2026-02-19,5,2
Nightsky,2026-02-27,5,2
Nightsky,2026-02-28,5,2
Nightsky,2026-03-06,5,2
Nightsky,2026-03-09,5,2
Nightsky,2026-03-15,5,2
Nightsky,2026-04-14,5,2
Nightsky,2026-05-09,5,2
Nightsky,2026-05-14,5,2
Nightsky,2026-06-21,5,2
Nightsky,2026-06-22,5,2
Nightsky,2026-06-26,5,2
Nightsky,2026-07-02,5,2
Nightsky,2026-07-03,5,2
Nightsky,2026-07-05,5,2
Nightsky,2026-07-06,5,2
Nightsky,2026-07-09,5,2
Nightsky,2026-07-10,5,2
Nightsky,2026-07-12,5,2
Nightsky,2026-07-14,5,2
Nightsky,2026-07-17,5,2
Nightsky,2026-07-24,5,2
Nightsky,2026-07-27,5,2
Nightsky,2026-07-28,5,2
Nightsky,2026-07-30,5,2
Nightsky,2026-07-31,5,2
Nightsky,2026-08-03,5,2
Nightsky,2026-08-04,5,2
Nightsky,2026-08-05,5,2
Nightsky,2026-08-06,5,2
Nightsky,2026-08-07,5,2
Nightsky,2026-08-08,5,2
Nightsky,2026-08-09,5,2
Nightsky,2026-08-10,5,2
Nightsky,2026-08-11,5,2
Nightsky,2026-08-13,5,2
Nightsky,2026-08-14,5,2
Nightsky,2026-08-15,5,2
Nightsky,2026-08-16,5,2
Nightsky,2026-08-17,5,2
Nightsky,2026-08-18,5,2
Nightsky,2026-08-19,5,2
Nightsky,2026-08-20,5,2
Nightsky,2026-08-21,5,2
Nightsky,2026-08-22,5,2
Nightsky,2026-08-24,5,2
Nightsky,2026-08-25,5,2
Nightsky,2026-08-30,5,2
Nightsky,2026-09-02,5,2
Nightsky,2026-09-03,5,2
Nightsky,2026-09-04,5,2
Nightsky,2026-09-05,5,2
Nightsky,2026-09-06,5,2
Nightsky,2026-09-07,5,2
Nightsky,2026-09-12,5,2
Nightsky,2026-09-17,5,2
Nightsky,2026-09-18,5,2
Nightsky,2026-09-19,5,2
Nightsky,2026-09-20,5,2
Nightstar,2024-12-29,1,
Nightstar,2025-03-09,0.8,
Nightstar,2025-04-13,0.6,
Nightstar,2025-11-24,0.45,2
Nightstar,2025-12-02,0.45,2
Nightstar,2025-12-04,0.45,2
Nightstar,2025-12-08,0.45,2
Nightstar,2025-12-21,0.45,2
Nightstar,2025-12-23,0.45,2
Nightstar,2025-12-24,0.45,2
Nightstar,2025-12-26,0.45,2
Nightstar,2025-12-28,0.45,2
Nightstar,2025-12-30,0.45,2
Nightstar,2026-01-15,0.45,2
Nightstar,2026-01-16,0.45,2
Nightstar,2026-02-19,0.45,2
Nightstar,2026-02-27,0.45,2
Nightstar,2026-02-28,0.45,2
Nightstar,2026-03-06,0.45,2
Nightstar,2026-03-09,0.45,2
Nightstar,2026-03-15,0.45,2
Nightstar,2026-04-14,0.45,2
Nightstar,2026-05-09,0.45,2
Nightstar,2026-05-14,0.45,2
Nightstar,2026-06-21,0.45,2
Nightstar,2026-06-22,0.45,2
Nightstar,2026-06-26,0.45,2
Nightstar,2026-07-02,0.45,2
Nightstar,2026-07-03,0.45,2
Nightstar,2026-07-05,0.45,2
Nightstar,2026-07-06,0.45,2
Nightstar,2026-07-07,0.8,
Nightstar,2026-07-09,0.6,2
Nightstar,2026-07-10,0.6,2
Nightstar,2026-07-12,0.6,2
Nightstar,2026-07-14,0.6,2
Nightstar,2026-07-17,0.6,2
Nightstar,2026-07-24,0.6,2
Nightstar,2026-07-27,0.6,2
Nightstar,2026-07-28,0.6,2
Nightstar,2026-07-30,0.6,2
Nightstar,2026-07-31,0.6,2
Nightstar,2026-08-03,0.6,2
Nightstar,2026-08-04,0.6,2
Nightstar,2026-08-05,0.6,2
Nightstar,2026-08-06,0.6,2
Nightstar,2026-08-07,0.6,2
Nightstar,2026-08-08,0.6,2
Nightstar,2026-08-09,0.6,2
Nightstar,2026-08-10,0.6,2
Nightstar,2026-08-11,0.6,2
Nightstar,2026-08-13,0.6,2
Nightstar,2026-08-14,0.6,2
Nightstar,2026-08-15,0.6,2
Nightstar,2026-08-16,0.6,2
Nightstar,2026-08-17,0.6,2
Nightstar,2026-08-18,0.6,2
Nightstar,2026-08-19,0.6,2
Nightstar,2026-08-20,0.6,2
Nightstar,2026-08-21,0.6,2
Nightstar,2026-08-22,0.6,2
Nightstar,2026-08-24,0.6,2
Nightstar,2026-08-25,0.6,2
Nightstar,2026-08-30,0.6,2
Nightstar,2026-09-02,0.6,2
Nightstar,2026-09-03,0.6,2
Nightstar,2026-09-04,0.6,2
Nightstar,2026-09-05,0.6,2
Nightstar,2026-09-06,0.6,2
Nightstar,2026-09-07,0.6,2
Nightstar,2026-09-12,0.6,2
Nightstar,2026-09-17,0.6,2
Nightstar,2026-09-18,0.6,2
Nightstar,2026-09-19,0.6,2
Nightstar,2026-09-20,0.6,2
Overseer (Gun),2023-10-15,1,
Overseer (Gun),2024-03-29,0.8,
Overseer (Gun),2025-11-24,0.6,2
Overseer (Gun),2025-12-02,0.6,2
Overseer (Gun),2025-12-04,0.6,2
Overseer (Gun),2025-12-08,0.6,2
Overseer (Gun),2025-12-21,0.6,2
Overseer (Gun),2025-12-23,0.6,2
Overseer (Gun),2025-12-24,0.6,2
Overseer (Gun),2025-12-26,0.6,2
Overseer (Gun),2025-12-28,0.6,2
Overseer (Gun),2025-12-30,0.6,2
Overseer (Gun),2026-01-15,0.6,2
Overseer (Gun),2026-01-16,0.6,2
Overseer (Gun),2026-02-19,0.6,2
Overseer (Gun),2026-02-27,0.6,2
Overseer (Gun),2026-02-28,0.6,2
Overseer (Gun),2026-03-06,0.6,2
Overseer (Gun),2026-03-09,0.6,2
Overseer (Gun),2026-03-15,0.6,2
Overseer (Gun),2026-04-14,0.6,2
Overseer (Gun),2026-05-09,0.6,2
Overseer (Gun),2026-05-14,0.6,2
Overseer (Gun),2026-06-21,0.6,2
Overseer (Gun),2026-06-22,0.6,2
Overseer (Gun),2026-06-26,0.6,2
Overseer (Gun),2026-07-02,0.6,2
Overseer (Gun),2026-07-03,0.6,2
Overseer (Gun),2026-07-05,0.6,2
Overseer (Gun),2026-07-06,0.6,2
Overseer (Gun),2026-07-09,0.6,2
Overseer (Gun),2026-07-10,0.6,2
Overseer (Gun),2026-07-12,0.6,2
Overseer (Gun),2026-07-14,0.6,2
Overseer (Gun),2026-07-17,0.6,2
Overseer (Gun),2026-07-24,0.6,2
Overseer (Gun),2026-07-27,0.6,2
Overseer (Gun),2026-07-28,0.6,2
Overseer (Gun),2026-07-30,0.6,2
Overseer (Gun),2026-07-31,0.6,2
Overseer (Gun),2026-08-03,0.6,2
Overseer (Gun),2026-08-04,0.6,2
Overseer (Gun),2026-08-05,0.6,2
Overseer (Gun),2026-08-06,0.6,2
Overseer (Gun),2026-08-07,0.6,2
Overseer (Gun),2026-08-08,0.6,2
Overseer (Gun),2026-08-09,0.6,2
Overseer (Gun),2026-08-10,0.6,2
Overseer (Gun),2026-08-11,0.6,2
Overseer (Gun),2026-08-13,0.6,2
Overseer (Gun),2026-08-14,0.6,2
Overseer (Gun),2026-08-15,0.6,2
Overseer (Gun),2026-08-16,0.6,2
Overseer (Gun),2026-08-17,0.6,2
Overseer (Gun),2026-08-18,0.6,2
Overseer (Gun),2026-08-19,0.6,2
Overseer (Gun),2026-08-20,0.6,2
Overseer (Gun),2026-08-21,0.6,2
Overseer (Gun),2026-08-22,0.6,2
Overseer (Gun),2026-08-24,0.6,2
Overseer (Gun),2026-08-25,0.6,2
Overseer (Gun),2026-08-30,0.6,2
Overseer (Gun),2026-09-02,0.6,2
Overseer (Gun),2026-09-03,0.6,2
Overseer (Gun),2026-09-04,0.6,2
Overseer (Gun),2026-09-05,0.6,2
Overseer (Gun),2026-09-06,0.6,2
Overseer (Gun),2026-09-07,0.6,2
Overseer (Gun),2026-09-12,0.6,2
Overseer (Gun),2026-09-17,0.6,2
Overseer (Gun),2026-09-18,0.6,2
Overseer (Gun),2026-09-19,0.6,2
Overseer (Gun),2026-09-20,0.6,2
Overseer (Knife),2025-11-24,0.12,2
Overseer (Knife),2025-12-02,0.12,2
Overseer (Knife),2025-12-04,0.12,2
Overseer (Knife),2025-12-08,0.12,2
Overseer (Knife),2025-12-21,0.12,2
Overseer (Knife),2025-12-23,0.12,2
Overseer (Knife),2025-12-24,0.12,2
Overseer (Knife),2025-12-26,0.12,2
Overseer (Knife),2025-12-28,0.12,2
Overseer (Knife),2025-12-30,0.12,2
Overseer (Knife),2026-01-15,0.12,2
Overseer (Knife),2026-01-16,0.12,2
Overseer (Knife),2026-02-19,0.12,2
Overseer (Knife),2026-02-27,0.12,2
Overseer (Knife),2026-02-28,0.12,2
Overseer (Knife),2026-03-06,0.12,2
Overseer (Knife),2026-03-09,0.12,2
Overseer (Knife),2026-03-15,0.12,2
Overseer (Knife),2026-04-14,0.12,2
Overseer (Knife),2026-05-09,0.12,2
Overseer (Knife),2026-05-14,0.12,2
Overseer (Knife),2026-06-21,0.12,2
Overseer (Knife),2026-06-22,0.12,2
Overseer (Knife),2026-06-26,0.12,2
Overseer (Knife),2026-07-02,0.12,2
Overseer (Knife),2026-07-03,0.12,2
Overseer (Knife),2026-07-05,0.12,2
Overseer (Knife),2026-07-06,0.12,2
Overseer (Knife),2026-07-09,0.12,2
Overseer (Knife),2026-07-10,0.12,2
Overseer (Knife),2026-07-12,0.12,2
Overseer (Knife),2026-07-14,0.12,2
Overseer (Knife),2026-07-17,0.12,2
Overseer (Knife),2026-07-24,0.12,2
Overseer (Knife),2026-07-27,0.12,2
Overseer (Knife),2026-07-28,0.12,2
Overseer (Knife),2026-07-30,0.12,2
Overseer (Knife),2026-07-31,0.12,2
Overseer (Knife),2026-08-03,0.12,2
Overseer (Knife),2026-08-04,0.12,2
Overseer (Knife),2026-08-05,0.12,2
Overseer (Knife),2026-08-06,0.12,2
Overseer (Knife),2026-08-07,0.12,2
Overseer (Knife),2026-08-08,0.12,2
Overseer (Knife),2026-08-09,0.12,2
Overseer (Knife),2026-08-10,0.12,2
Overseer (Knife),2026-08-11,0.12,2
Overseer (Knife),2026-08-13,0.12,2
Overseer (Knife),2026-08-14,0.12,2
Overseer (Knife),2026-08-15,0.12,2
Overseer (Knife),2026-08-16,0.12,2
Overseer (Knife),2026-08-17,0.12,2
Overseer (Knife),2026-08-18,0.12,2
Overseer (Knife),2026-08-19,0.12,2
Overseer (Knife),2026-08-20,0.12,2
Overseer (Knife),2026-08-21,0.12,2
Overseer (Knife),2026-08-22,0.12,2
Overseer (Knife),2026-08-24,0.12,2
Overseer (Knife),2026-08-25,0.12,2
Overseer (Knife),2026-08-30,0.12,2
Overseer (Knife),2026-09-02,0.12,2
Overseer (Knife),2026-09-03,0.12,2
Overseer (Knife),2026-09-04,0.12,2
Overseer (Knife),2026-09-05,0.12,2
Overseer (Knife),2026-09-06,0.12,2
Overseer (Knife),2026-09-07,0.12,2
Overseer (Knife),2026-09-12,0.12,2
Overseer (Knife),2026-09-17,0.12,2
Overseer (Knife),2026-09-18,0.12,2
Overseer (Knife),2026-09-19,0.12,2
Overseer (Knife),2026-09-20,0.12,2
Palms (Gun),2024-07-11,3,
Palms (Gun),2024-07-18,5,
Palms (Gun),2024-07-29,4,
Palms (Gun),2024-08-08,2,
Palms (Gun),2024-09-12,1,
Palms (Gun),2024-09-23,0.8,
Palms (Gun),2024-10-11,0.6,
Palms (Gun),2025-11-24,0.45,2
Palms (Gun),2025-12-02,0.45,2
Palms (Gun),2025-12-04,0.45,2
Palms (Gun),2025-12-08,0.45,2
Palms (Gun),2025-12-21,0.45,2
Palms (Gun),2025-12-23,0.45,2
Palms (Gun),2025-12-24,0.45,2
Palms (Gun),2025-12-26,0.45,2
Palms (Gun),2025-12-28,0.45,2
Palms (Gun),2025-12-30,0.45,2
Palms (Gun),2026-01-15,0.45,2
Palms (Gun),2026-01-16,0.45,2
Palms (Gun),2026-02-19,0.45,2
Palms (Gun),2026-02-27,0.45,2
Palms (Gun),2026-02-28,0.45,2
Palms (Gun),2026-03-06,0.45,2
Palms (Gun),2026-03-09,0.45,2
Palms (Gun),2026-03-15,0.45,2
Palms (Gun),2026-04-14,0.45,2
Palms (Gun),2026-05-09,0.45,2
Palms (Gun),2026-05-14,0.45,2
Palms (Gun),2026-06-21,0.45,2
Palms (Gun),2026-06-22,0.45,2
Palms (Gun),2026-06-26,0.45,2
Palms (Gun),2026-07-02,0.45,2
Palms (Gun),2026-07-03,0.45,2
Palms (Gun),2026-07-05,0.45,2
Palms (Gun),2026-07-06,0.45,2
Palms (Gun),2026-07-09,0.45,2
Palms (Gun),2026-07-10,0.45,2
Palms (Gun),2026-07-12,0.45,2
Palms (Gun),2026-07-14,0.45,2
Palms (Gun),2026-07-17,0.45,2
Palms (Gun),2026-07-24,0.45,2
Palms (Gun),2026-07-27,0.45,2
Palms (Gun),2026-07-28,0.45,2
Palms (Gun),2026-07-30,0.45,2
Palms (Gun),2026-07-31,0.45,2
Palms (Gun),2026-08-03,0.45,2
Palms (Gun),2026-08-04,0.45,2
Palms (Gun),2026-08-05,0.45,2
Palms (Gun),2026-08-06,0.45,2
Palms (Gun),2026-08-07,0.45,2
Palms (Gun),2026-08-08,0.45,2
Palms (Gun),2026-08-09,0.45,2
Palms (Gun),2026-08-10,0.45,2
Palms (Gun),2026-08-11,0.45,2
Palms (Gun),2026-08-13,0.45,2
Palms (Gun),2026-08-14,0.45,2
Palms (Gun),2026-08-15,0.45,2
Palms (Gun),2026-08-16,0.45,2
Palms (Gun),2026-08-17,0.45,2
Palms (Gun),2026-08-18,0.45,2
Palms (Gun),2026-08-19,0.45,2
Palms (Gun),2026-08-20,0.45,2
Palms (Gun),2026-08-21,0.45,2
Palms (Gun),2026-08-22,0.45,2
Palms (Gun),2026-08-24,0.45,2
Palms (Gun),2026-08-25,0.45,2
Palms (Gun),2026-08-30,0.45,2
Palms (Gun),2026-09-02,0.45,2
Palms (Gun),2026-09-03,0.45,2
Palms (Gun),2026-09-04,0.45,2
Palms (Gun),2026-09-05,0.45,2
Palms (Gun),2026-09-06,0.45,2
Palms (Gun),2026-09-07,0.45,2
Palms (Gun),2026-09-12,0.45,2
Palms (Gun),2026-09-17,0.45,2
Palms (Gun),2026-09-18,0.45,2
Palms (Gun),2026-09-19,0.45,2
Palms (Gun),2026-09-20,0.45,2
Palms (Knife),2024-07-11,3,
Palms (Knife),2024-07-29,2,
Palms (Knife),2024-08-02,1,
Palms (Knife),2024-08-08,0.8,
Palms (Knife),2024-09-12,0.4,
Palms (Knife),2025-11-24,0.3,1
Palms (Knife),2025-12-02,0.3,1
Palms (Knife),2025-12-04,0.3,1
Palms (Knife),2025-12-08,0.3,1
Palms (Knife),2025-12-21,0.3,1
Palms (Knife),2025-12-23,0.3,1
Palms (Knife),2025-12-24,0.3,1
Palms (Knife),2025-12-26,0.3,1
Palms (Knife),2025-12-28,0.3,1
Palms (Knife),2025-12-30,0.3,1
Palms (Knife),2026-01-15,0.3,1
Palms (Knife),2026-01-16,0.3,1
Palms (Knife),2026-02-19,0.3,1
Palms (Knife),2026-02-27,0.3,1
Palms (Knife),2026-02-28,0.3,1
Palms (Knife),2026-03-06,0.3,1
Palms (Knife),2026-03-09,0.3,1
Palms (Knife),2026-03-15,0.3,1
Palms (Knife),2026-04-14,0.3,1
Palms (Knife),2026-05-09,0.3,1
Palms (Knife),2026-05-14,0.3,1
Palms (Knife),2026-06-21,0.3,1
Palms (Knife),2026-06-22,0.3,1
Palms (Knife),2026-06-26,0.3,1
Palms (Knife),2026-07-02,0.3,1
Palms (Knife),2026-07-03,0.3,1
Palms (Knife),2026-07-05,0.3,1
Palms (Knife),2026-07-06,0.3,1
Palms (Knife),2026-07-09,0.3,1
Palms (Knife),2026-07-10,0.3,1
Palms (Knife),2026-07-12,0.3,1
Palms (Knife),2026-07-14,0.3,1
Palms (Knife),2026-07-17,0.3,1
Palms (Knife),2026-07-24,0.3,1
Palms (Knife),2026-07-27,0.3,1
Palms (Knife),2026-07-28,0.3,1
Palms (Knife),2026-07-30,0.3,1
Palms (Knife),2026-07-31,0.3,1
Palms (Knife),2026-08-03,0.3,1
Palms (Knife),2026-08-04,0.3,1
Palms (Knife),2026-08-05,0.3,1
Palms (Knife),2026-08-06,0.3,1
Palms (Knife),2026-08-07,0.3,1
Palms (Knife),2026-08-08,0.3,1
Palms (Knife),2026-08-09,0.3,1
Palms (Knife),2026-08-10,0.3,1
Palms (Knife),2026-08-11,0.3,1
Palms (Knife),2026-08-13,0.3,1
Palms (Knife),2026-08-14,0.3,1
Palms (Knife),2026-08-15,0.3,1
Palms (Knife),2026-08-16,0.3,1
Palms (Knife),2026-08-17,0.3,1
Palms (Knife),2026-08-18,0.3,1
Palms (Knife),2026-08-19,0.3,1
Palms (Knife),2026-08-20,0.3,1
Palms (Knife),2026-08-21,0.3,1
Palms (Knife),2026-08-22,0.3,1
Palms (Knife),2026-08-24,0.3,1
Palms (Knife),2026-08-25,0.3,1
Palms (Knife),2026-08-30,0.3,1
Palms (Knife),2026-09-02,0.3,1
Palms (Knife),2026-09-03,0.3,1
Palms (Knife),2026-09-04,0.3,1
Palms (Knife),2026-09-05,0.3,1
Palms (Knife),2026-09-06,0.3,1
Palms (Knife),2026-09-07,0.3,1
Palms (Knife),2026-09-12,0.3,1
Palms (Knife),2026-09-17,0.3,1
Palms (Knife),2026-09-18,0.3,1
Palms (Knife),2026-09-19,0.3,1
Palms (Knife),2026-09-20,0.3,1
Plasmite,2025-11-24,0.12,1
Plasmite,2025-12-02,0.12,1
Plasmite,2025-12-04,0.12,1
Plasmite,2025-12-08,0.12,1
Plasmite,2025-12-21,0.12,1
Plasmite,2025-12-23,0.12,1
Plasmite,2025-12-24,0.12,1
Plasmite,2025-12-26,0.12,1
Plasmite,2025-12-28,0.12,1
Plasmite,2025-12-30,0.12,1
Plasmite,2026-01-15,0.12,1
Plasmite,2026-01-16,0.12,1
Plasmite,2026-02-19,0.12,1
Plasmite,2026-02-27,0.12,1
Plasmite,2026-02-28,0.12,1
Plasmite,2026-03-06,0.12,1
Plasmite,2026-03-09,0.12,1
Plasmite,2026-03-15,0.12,1
Plasmite,2026-04-14,0.12,1
Plasmite,2026-05-09,0.12,1
Plasmite,2026-05-14,0.12,1
Plasmite,2026-06-21,0.12,1
Plasmite,2026-06-22,0.12,1
Plasmite,2026-06-26,0.12,1
Plasmite,2026-07-02,0.12,1
Plasmite,2026-07-03,0.12,1
Plasmite,2026-07-05,0.12,1
Plasmite,2026-07-06,0.12,1
Plasmite,2026-07-09,0.12,1
Plasmite,2026-07-10,0.12,1
Plasmite,2026-07-12,0.12,1
Plasmite,2026-07-14,0.12,1
Plasmite,2026-07-17,0.12,1
Plasmite,2026-07-24,0.12,1
Plasmite,2026-07-27,0.12,1
Plasmite,2026-07-28,0.12,1
Plasmite,2026-07-30,0.12,1
Plasmite,2026-07-31,0.12,1
Plasmite,2026-08-03,0.12,1
Plasmite,2026-08-04,0.12,1
Plasmite,2026-08-05,0.12,1
Plasmite,2026-08-06,0.12,1
Plasmite,2026-08-07,0.12,1
Plasmite,2026-08-08,0.12,1
Plasmite,2026-08-09,0.12,1
Plasmite,2026-08-10,0.12,1
Plasmite,2026-08-11,0.12,1
Plasmite,2026-08-13,0.12,1
Plasmite,2026-08-14,0.12,1
Plasmite,2026-08-15,0.12,1
Plasmite,2026-08-16,0.12,1
Plasmite,2026-08-17,0.12,1
Plasmite,2026-08-18,0.12,1
Plasmite,2026-08-19,0.12,1
Plasmite,2026-08-20,0.12,1
Plasmite,2026-08-21,0.12,1
Plasmite,2026-08-22,0.12,1
Plasmite,2026-08-24,0.12,1
Plasmite,2026-08-25,0.12,1
Plasmite,2026-08-30,0.12,1
Plasmite,2026-09-02,0.12,1
Plasmite,2026-09-03,0.12,1
Plasmite,2026-09-04,0.12,1
Plasmite,2026-09-05,0.12,1
Plasmite,2026-09-06,0.12,1
Plasmite,2026-09-07,0.12,1
Plasmite,2026-09-12,0.12,1
Plasmite,2026-09-17,0.12,1
Plasmite,2026-09-18,0.12,1
Plasmite,2026-09-19,0.12,1
Plasmite,2026-09-20,0.12,1
Predator (Gun),2025-11-24,0.12,2
Predator (Gun),2025-12-02,0.12,2
Predator (Gun),2025-12-04,0.12,2
Predator (Gun),2025-12-08,0.12,2
Predator (Gun),2025-12-21,0.12,2
Predator (Gun),2025-12-23,0.12,2
Predator (Gun),2025-12-24,0.12,2
Predator (Gun),2025-12-26,0.12,2
Predator (Gun),2025-12-28,0.12,2
Predator (Gun),2025-12-30,0.12,2
Predator (Gun),2026-01-15,0.12,2
Predator (Gun),2026-01-16,0.12,2
Predator (Gun),2026-02-19,0.12,2
Predator (Gun),2026-02-27,0.12,2
Predator (Gun),2026-02-28,0.12,2
Predator (Gun),2026-03-06,0.12,2
Predator (Gun),2026-03-09,0.12,2
Predator (Gun),2026-03-15,0.12,2
Predator (Gun),2026-04-14,0.12,2
Predator (Gun),2026-05-09,0.12,2
Predator (Gun),2026-05-14,0.12,2
Predator (Gun),2026-06-21,0.12,2
Predator (Gun),2026-06-22,0.12,2
Predator (Gun),2026-06-26,0.12,2
Predator (Gun),2026-07-02,0.12,2
Predator (Gun),2026-07-03,0.12,2
Predator (Gun),2026-07-05,0.12,2
Predator (Gun),2026-07-06,0.12,2
Predator (Gun),2026-07-09,0.12,2
Predator (Gun),2026-07-10,0.12,2
Predator (Gun),2026-07-12,0.12,2
Predator (Gun),2026-07-14,0.12,2
Predator (Gun),2026-07-17,0.12,2
Predator (Gun),2026-07-24,0.12,2
Predator (Gun),2026-07-27,0.12,2
Predator (Gun),2026-07-28,0.12,2
Predator (Gun),2026-07-30,0.12,2
Predator (Gun),2026-07-31,0.12,2
Predator (Gun),2026-08-03,0.12,2
Predator (Gun),2026-08-04,0.12,2
Predator (Gun),2026-08-05,0.12,2
Predator (Gun),2026-08-06,0.12,2
Predator (Gun),2026-08-07,0.12,2
Predator (Gun),2026-08-08,0.12,2
Predator (Gun),2026-08-09,0.12,2
Predator (Gun),2026-08-10,0.12,2
Predator (Gun),2026-08-11,0.12,2
Predator (Gun),2026-08-13,0.12,2
Predator (Gun),2026-08-14,0.12,2
Predator (Gun),2026-08-15,0.12,2
Predator (Gun),2026-08-16,0.12,2
Predator (Gun),2026-08-17,0.12,2
Predator (Gun),2026-08-18,0.12,2
Predator (Gun),2026-08-19,0.12,2
Predator (Gun),2026-08-20,0.12,2
Predator (Gun),2026-08-21,0.12,2
Predator (Gun),2026-08-22,0.12,2
Predator (Gun),2026-08-24,0.12,2
Predator (Gun),2026-08-25,0.12,2
Predator (Gun),2026-08-30,0.12,2
Predator (Gun),2026-09-02,0.12,2
Predator (Gun),2026-09-03,0.12,2
Predator (Gun),2026-09-04,0.12,2
Predator (Gun),2026-09-05,0.12,2
Predator (Gun),2026-09-06,0.12,2
Predator (Gun),2026-09-07,0.12,2
Predator (Gun),2026-09-12,0.12,2
Predator (Gun),2026-09-17,0.12,2
Predator (Gun),2026-09-18,0.12,2
Predator (Gun),2026-09-19,0.12,2
Predator (Gun),2026-09-20,0.12,2
Predator (Knife),2025-11-24,0.6,2
Predator (Knife),2025-12-02,0.6,2
Predator (Knife),2025-12-04,0.6,2
Predator (Knife),2025-12-08,0.6,2
Predator (Knife),2025-12-21,0.6,2
Predator (Knife),2025-12-23,0.6,2
Predator (Knife),2025-12-24,0.6,2
Predator (Knife),2025-12-26,0.6,2
Predator (Knife),2025-12-28,0.6,2
Predator (Knife),2025-12-30,0.6,2
Predator (Knife),2026-01-15,0.6,2
Predator (Knife),2026-01-16,0.6,2
Predator (Knife),2026-02-19,0.6,2
Predator (Knife),2026-02-27,0.6,2
Predator (Knife),2026-02-28,0.6,2
Predator (Knife),2026-03-06,0.6,2
Predator (Knife),2026-03-09,0.6,2
Predator (Knife),2026-03-15,0.6,2
Predator (Knife),2026-04-14,0.6,2
Predator (Knife),2026-05-09,0.6,2
Predator (Knife),2026-05-14,0.6,2
Predator (Knife),2026-06-21,0.6,2
Predator (Knife),2026-06-22,0.6,2
Predator (Knife),2026-06-26,0.6,2
Predator (Knife),2026-07-02,0.6,2
Predator (Knife),2026-07-03,0.6,2
Predator (Knife),2026-07-05,0.6,2
Predator (Knife),2026-07-06,0.6,2
Predator (Knife),2026-07-09,0.6,2
Predator (Knife),2026-07-10,0.6,2
Predator (Knife),2026-07-12,0.6,2
Predator (Knife),2026-07-14,0.6,2
Predator (Knife),2026-07-17,0.6,2
Predator (Knife),2026-07-24,0.6,2
Predator (Knife),2026-07-27,0.6,2
Predator (Knife),2026-07-28,0.6,2
Predator (Knife),2026-07-30,0.6,2
Predator (Knife),2026-07-31,0.6,2
Predator (Knife),2026-08-03,0.6,2
Predator (Knife),2026-08-04,0.6,2
Predator (Knife),2026-08-05,0.6,2
Predator (Knife),2026-08-06,0.6,2
Predator (Knife),2026-08-07,0.6,2
Predator (Knife),2026-08-08,0.6,2
Predator (Knife),2026-08-09,0.6,2
Predator (Knife),2026-08-10,0.6,2
Predator (Knife),2026-08-11,0.6,2
Predator (Knife),2026-08-13,0.6,2
Predator (Knife),2026-08-14,0.6,2
Predator (Knife),2026-08-15,0.6,2
Predator (Knife),2026-08-16,0.6,2
Predator (Knife),2026-08-17,0.6,2
Predator (Knife),2026-08-18,0.6,2
Predator (Knife),2026-08-19,0.6,2
Predator (Knife),2026-08-20,0.6,2
Predator (Knife),2026-08-21,0.6,2
Predator (Knife),2026-08-22,0.6,2
Predator (Knife),2026-08-24,0.6,2
Predator (Knife),2026-08-25,0.6,2
Predator (Knife),2026-08-30,0.6,2
Predator (Knife),2026-09-02,0.6,2
Predator (Knife),2026-09-03,0.6,2
Predator (Knife),2026-09-04,0.6,2
Predator (Knife),2026-09-05,0.6,2
Predator (Knife),2026-09-06,0.6,2
Predator (Knife),2026-09-07,0.6,2
Predator (Knife),2026-09-12,0.6,2
Predator (Knife),2026-09-17,0.6,2
Predator (Knife),2026-09-18,0.6,2
Predator (Knife),2026-09-19,0.6,2
Predator (Knife),2026-09-20,0.6,2
Red Fire,2020-08-26,5,
Red Fire,2021-11-22,8,
Red Fire,2021-11-23,15,
Red Fire,2021-12-13,20,
Red Fire,2022-01-08,25,
Red Fire,2022-02-03,30,
Red Fire,2022-02-16,35,
Red Fire,2022-03-07,40,
Red Fire,2022-05-19,45,
Red Fire,2022-06-06,40,
Red Fire,2022-06-18,35,
Red Fire,2022-06-20,30,
Red Fire,2022-07-11,28,
Red Fire,2022-08-11,20,
Red Fire,2022-11-29,15,
Red Fire,2022-12-07,10,
Red Fire,2022-12-12,8,
Red Fire,2023-05-27,7,
Red Fire,2023-08-28,5,
Red Fire,2023-10-15,3,
Red Fire,2025-09-03,2,
Red Fire,2025-09-18,1,
Red Fire,2025-11-24,1,1
Red Fire,2025-12-02,1,1
Red Fire,2025-12-04,1,1
Red Fire,2025-12-08,1,1
Red Fire,2025-12-21,1,1
Red Fire,2025-12-23,1,1
Red Fire,2025-12-24,1,1
Red Fire,2025-12-26,1,1
Red Fire,2025-12-28,1,1
Red Fire,2025-12-30,1,1
Red Fire,2026-01-15,1,1
Red Fire,2026-01-16,1,1
Red Fire,2026-02-19,1,1
Red Fire,2026-02-27,1,1
Red Fire,2026-02-28,1,1
Red Fire,2026-03-06,1,1
Red Fire,2026-03-09,1,1
Red Fire,2026-03-15,1,1
Red Fire,2026-04-14,1,1
Red Fire,2026-05-09,1,1
Red Fire,2026-05-14,1,1
Red Fire,2026-06-21,1,1
Red Fire,2026-06-22,1,1
Red Fire,2026-06-26,1,1
Red Fire,2026-07-02,1,1
Red Fire,2026-07-03,1,1
Red Fire,2026-07-05,1,1
Red Fire,2026-07-06,1,1
Red Fire,2026-07-09,1,1
Red Fire,2026-07-10,1,1
Red Fire,2026-07-12,1,1
Red Fire,2026-07-14,1,1
Red Fire,2026-07-17,1,1
Red Fire,2026-07-24,1,1
Red Fire,2026-07-27,1,1
Red Fire,2026-07-28,1,1
Red Fire,2026-07-30,1,1
Red Fire,2026-07-31,1,1
Red Fire,2026-08-03,1,1
Red Fire,2026-08-04,1,1
Red Fire,2026-08-05,1,1
Red Fire,2026-08-06,1,1
Red Fire,2026-08-07,1,1
Red Fire,2026-08-08,1,1
Red Fire,2026-08-09,1,1
Red Fire,2026-08-10,1,1
Red Fire,2026-08-11,1,1
Red Fire,2026-08-13,1,1
Red Fire,2026-08-14,1,1
Red Fire,2026-08-15,1,1
Red Fire,2026-08-16,1,1
Red Fire,2026-08-17,1,1
Red Fire,2026-08-18,1,1
Red Fire,2026-08-19,1,1
Red Fire,2026-08-20,1,1
Red Fire,2026-08-21,1,1
Red Fire,2026-08-22,1,1
Red Fire,2026-08-24,1,1
Red Fire,2026-08-25,1,1
Red Fire,2026-08-30,1,1
Red Fire,2026-09-02,1,1
Red Fire,2026-09-03,1,1
Red Fire,2026-09-04,1,1
Red Fire,2026-09-05,1,1
Red Fire,2026-09-06,1,1
Red Fire,2026-09-07,1,1
Red Fire,2026-09-12,1,1
Red Fire,2026-09-17,1,1
Red Fire,2026-09-18,1,1
Red Fire,2026-09-19,1,1
Red Fire,2026-09-20,1,1
Red Scratch,2020-08-26,4,
Red Scratch,2021-03-23,8,
Red Scratch,2021-05-12,10,
Red Scratch,2021-11-22,45,
Red Scratch,2021-11-23,55,
Red Scratch,2021-11-28,70,
Red Scratch,2021-12-13,90,
Red Scratch,2021-12-14,105,
Red Scratch,2022-01-08,130,
Red Scratch,2022-01-16,145,
Red Scratch,2022-02-03,160,
Red Scratch,2022-02-16,170,
Red Scratch,2022-03-07,165,
Red Scratch,2022-03-14,155,
Red Scratch,2022-04-02,145,
Red Scratch,2022-04-06,135,
Red Scratch,2022-05-19,115,
Red Scratch,2022-05-26,105,
Red Scratch,2022-06-06,95,
Red Scratch,2022-06-18,80,
Red Scratch,2022-06-20,70,
Red Scratch,2022-07-06,55,
Red Scratch,2022-07-11,45,
Red Scratch,2022-07-28,35,
Red Scratch,2022-08-04,32,
Red Scratch,2022-08-11,30,
Red Scratch,2022-10-18,35,
Red Scratch,2022-11-21,30,
Red Scratch,2022-11-26,25,
Red Scratch,2022-12-12,20,
Red Scratch,2023-05-08,15,
Red Scratch,2023-06-01,12,
Red Scratch,2023-08-28,10,
Red Scratch,2023-09-11,8,
Red Scratch,2023-10-11,7,
Red Scratch,2023-10-15,5,
Red Scratch,2024-05-26,4,
Red Scratch,2025-11-24,4,1
Red Scratch,2025-12-02,4,1
Red Scratch,2025-12-04,4,1
Red Scratch,2025-12-08,4,1
Red Scratch,2025-12-21,4,1
Red Scratch,2025-12-23,4,1
Red Scratch,2025-12-24,4,1
Red Scratch,2025-12-26,4,1
Red Scratch,2025-12-28,4,1
Red Scratch,2025-12-30,4,1
Red Scratch,2026-01-15,4,1
Red Scratch,2026-01-16,4,1
Red Scratch,2026-02-19,4,1
Red Scratch,2026-02-27,4,1
Red Scratch,2026-02-28,4,1
Red Scratch,2026-03-06,4,1
Red Scratch,2026-03-09,4,1
Red Scratch,2026-03-15,4,1
Red Scratch,2026-04-14,4,1
Red Scratch,2026-05-09,4,1
Red Scratch,2026-05-14,4,1
Red Scratch,2026-06-21,4,1
Red Scratch,2026-06-22,4,1
Red Scratch,2026-06-26,4,1
Red Scratch,2026-07-02,4,1
Red Scratch,2026-07-03,4,1
Red Scratch,2026-07-05,4,1
Red Scratch,2026-07-06,4,1
Red Scratch,2026-07-09,4,1
Red Scratch,2026-07-10,4,1
Red Scratch,2026-07-12,4,1
Red Scratch,2026-07-14,4,1
Red Scratch,2026-07-17,4,1
Red Scratch,2026-07-24,4,1
Red Scratch,2026-07-27,4,1
Red Scratch,2026-07-28,4,1
Red Scratch,2026-07-30,4,1
Red Scratch,2026-07-31,4,1
Red Scratch,2026-08-03,4,1
Red Scratch,2026-08-04,4,1
Red Scratch,2026-08-05,4,1
Red Scratch,2026-08-06,4,1
Red Scratch,2026-08-07,4,1
Red Scratch,2026-08-08,4,1
Red Scratch,2026-08-09,4,1
Red Scratch,2026-08-10,4,1
Red Scratch,2026-08-11,4,1
Red Scratch,2026-08-13,4,1
Red Scratch,2026-08-14,4,1
Red Scratch,2026-08-15,4,1
Red Scratch,2026-08-16,4,1
Red Scratch,2026-08-17,4,1
Red Scratch,2026-08-18,4,1
Red Scratch,2026-08-19,4,1
Red Scratch,2026-08-20,4,1
Red Scratch,2026-08-21,4,1
Red Scratch,2026-08-22,4,1
Red Scratch,2026-08-24,4,1
Red Scratch,2026-08-25,4,1
Red Scratch,2026-08-30,4,1
Red Scratch,2026-09-02,4,1
Red Scratch,2026-09-03,4,1
Red Scratch,2026-09-04,4,1
Red Scratch,2026-09-05,4,1
Red Scratch,2026-09-06,4,1
Red Scratch,2026-09-07,4,1
Red Scratch,2026-09-12,4,1
Red Scratch,2026-09-17,4,1
Red Scratch,2026-09-18,4,1
Red Scratch,2026-09-19,4,1
Red Scratch,2026-09-20,4,1
Ripper (Gun),2021-04-26,0.6,
Ripper (Gun),2021-11-28,1,
Ripper (Gun),2022-01-08,3,
Ripper (Gun),2022-08-05,2,
Ripper (Gun),2022-08-11,1,
Ripper (Gun),2022-12-02,0.4,
Ripper (Gun),2025-11-24,0.3,2
Ripper (Gun),2025-12-02,0.3,2
Ripper (Gun),2025-12-04,0.3,2
Ripper (Gun),2025-12-08,0.3,2
Ripper (Gun),2025-12-21,0.3,2
Ripper (Gun),2025-12-23,0.3,2
Ripper (Gun),2025-12-24,0.3,2
Ripper (Gun),2025-12-26,0.3,2
Ripper (Gun),2025-12-28,0.3,2
Ripper (Gun),2025-12-30,0.3,2
Ripper (Gun),2026-01-15,0.3,2
Ripper (Gun),2026-01-16,0.3,2
Ripper (Gun),2026-02-19,0.3,2
Ripper (Gun),2026-02-27,0.3,2
Ripper (Gun),2026-02-28,0.3,2
Ripper (Gun),2026-03-06,0.3,2
Ripper (Gun),2026-03-09,0.3,2
Ripper (Gun),2026-03-15,0.3,2
Ripper (Gun),2026-04-14,0.3,2
Ripper (Gun),2026-05-09,0.3,2
Ripper (Gun),2026-05-14,0.3,2
Ripper (Gun),2026-06-21,0.3,2
Ripper (Gun),2026-06-22,0.3,2
Ripper (Gun),2026-06-26,0.3,2
Ripper (Gun),2026-07-02,0.3,2
Ripper (Gun),2026-07-03,0.3,2
Ripper (Gun),2026-07-05,0.3,2
Ripper (Gun),2026-07-06,0.3,2
Ripper (Gun),2026-07-09,0.3,2
Ripper (Gun),2026-07-10,0.3,2
Ripper (Gun),2026-07-12,0.3,2
Ripper (Gun),2026-07-14,0.3,2
Ripper (Gun),2026-07-17,0.3,2
Ripper (Gun),2026-07-24,0.3,2
Ripper (Gun),2026-07-27,0.3,2
Ripper (Gun),2026-07-28,0.3,2
Ripper (Gun),2026-07-30,0.3,2
Ripper (Gun),2026-07-31,0.3,2
Ripper (Gun),2026-08-03,0.3,2
Ripper (Gun),2026-08-04,0.3,2
Ripper (Gun),2026-08-05,0.3,2
Ripper (Gun),2026-08-06,0.3,2
Ripper (Gun),2026-08-07,0.3,2
Ripper (Gun),2026-08-08,0.3,2
Ripper (Gun),2026-08-09,0.3,2
Ripper (Gun),2026-08-10,0.3,2
Ripper (Gun),2026-08-11,0.3,2
Ripper (Gun),2026-08-13,0.3,2
Ripper (Gun),2026-08-14,0.3,2
Ripper (Gun),2026-08-15,0.3,2
Ripper (Gun),2026-08-16,0.3,2
Ripper (Gun),2026-08-17,0.3,2
Ripper (Gun),2026-08-18,0.3,2
Ripper (Gun),2026-08-19,0.3,2
Ripper (Gun),2026-08-20,0.3,2
Ripper (Gun),2026-08-21,0.3,2
Ripper (Gun),2026-08-22,0.3,2
Ripper (Gun),2026-08-24,0.3,2
Ripper (Gun),2026-08-25,0.3,2
Ripper (Gun),2026-08-30,0.3,2
Ripper (Gun),2026-09-02,0.3,2
Ripper (Gun),2026-09-03,0.3,2
Ripper (Gun),2026-09-04,0.3,2
Ripper (Gun),2026-09-05,0.3,2
Ripper (Gun),2026-09-06,0.3,2
Ripper (Gun),2026-09-07,0.3,2
Ripper (Gun),2026-09-12,0.3,2
Ripper (Gun),2026-09-17,0.3,2
Ripper (Gun),2026-09-18,0.3,2
Ripper (Gun),2026-09-19,0.3,2
Ripper (Gun),2026-09-20,0.3,2
Ripper (Knife),2021-11-28,5,
Ripper (Knife),2022-08-05,4,
Ripper (Knife),2022-08-11,3,
Ripper (Knife),2022-11-26,2,
Ripper (Knife),2022-12-17,1,
Ripper (Knife),2023-06-12,0.8,
Ripper (Knife),2023-10-15,0.6,
Ripper (Knife),2025-09-17,0.8,
Ripper (Knife),2025-11-24,0.6,2
Ripper (Knife),2025-12-02,0.6,2
Ripper (Knife),2025-12-04,0.6,2
Ripper (Knife),2025-12-08,0.6,2
Ripper (Knife),2025-12-21,0.6,2
Ripper (Knife),2025-12-23,0.6,2
Ripper (Knife),2025-12-24,0.6,2
Ripper (Knife),2025-12-26,0.6,2
Ripper (Knife),2025-12-28,0.6,2
Ripper (Knife),2025-12-30,0.6,2
Ripper (Knife),2026-01-15,0.6,2
Ripper (Knife),2026-01-16,0.6,2
Ripper (Knife),2026-02-19,0.6,2
Ripper (Knife),2026-02-27,0.6,2
Ripper (Knife),2026-02-28,0.6,2
Ripper (Knife),2026-03-06,0.6,2
Ripper (Knife),2026-03-09,0.6,2
Ripper (Knife),2026-03-15,0.6,2
Ripper (Knife),2026-04-14,0.6,2
Ripper (Knife),2026-05-09,0.6,2
Ripper (Knife),2026-05-14,0.6,2
Ripper (Knife),2026-06-21,0.6,2
Ripper (Knife),2026-06-22,0.6,2
Ripper (Knife),2026-06-26,0.6,2
Ripper (Knife),2026-07-02,0.6,2
Ripper (Knife),2026-07-03,0.6,2
Ripper (Knife),2026-07-05,0.6,2
Ripper (Knife),2026-07-06,0.6,2
Ripper (Knife),2026-07-09,0.6,2
Ripper (Knife),2026-07-10,0.6,2
Ripper (Knife),2026-07-12,0.6,2
Ripper (Knife),2026-07-14,0.6,2
Ripper (Knife),2026-07-17,0.6,2
Ripper (Knife),2026-07-24,0.6,2
Ripper (Knife),2026-07-27,0.6,2
Ripper (Knife),2026-07-28,0.6,2
Ripper (Knife),2026-07-30,0.6,2
Ripper (Knife),2026-07-31,0.6,2
Ripper (Knife),2026-08-03,0.6,2
Ripper (Knife),2026-08-04,0.6,2
Ripper (Knife),2026-08-05,0.6,2
Ripper (Knife),2026-08-06,0.6,2
Ripper (Knife),2026-08-07,0.6,2
Ripper (Knife),2026-08-08,0.6,2
Ripper (Knife),2026-08-09,0.6,2
Ripper (Knife),2026-08-10,0.6,2
Ripper (Knife),2026-08-11,0.6,2
Ripper (Knife),2026-08-13,0.6,2
Ripper (Knife),2026-08-14,0.6,2
Ripper (Knife),2026-08-15,0.6,2
Ripper (Knife),2026-08-16,0.6,2
Ripper (Knife),2026-08-17,0.6,2
Ripper (Knife),2026-08-18,0.6,2
Ripper (Knife),2026-08-19,0.6,2
Ripper (Knife),2026-08-20,0.6,2
Ripper (Knife),2026-08-21,0.6,2
Ripper (Knife),2026-08-22,0.6,2
Ripper (Knife),2026-08-24,0.6,2
Ripper (Knife),2026-08-25,0.6,2
Ripper (Knife),2026-08-30,0.6,2
Ripper (Knife),2026-09-02,0.6,2
Ripper (Knife),2026-09-03,0.6,2
Ripper (Knife),2026-09-04,0.6,2
Ripper (Knife),2026-09-05,0.6,2
Ripper (Knife),2026-09-06,0.6,2
Ripper (Knife),2026-09-07,0.6,2
Ripper (Knife),2026-09-12,0.6,2
Ripper (Knife),2026-09-17,0.6,2
Ripper (Knife),2026-09-18,0.6,2
Ripper (Knife),2026-09-19,0.6,2
Ripper (Knife),2026-09-20,0.6,2
Rune,2025-11-24,0.12,2
Rune,2025-12-02,0.12,2
Rune,2025-12-04,0.12,2
Rune,2025-12-08,0.12,2
Rune,2025-12-21,0.12,2
Rune,2025-12-23,0.12,2
Rune,2025-12-24,0.12,2
Rune,2025-12-26,0.12,2
Rune,2025-12-28,0.12,2
Rune,2025-12-30,0.12,2
Rune,2026-01-15,0.12,2
Rune,2026-01-16,0.12,2
Rune,2026-02-19,0.12,2
Rune,2026-02-27,0.12,2
Rune,2026-02-28,0.12,2
Rune,2026-03-06,0.12,2
Rune,2026-03-09,0.12,2
Rune,2026-03-15,0.12,2
Rune,2026-04-14,0.12,2
Rune,2026-05-09,0.12,2
Rune,2026-05-14,0.12,2
Rune,2026-06-21,0.12,2
Rune,2026-06-22,0.12,2
Rune,2026-06-26,0.12,2
Rune,2026-07-02,0.12,2
Rune,2026-07-03,0.12,2
Rune,2026-07-05,0.12,2
Rune,2026-07-06,0.12,2
Rune,2026-07-09,0.12,2
Rune,2026-07-10,0.12,2
Rune,2026-07-12,0.12,2
Rune,2026-07-14,0.12,2
Rune,2026-07-17,0.12,2
Rune,2026-07-24,0.12,2
Rune,2026-07-27,0.12,2
Rune,2026-07-28,0.12,2
Rune,2026-07-30,0.12,2
Rune,2026-07-31,0.12,2
Rune,2026-08-03,0.12,2
Rune,2026-08-04,0.12,2
Rune,2026-08-05,0.12,2
Rune,2026-08-06,0.12,2
Rune,2026-08-07,0.12,2
Rune,2026-08-08,0.12,2
Rune,2026-08-09,0.12,2
Rune,2026-08-10,0.12,2
Rune,2026-08-11,0.12,2
Rune,2026-08-13,0.12,2
Rune,2026-08-14,0.12,2
Rune,2026-08-15,0.12,2
Rune,2026-08-16,0.12,2
Rune,2026-08-17,0.12,2
Rune,2026-08-18,0.12,2
Rune,2026-08-19,0.12,2
Rune,2026-08-20,0.12,2
Rune,2026-08-21,0.12,2
Rune,2026-08-22,0.12,2
Rune,2026-08-24,0.12,2
Rune,2026-08-25,0.12,2
Rune,2026-08-30,0.12,2
Rune,2026-09-02,0.12,2
Rune,2026-09-03,0.12,2
Rune,2026-09-04,0.12,2
Rune,2026-09-05,0.12,2
Rune,2026-09-06,0.12,2
Rune,2026-09-07,0.12,2
Rune,2026-09-12,0.12,2
Rune,2026-09-17,0.12,2
Rune,2026-09-18,0.12,2
Rune,2026-09-19,0.12,2
Rune,2026-09-20,0.12,2
Rupture,2020-08-26,110,
Rupture,2020-10-31,125,
Rupture,2020-11-26,130,
Rupture,2020-12-03,125,
Rupture,2021-05-07,135,
Rupture,2021-07-18,130,
Rupture,2021-11-22,150,
Rupture,2021-11-23,155,
Rupture,2021-11-28,170,
Rupture,2021-12-13,185,
Rupture,2022-01-08,200,
Rupture,2022-01-16,210,
Rupture,2022-02-03,230,
Rupture,2022-02-16,240,
Rupture,2022-03-07,235,
Rupture,2022-03-14,225,
Rupture,2022-04-02,215,
Rupture,2022-04-06,205,
Rupture,2022-05-19,165,
Rupture,2022-05-26,145,
Rupture,2022-06-06,120,
Rupture,2022-06-18,95,
Rupture,2022-06-20,70,
Rupture,2022-07-06,50,
Rupture,2022-07-11,35,
Rupture,2022-07-28,28,
Rupture,2022-08-11,25,
Rupture,2022-09-03,30,
Rupture,2022-09-11,35,
Rupture,2022-09-14,40,
Rupture,2022-11-26,35,
Rupture,2022-12-12,30,
Rupture,2023-05-20,28,
Rupture,2023-05-27,25,
Rupture,2023-06-01,22,
Rupture,2023-06-07,20,
Rupture,2023-07-06,17,
Rupture,2023-07-11,15,
Rupture,2023-08-01,12,
Rupture,2023-08-20,10,
Rupture,2023-08-28,7,
Rupture,2023-09-05,5,
Rupture,2023-09-11,3,
Rupture,2023-09-23,2,
Rupture,2023-10-05,1,
Rupture,2023-10-11,0.8,
Rupture,2024-03-11,1,
Rupture,2025-09-17,0.8,
Rupture,2025-11-24,0.6,1
Rupture,2025-12-02,0.6,1
Rupture,2025-12-04,0.6,1
Rupture,2025-12-08,0.6,1
Rupture,2025-12-21,0.6,1
Rupture,2025-12-23,0.6,1
Rupture,2025-12-24,0.6,1
Rupture,2025-12-26,0.6,1
Rupture,2025-12-28,0.6,1
Rupture,2025-12-30,0.6,1
Rupture,2026-01-15,0.6,1
Rupture,2026-01-16,0.6,1
Rupture,2026-02-19,0.6,1
Rupture,2026-02-27,0.6,1
Rupture,2026-02-28,0.6,1
Rupture,2026-03-06,0.6,1
Rupture,2026-03-09,0.6,1
Rupture,2026-03-15,0.6,1
Rupture,2026-04-14,0.6,1
Rupture,2026-05-09,0.6,1
Rupture,2026-05-14,0.6,1
Rupture,2026-06-21,0.6,1
Rupture,2026-06-22,0.6,1
Rupture,2026-06-26,0.6,1
Rupture,2026-07-02,0.6,1
Rupture,2026-07-03,0.6,1
Rupture,2026-07-05,0.6,1
Rupture,2026-07-06,0.6,1
Rupture,2026-07-09,0.6,1
Rupture,2026-07-10,0.6,1
Rupture,2026-07-12,0.6,1
Rupture,2026-07-14,0.6,1
Rupture,2026-07-17,0.6,1
Rupture,2026-07-24,0.6,1
Rupture,2026-07-27,0.6,1
Rupture,2026-07-28,0.6,1
Rupture,2026-07-30,0.6,1
Rupture,2026-07-31,0.6,1
Rupture,2026-08-03,0.6,1
Rupture,2026-08-04,0.6,1
Rupture,2026-08-05,0.6,1
Rupture,2026-08-06,0.6,1
Rupture,2026-08-07,0.6,1
Rupture,2026-08-08,0.6,1
Rupture,2026-08-09,0.6,1
Rupture,2026-08-10,0.6,1
Rupture,2026-08-11,0.6,1
Rupture,2026-08-13,0.6,1
Rupture,2026-08-14,0.6,1
Rupture,2026-08-15,0.6,1
Rupture,2026-08-16,0.6,1
Rupture,2026-08-17,0.6,1
Rupture,2026-08-18,0.6,1
Rupture,2026-08-19,0.6,1
Rupture,2026-08-20,0.6,1
Rupture,2026-08-21,0.6,1
Rupture,2026-08-22,0.6,1
Rupture,2026-08-24,0.6,1
Rupture,2026-08-25,0.6,1
Rupture,2026-08-30,0.6,1
Rupture,2026-09-02,0.6,1
Rupture,2026-09-03,0.6,1
Rupture,2026-09-04,0.6,1
Rupture,2026-09-05,0.6,1
Rupture,2026-09-06,0.6,1
Rupture,2026-09-07,0.6,1
Rupture,2026-09-12,0.6,1
Rupture,2026-09-17,0.6,1
Rupture,2026-09-18,0.6,1
Rupture,2026-09-19,0.6,1
Rupture,2026-09-20,0.6,1
Santa's Magic,2020-08-26,2,
Santa's Magic,2021-04-26,3,
Santa's Magic,2021-11-22,12,
Santa's Magic,2021-11-23,15,
Santa's Magic,2021-11-28,20,
Santa's Magic,2021-12-13,25,
Santa's Magic,2022-01-08,30,
Santa's Magic,2022-02-03,35,
Santa's Magic,2022-02-16,40,
Santa's Magic,2022-03-07,45,
Santa's Magic,2022-05-19,50,
Santa's Magic,2022-07-11,55,
Santa's Magic,2022-08-04,60,
Santa's Magic,2022-08-11,70,
Santa's Magic,2022-08-17,80,
Santa's Magic,2022-08-30,90,
Santa's Magic,2022-09-03,105,
Santa's Magic,2022-09-18,110,
Santa's Magic,2022-10-09,100,
Santa's Magic,2022-10-18,95,
Santa's Magic,2022-11-12,90,
Santa's Magic,2022-11-14,80,
Santa's Magic,2022-11-21,70,
Santa's Magic,2022-11-26,60,
Santa's Magic,2022-12-04,55,
Santa's Magic,2022-12-07,50,
Santa's Magic,2022-12-17,45,
Santa's Magic,2022-12-23,40,
Santa's Magic,2023-04-15,35,
Santa's Magic,2023-05-08,30,
Santa's Magic,2023-06-01,25,
Santa's Magic,2023-07-06,22,
Santa's Magic,2023-07-11,20,
Santa's Magic,2023-08-28,18,
Santa's Magic,2023-09-11,15,
Santa's Magic,2023-09-23,12,
Santa's Magic,2023-11-09,10,
Santa's Magic,2024-03-29,8,
Santa's Magic,2024-05-26,7,
Santa's Magic,2024-11-30,5,
Santa's Magic,2025-09-17,3,
Santa's Magic,2025-11-24,3,1
Santa's Magic,2025-12-02,3,1
Santa's Magic,2025-12-04,3,1
Santa's Magic,2025-12-08,3,1
Santa's Magic,2025-12-21,3,1
Santa's Magic,2025-12-23,3,1
Santa's Magic,2025-12-24,3,1
Santa's Magic,2025-12-26,3,1
Santa's Magic,2025-12-28,3,1
Santa's Magic,2025-12-30,3,1
Santa's Magic,2026-01-15,3,1
Santa's Magic,2026-01-16,3,1
Santa's Magic,2026-02-19,3,1
Santa's Magic,2026-02-27,3,1
Santa's Magic,2026-02-28,3,1
Santa's Magic,2026-03-06,3,1
Santa's Magic,2026-03-09,3,1
Santa's Magic,2026-03-15,3,1
Santa's Magic,2026-04-14,3,1
Santa's Magic,2026-05-09,3,1
Santa's Magic,2026-05-14,3,1
Santa's Magic,2026-06-21,3,1
Santa's Magic,2026-06-22,3,1
Santa's Magic,2026-06-26,3,1
Santa's Magic,2026-07-02,3,1
Santa's Magic,2026-07-03,3,1
Santa's Magic,2026-07-05,3,1
Santa's Magic,2026-07-06,3,1
Santa's Magic,2026-07-09,3,1
Santa's Magic,2026-07-10,3,1
Santa's Magic,2026-07-12,3,1
Santa's Magic,2026-07-14,3,1
Santa's Magic,2026-07-17,3,1
Santa's Magic,2026-07-24,3,1
Santa's Magic,2026-07-27,3,1
Santa's Magic,2026-07-28,3,1
Santa's Magic,2026-07-30,3,1
Santa's Magic,2026-07-31,3,1
Santa's Magic,2026-08-03,3,1
Santa's Magic,2026-08-04,3,1
Santa's Magic,2026-08-05,3,1
Santa's Magic,2026-08-06,3,1
Santa's Magic,2026-08-07,3,1
Santa's Magic,2026-08-08,3,1
Santa's Magic,2026-08-09,3,1
Santa's Magic,2026-08-10,3,1
Santa's Magic,2026-08-11,3,1
Santa's Magic,2026-08-13,3,1
Santa's Magic,2026-08-14,3,1
Santa's Magic,2026-08-15,3,1
Santa's Magic,2026-08-16,3,1
Santa's Magic,2026-08-17,3,1
Santa's Magic,2026-08-18,3,1
Santa's Magic,2026-08-19,3,1
Santa's Magic,2026-08-20,3,1
Santa's Magic,2026-08-21,3,1
Santa's Magic,2026-08-22,3,1
Santa's Magic,2026-08-24,3,1
Santa's Magic,2026-08-25,3,1
Santa's Magic,2026-08-30,3,1
Santa's Magic,2026-09-02,3,1
Santa's Magic,2026-09-03,3,1
Santa's Magic,2026-09-04,3,1
Santa's Magic,2026-09-05,3,1
Santa's Magic,2026-09-06,3,1
Santa's Magic,2026-09-07,3,1
Santa's Magic,2026-09-12,3,1
Santa's Magic,2026-09-17,3,1
Santa's Magic,2026-09-18,3,1
Santa's Magic,2026-09-19,3,1
Santa's Magic,2026-09-20,3,1
Santa's Spirit,2020-12-28,1,
Santa's Spirit,2021-11-22,5,
Santa's Spirit,2021-12-13,8,
Santa's Spirit,2022-01-08,10,
Santa's Spirit,2022-03-14,15,
Santa's Spirit,2022-05-19,20,
Santa's Spirit,2022-07-06,25,
Santa's Spirit,2022-07-11,35,
Santa's Spirit,2022-08-04,40,
Santa's Spirit,2022-08-11,45,
Santa's Spirit,2022-08-17,50,
Santa's Spirit,2022-08-30,55,
Santa's Spirit,2022-09-03,60,
Santa's Spirit,2022-09-18,65,
Santa's Spirit,2022-10-09,60,
Santa's Spirit,2022-10-18,55,
Santa's Spirit,2022-11-12,50,
Santa's Spirit,2022-11-21,45,
Santa's Spirit,2022-11-26,40,
Santa's Spirit,2022-12-17,35,
Santa's Spirit,2022-12-23,30,
Santa's Spirit,2023-04-15,25,
Santa's Spirit,2023-06-01,20,
Santa's Spirit,2023-07-06,18,
Santa's Spirit,2023-07-11,15,
Santa's Spirit,2023-08-28,12,
Santa's Spirit,2023-09-11,10,
Santa's Spirit,2023-09-23,8,
Santa's Spirit,2024-03-29,7,
Santa's Spirit,2024-04-24,8,
Santa's Spirit,2024-05-26,7,
Santa's Spirit,2025-04-13,5,
Santa's Spirit,2025-09-17,3,
Santa's Spirit,2025-11-24,3,1
Santa's Spirit,2025-12-02,3,1
Santa's Spirit,2025-12-04,3,1
Santa's Spirit,2025-12-08,3,1
Santa's Spirit,2025-12-21,3,1
Santa's Spirit,2025-12-23,3,1
Santa's Spirit,2025-12-24,3,1
Santa's Spirit,2025-12-26,3,1
Santa's Spirit,2025-12-28,3,1
Santa's Spirit,2025-12-30,3,1
Santa's Spirit,2026-01-15,3,1
Santa's Spirit,2026-01-16,3,1
Santa's Spirit,2026-02-19,3,1
Santa's Spirit,2026-02-27,3,1
Santa's Spirit,2026-02-28,3,1
Santa's Spirit,2026-03-06,3,1
Santa's Spirit,2026-03-09,3,1
Santa's Spirit,2026-03-15,3,1
Santa's Spirit,2026-04-14,3,1
Santa's Spirit,2026-05-09,3,1
Santa's Spirit,2026-05-14,3,1
Santa's Spirit,2026-06-21,3,1
Santa's Spirit,2026-06-22,3,1
Santa's Spirit,2026-06-26,3,1
Santa's Spirit,2026-07-02,3,1
Santa's Spirit,2026-07-03,3,1
Santa's Spirit,2026-07-05,3,1
Santa's Spirit,2026-07-06,3,1
Santa's Spirit,2026-07-09,3,1
Santa's Spirit,2026-07-10,3,1
Santa's Spirit,2026-07-12,3,1
Santa's Spirit,2026-07-14,3,1
Santa's Spirit,2026-07-17,3,1
Santa's Spirit,2026-07-24,3,1
Santa's Spirit,2026-07-27,3,1
Santa's Spirit,2026-07-28,3,1
Santa's Spirit,2026-07-30,3,1
Santa's Spirit,2026-07-31,3,1
Santa's Spirit,2026-08-03,3,1
Santa's Spirit,2026-08-04,3,1
Santa's Spirit,2026-08-05,3,1
Santa's Spirit,2026-08-06,3,1
Santa's Spirit,2026-08-07,3,1
Santa's Spirit,2026-08-08,3,1
Santa's Spirit,2026-08-09,3,1
Santa's Spirit,2026-08-10,3,1
Santa's Spirit,2026-08-11,3,1
Santa's Spirit,2026-08-13,3,1
Santa's Spirit,2026-08-14,3,1
Santa's Spirit,2026-08-15,3,1
Santa's Spirit,2026-08-16,3,1
Santa's Spirit,2026-08-17,3,1
Santa's Spirit,2026-08-18,3,1
Santa's Spirit,2026-08-19,3,1
Santa's Spirit,2026-08-20,3,1
Santa's Spirit,2026-08-21,3,1
Santa's Spirit,2026-08-22,3,1
Santa's Spirit,2026-08-24,3,1
Santa's Spirit,2026-08-25,3,1
Santa's Spirit,2026-08-30,3,1
Santa's Spirit,2026-09-02,3,1
Santa's Spirit,2026-09-03,3,1
Santa's Spirit,2026-09-04,3,1
Santa's Spirit,2026-09-05,3,1
Santa's Spirit,2026-09-06,3,1
Santa's Spirit,2026-09-07,3,1
Santa's Spirit,2026-09-12,3,1
Santa's Spirit,2026-09-17,3,1
Santa's Spirit,2026-09-18,3,1
Santa's Spirit,2026-09-19,3,1
Santa's Spirit,2026-09-20,3,1
Shadow,2026-09-18,0,0
Shadow,2026-09-19,0,3
Shadow,2026-09-20,0,3
Shiny,2025-11-24,0.12,1
Shiny,2025-12-02,0.12,1
Shiny,2025-12-04,0.12,1
Shiny,2025-12-08,0.12,1
Shiny,2025-12-21,0.12,1
Shiny,2025-12-23,0.12,1
Shiny,2025-12-24,0.12,1
Shiny,2025-12-26,0.12,1
Shiny,2025-12-28,0.12,1
Shiny,2025-12-30,0.12,1
Shiny,2026-01-15,0.12,1
Shiny,2026-01-16,0.12,1
Shiny,2026-02-19,0.12,1
Shiny,2026-02-27,0.12,1
Shiny,2026-02-28,0.12,1
Shiny,2026-03-06,0.12,1
Shiny,2026-03-09,0.12,1
Shiny,2026-03-15,0.12,1
Shiny,2026-04-14,0.12,1
Shiny,2026-05-09,0.12,1
Shiny,2026-05-14,0.12,1
Shiny,2026-06-21,0.12,1
Shiny,2026-06-22,0.12,1
Shiny,2026-06-26,0.12,1
Shiny,2026-07-02,0.12,1
Shiny,2026-07-03,0.12,1
Shiny,2026-07-05,0.12,1
Shiny,2026-07-06,0.12,1
Shiny,2026-07-09,0.12,1
Shiny,2026-07-10,0.12,1
Shiny,2026-07-12,0.12,1
Shiny,2026-07-14,0.12,1
Shiny,2026-07-17,0.12,1
Shiny,2026-07-24,0.12,1
Shiny,2026-07-27,0.12,1
Shiny,2026-07-28,0.12,1
Shiny,2026-07-30,0.12,1
Shiny,2026-07-31,0.12,1
Shiny,2026-08-03,0.12,1
Shiny,2026-08-04,0.12,1
Shiny,2026-08-05,0.12,1
Shiny,2026-08-06,0.12,1
Shiny,2026-08-07,0.12,1
Shiny,2026-08-08,0.12,1
Shiny,2026-08-09,0.12,1
Shiny,2026-08-10,0.12,1
Shiny,2026-08-11,0.12,1
Shiny,2026-08-13,0.12,1
Shiny,2026-08-14,0.12,1
Shiny,2026-08-15,0.12,1
Shiny,2026-08-16,0.12,1
Shiny,2026-08-17,0.12,1
Shiny,2026-08-18,0.12,1
Shiny,2026-08-19,0.12,1
Shiny,2026-08-20,0.12,1
Shiny,2026-08-21,0.12,1
Shiny,2026-08-22,0.12,1
Shiny,2026-08-24,0.12,1
Shiny,2026-08-25,0.12,1
Shiny,2026-08-30,0.12,1
Shiny,2026-09-02,0.12,1
Shiny,2026-09-03,0.12,1
Shiny,2026-09-04,0.12,1
Shiny,2026-09-05,0.12,1
Shiny,2026-09-06,0.12,1
Shiny,2026-09-07,0.12,1
Shiny,2026-09-12,0.12,1
Shiny,2026-09-17,0.12,1
Shiny,2026-09-18,0.12,1
Shiny,2026-09-19,0.12,1
Shiny,2026-09-20,0.12,1
Skulls,2021-11-28,5,
Skulls,2021-12-13,20,
Skulls,2022-03-14,25,
Skulls,2022-04-02,30,
Skulls,2022-05-19,35,
Skulls,2022-06-18,40,
Skulls,2022-07-06,45,
Skulls,2022-07-11,55,
Skulls,2022-07-28,65,
Skulls,2022-08-05,75,
Skulls,2022-08-11,80,
Skulls,2022-08-30,100,
Skulls,2022-10-09,90,
Skulls,2022-10-18,80,
Skulls,2022-10-22,70,
Skulls,2022-10-29,60,
Skulls,2022-10-30,50,
Skulls,2022-11-06,40,
Skulls,2022-11-12,35,
Skulls,2022-11-21,30,
Skulls,2022-11-26,25,
Skulls,2022-12-12,20,
Skulls,2023-05-08,15,
Skulls,2023-06-01,10,
Skulls,2023-08-28,8,
Skulls,2023-10-15,10,
Skulls,2025-04-13,12,
Skulls,2025-07-05,10,
Skulls,2025-07-28,8,
Skulls,2025-08-11,7,
Skulls,2025-11-24,7,2
Skulls,2025-12-02,7,2
Skulls,2025-12-04,7,2
Skulls,2025-12-08,7,2
Skulls,2025-12-21,7,2
Skulls,2025-12-23,7,2
Skulls,2025-12-24,7,2
Skulls,2025-12-26,7,2
Skulls,2025-12-28,7,2
Skulls,2025-12-30,7,2
Skulls,2026-01-15,7,2
Skulls,2026-01-16,7,2
Skulls,2026-02-19,7,2
Skulls,2026-02-27,7,2
Skulls,2026-02-28,7,2
Skulls,2026-03-06,7,2
Skulls,2026-03-09,7,2
Skulls,2026-03-15,7,2
Skulls,2026-04-14,7,2
Skulls,2026-05-09,7,2
Skulls,2026-05-14,7,2
Skulls,2026-05-24,5,
Skulls,2026-06-17,4,
Skulls,2026-06-21,4,1
Skulls,2026-06-22,4,1
Skulls,2026-06-26,4,1
Skulls,2026-07-02,4,1
Skulls,2026-07-03,4,1
Skulls,2026-07-05,4,1
Skulls,2026-07-06,4,1
Skulls,2026-07-09,4,1
Skulls,2026-07-10,4,1
Skulls,2026-07-12,4,1
Skulls,2026-07-14,4,1
Skulls,2026-07-17,4,1
Skulls,2026-07-24,4,1
Skulls,2026-07-27,4,1
Skulls,2026-07-28,4,1
Skulls,2026-07-30,4,1
Skulls,2026-07-31,4,1
Skulls,2026-08-03,4,1
Skulls,2026-08-04,4,1
Skulls,2026-08-05,4,1
Skulls,2026-08-06,4,1
Skulls,2026-08-07,4,1
Skulls,2026-08-08,4,1
Skulls,2026-08-09,4,1
Skulls,2026-08-10,4,1
Skulls,2026-08-11,4,1
Skulls,2026-08-13,4,1
Skulls,2026-08-14,4,1
Skulls,2026-08-15,4,1
Skulls,2026-08-16,4,1
Skulls,2026-08-17,4,1
Skulls,2026-08-18,4,1
Skulls,2026-08-19,4,1
Skulls,2026-08-20,4,1
Skulls,2026-08-21,4,1
Skulls,2026-08-22,4,1
Skulls,2026-08-24,4,1
Skulls,2026-08-25,4,1
Skulls,2026-08-30,4,1
Skulls,2026-09-02,4,1
Skulls,2026-09-03,4,1
Skulls,2026-09-04,4,1
Skulls,2026-09-05,4,1
Skulls,2026-09-06,4,1
Skulls,2026-09-07,4,1
Skulls,2026-09-12,4,1
Skulls,2026-09-17,4,1
Skulls,2026-09-18,4,1
Skulls,2026-09-19,4,1
Skulls,2026-09-20,4,1
Sparkle,2025-11-24,0.45,2
Sparkle,2025-12-02,0.45,2
Sparkle,2025-12-04,0.45,2
Sparkle,2025-12-08,0.45,2
Sparkle,2025-12-21,0.45,2
Sparkle,2025-12-23,0.45,2
Sparkle,2025-12-24,0.45,2
Sparkle,2025-12-26,0.45,2
Sparkle,2025-12-28,0.45,2
Sparkle,2025-12-30,0.45,2
Sparkle,2026-01-15,0.45,2
Sparkle,2026-01-16,0.45,2
Sparkle,2026-02-19,0.45,2
Sparkle,2026-02-27,0.45,2
Sparkle,2026-02-28,0.45,2
Sparkle,2026-03-06,0.45,2
Sparkle,2026-03-09,0.45,2
Sparkle,2026-03-15,0.45,2
Sparkle,2026-04-14,0.45,2
Sparkle,2026-05-09,0.45,2
Sparkle,2026-05-14,0.45,2
Sparkle,2026-06-21,0.45,2
Sparkle,2026-06-22,0.45,2
Sparkle,2026-06-26,0.45,2
Sparkle,2026-07-02,0.45,2
Sparkle,2026-07-03,0.45,2
Sparkle,2026-07-05,0.45,2
Sparkle,2026-07-06,0.45,2
Sparkle,2026-07-09,0.45,2
Sparkle,2026-07-10,0.45,2
Sparkle,2026-07-12,0.45,2
Sparkle,2026-07-14,0.45,2
Sparkle,2026-07-17,0.45,2
Sparkle,2026-07-24,0.45,2
Sparkle,2026-07-27,0.45,2
Sparkle,2026-07-28,0.45,2
Sparkle,2026-07-30,0.45,2
Sparkle,2026-07-31,0.45,2
Sparkle,2026-08-03,0.45,2
Sparkle,2026-08-04,0.45,2
Sparkle,2026-08-05,0.45,2
Sparkle,2026-08-06,0.45,2
Sparkle,2026-08-07,0.45,2
Sparkle,2026-08-08,0.45,2
Sparkle,2026-08-09,0.45,2
Sparkle,2026-08-10,0.45,2
Sparkle,2026-08-11,0.45,2
Sparkle,2026-08-13,0.45,2
Sparkle,2026-08-14,0.45,2
Sparkle,2026-08-15,0.45,2
Sparkle,2026-08-16,0.45,2
Sparkle,2026-08-17,0.45,2
Sparkle,2026-08-18,0.45,2
Sparkle,2026-08-19,0.45,2
Sparkle,2026-08-20,0.45,2
Sparkle,2026-08-21,0.45,2
Sparkle,2026-08-22,0.45,2
Sparkle,2026-08-24,0.45,2
Sparkle,2026-08-25,0.45,2
Sparkle,2026-08-30,0.45,2
Sparkle,2026-09-02,0.45,2
Sparkle,2026-09-03,0.45,2
Sparkle,2026-09-04,0.45,2
Sparkle,2026-09-05,0.45,2
Sparkle,2026-09-06,0.45,2
Sparkle,2026-09-07,0.45,2
Sparkle,2026-09-12,0.45,2
Sparkle,2026-09-17,0.45,2
Sparkle,2026-09-18,0.45,2
Sparkle,2026-09-19,0.45,2
Sparkle,2026-09-20,0.45,2
Spectral (Gun),2021-11-28,0.4,
Spectral (Gun),2024-12-06,0.8,
Spectral (Gun),2025-04-13,1,
Spectral (Gun),2025-07-21,2,
Spectral (Gun),2025-11-24,2,2
Spectral (Gun),2025-12-02,2,2
Spectral (Gun),2025-12-04,2,2
Spectral (Gun),2025-12-08,2,2
Spectral (Gun),2025-12-21,2,2
Spectral (Gun),2025-12-23,2,2
Spectral (Gun),2025-12-24,2,2
Spectral (Gun),2025-12-26,2,2
Spectral (Gun),2025-12-28,2,2
Spectral (Gun),2025-12-30,2,2
Spectral (Gun),2026-01-15,2,2
Spectral (Gun),2026-01-16,2,2
Spectral (Gun),2026-02-19,2,2
Spectral (Gun),2026-02-27,2,2
Spectral (Gun),2026-02-28,2,2
Spectral (Gun),2026-03-06,2,2
Spectral (Gun),2026-03-09,2,2
Spectral (Gun),2026-03-15,2,2
Spectral (Gun),2026-04-14,2,2
Spectral (Gun),2026-05-09,2,2
Spectral (Gun),2026-05-14,2,2
Spectral (Gun),2026-05-24,3,
Spectral (Gun),2026-06-21,3,2
Spectral (Gun),2026-06-22,3,2
Spectral (Gun),2026-06-26,3,2
Spectral (Gun),2026-07-02,3,2
Spectral (Gun),2026-07-03,3,2
Spectral (Gun),2026-07-05,3,2
Spectral (Gun),2026-07-06,3,2
Spectral (Gun),2026-07-09,3,2
Spectral (Gun),2026-07-10,3,2
Spectral (Gun),2026-07-12,3,2
Spectral (Gun),2026-07-14,3,2
Spectral (Gun),2026-07-17,3,2
Spectral (Gun),2026-07-24,3,2
Spectral (Gun),2026-07-27,3,2
Spectral (Gun),2026-07-28,3,2
Spectral (Gun),2026-07-30,3,2
Spectral (Gun),2026-07-31,3,2
Spectral (Gun),2026-08-03,3,2
Spectral (Gun),2026-08-04,3,2
Spectral (Gun),2026-08-05,3,2
Spectral (Gun),2026-08-06,3,2
Spectral (Gun),2026-08-07,3,2
Spectral (Gun),2026-08-08,3,2
Spectral (Gun),2026-08-09,3,2
Spectral (Gun),2026-08-10,3,2
Spectral (Gun),2026-08-11,3,2
Spectral (Gun),2026-08-13,3,2
Spectral (Gun),2026-08-14,3,2
Spectral (Gun),2026-08-15,3,2
Spectral (Gun),2026-08-16,3,2
Spectral (Gun),2026-08-17,3,2
Spectral (Gun),2026-08-18,3,2
Spectral (Gun),2026-08-19,3,2
Spectral (Gun),2026-08-20,3,2
Spectral (Gun),2026-08-21,3,2
Spectral (Gun),2026-08-22,3,2
Spectral (Gun),2026-08-24,3,2
Spectral (Gun),2026-08-25,3,2
Spectral (Gun),2026-08-30,3,2
Spectral (Gun),2026-09-02,3,2
Spectral (Gun),2026-09-03,3,2
Spectral (Gun),2026-09-04,3,2
Spectral (Gun),2026-09-05,3,2
Spectral (Gun),2026-09-06,3,2
Spectral (Gun),2026-09-07,3,2
Spectral (Gun),2026-09-12,3,2
Spectral (Gun),2026-09-17,3,2
Spectral (Gun),2026-09-18,3,2
Spectral (Gun),2026-09-19,3,2
Spectral (Gun),2026-09-20,3,2
Spectral (Knife),2021-11-28,0.8,
Spectral (Knife),2022-08-11,1,
Spectral (Knife),2023-08-01,2,
Spectral (Knife),2023-10-15,3,
Spectral (Knife),2024-04-24,4,
Spectral (Knife),2024-05-26,5,
Spectral (Knife),2024-11-30,7,
Spectral (Knife),2025-03-09,8,
Spectral (Knife),2025-07-05,10,
Spectral (Knife),2025-07-21,12,
Spectral (Knife),2025-09-03,13,
Spectral (Knife),2025-09-17,15,
Spectral (Knife),2025-09-18,17,
Spectral (Knife),2025-10-19,18,
Spectral (Knife),2025-11-24,18,3
Spectral (Knife),2025-12-02,18,3
Spectral (Knife),2025-12-04,18,3
Spectral (Knife),2025-12-08,18,3
Spectral (Knife),2025-12-21,18,3
Spectral (Knife),2025-12-23,18,3
Spectral (Knife),2025-12-24,18,3
Spectral (Knife),2025-12-26,18,3
Spectral (Knife),2025-12-28,18,3
Spectral (Knife),2025-12-30,18,3
Spectral (Knife),2026-01-14,20,
Spectral (Knife),2026-01-15,20,3
Spectral (Knife),2026-01-16,20,3
Spectral (Knife),2026-02-19,20,3
Spectral (Knife),2026-02-27,20,3
Spectral (Knife),2026-02-28,20,3
Spectral (Knife),2026-03-06,20,3
Spectral (Knife),2026-03-09,20,3
Spectral (Knife),2026-03-15,20,2
Spectral (Knife),2026-04-14,20,2
Spectral (Knife),2026-05-09,20,2
Spectral (Knife),2026-05-14,20,2
Spectral (Knife),2026-05-24,25,
Spectral (Knife),2026-05-25,30,
Spectral (Knife),2026-05-27,35,
Spectral (Knife),2026-06-03,40,
Spectral (Knife),2026-06-06,45,
Spectral (Knife),2026-06-07,50,
Spectral (Knife),2026-06-12,55,
Spectral (Knife),2026-06-14,60,
Spectral (Knife),2026-06-17,65,
Spectral (Knife),2026-06-19,70,
Spectral (Knife),2026-06-21,70,3
Spectral (Knife),2026-06-22,80,
Spectral (Knife),2026-06-24,90,
Spectral (Knife),2026-06-26,90,3
Spectral (Knife),2026-06-27,100,
Spectral (Knife),2026-07-02,100,3
Spectral (Knife),2026-07-03,95,
Spectral (Knife),2026-07-05,90,
Spectral (Knife),2026-07-06,90,3
Spectral (Knife),2026-07-07,85,
Spectral (Knife),2026-07-09,80,
Spectral (Knife),2026-07-10,80,3
Spectral (Knife),2026-07-12,75,
Spectral (Knife),2026-07-13,70,
Spectral (Knife),2026-07-14,70,3
Spectral (Knife),2026-07-16,65,
Spectral (Knife),2026-07-17,65,3
Spectral (Knife),2026-07-21,60,
Spectral (Knife),2026-07-24,60,3
Spectral (Knife),2026-07-27,60,3
Spectral (Knife),2026-07-28,60,3
Spectral (Knife),2026-07-30,60,3
Spectral (Knife),2026-07-31,60,3
Spectral (Knife),2026-08-03,55,
Spectral (Knife),2026-08-04,55,2
Spectral (Knife),2026-08-05,55,2
Spectral (Knife),2026-08-06,55,2
Spectral (Knife),2026-08-07,55,2
Spectral (Knife),2026-08-08,55,2
Spectral (Knife),2026-08-09,55,2
Spectral (Knife),2026-08-10,50,
Spectral (Knife),2026-08-11,50,2
Spectral (Knife),2026-08-13,50,2
Spectral (Knife),2026-08-14,50,2
Spectral (Knife),2026-08-15,50,2
Spectral (Knife),2026-08-16,50,2
Spectral (Knife),2026-08-17,50,2
Spectral (Knife),2026-08-18,50,2
Spectral (Knife),2026-08-19,50,2
Spectral (Knife),2026-08-20,50,2
Spectral (Knife),2026-08-21,50,2
Spectral (Knife),2026-08-22,50,2
Spectral (Knife),2026-08-24,50,2
Spectral (Knife),2026-08-25,50,2
Spectral (Knife),2026-08-30,50,2
Spectral (Knife),2026-09-02,50,2
Spectral (Knife),2026-09-03,50,2
Spectral (Knife),2026-09-04,50,2
Spectral (Knife),2026-09-05,50,2
Spectral (Knife),2026-09-06,50,2
Spectral (Knife),2026-09-07,50,2
Spectral (Knife),2026-09-12,50,2
Spectral (Knife),2026-09-17,50,2
Spectral (Knife),2026-09-18,50,2
Spectral (Knife),2026-09-19,50,2
Spectral (Knife),2026-09-20,50,2
Splash (Gun),2022-12-04,0.15,
Splash (Gun),2025-11-24,0.09,1
Splash (Gun),2025-12-02,0.09,1
Splash (Gun),2025-12-04,0.09,1
Splash (Gun),2025-12-08,0.09,1
Splash (Gun),2025-12-21,0.09,1
Splash (Gun),2025-12-23,0.09,1
Splash (Gun),2025-12-24,0.09,1
Splash (Gun),2025-12-26,0.09,1
Splash (Gun),2025-12-28,0.09,1
Splash (Gun),2025-12-30,0.09,1
Splash (Gun),2026-01-15,0.09,1
Splash (Gun),2026-01-16,0.09,1
Splash (Gun),2026-02-19,0.09,1
Splash (Gun),2026-02-27,0.09,1
Splash (Gun),2026-02-28,0.09,1
Splash (Gun),2026-03-06,0.09,1
Splash (Gun),2026-03-09,0.09,1
Splash (Gun),2026-03-15,0.09,1
Splash (Gun),2026-04-14,0.09,1
Splash (Gun),2026-05-09,0.09,1
Splash (Gun),2026-05-14,0.09,1
Splash (Gun),2026-06-21,0.09,1
Splash (Gun),2026-06-22,0.09,1
Splash (Gun),2026-06-26,0.09,1
Splash (Gun),2026-07-02,0.09,1
Splash (Gun),2026-07-03,0.09,1
Splash (Gun),2026-07-05,0.09,1
Splash (Gun),2026-07-06,0.09,1
Splash (Gun),2026-07-09,0.09,1
Splash (Gun),2026-07-10,0.09,1
Splash (Gun),2026-07-12,0.09,1
Splash (Gun),2026-07-14,0.09,1
Splash (Gun),2026-07-17,0.09,1
Splash (Gun),2026-07-24,0.09,1
Splash (Gun),2026-07-27,0.09,1
Splash (Gun),2026-07-28,0.09,1
Splash (Gun),2026-07-30,0.09,1
Splash (Gun),2026-07-31,0.09,1
Splash (Gun),2026-08-03,0.09,1
Splash (Gun),2026-08-04,0.09,1
Splash (Gun),2026-08-05,0.09,1
Splash (Gun),2026-08-06,0.09,1
Splash (Gun),2026-08-07,0.09,1
Splash (Gun),2026-08-08,0.09,1
Splash (Gun),2026-08-09,0.09,1
Splash (Gun),2026-08-10,0.09,1
Splash (Gun),2026-08-11,0.09,1
Splash (Gun),2026-08-13,0.09,1
Splash (Gun),2026-08-14,0.09,1
Splash (Gun),2026-08-15,0.09,1
Splash (Gun),2026-08-16,0.09,1
Splash (Gun),2026-08-17,0.09,1
Splash (Gun),2026-08-18,0.09,1
Splash (Gun),2026-08-19,0.09,1
Splash (Gun),2026-08-20,0.09,1
Splash (Gun),2026-08-21,0.09,1
Splash (Gun),2026-08-22,0.09,1
Splash (Gun),2026-08-24,0.09,1
Splash (Gun),2026-08-25,0.09,1
Splash (Gun),2026-08-30,0.09,1
Splash (Gun),2026-09-02,0.09,1
Splash (Gun),2026-09-03,0.09,1
Splash (Gun),2026-09-04,0.09,1
Splash (Gun),2026-09-05,0.09,1
Splash (Gun),2026-09-06,0.09,1
Splash (Gun),2026-09-07,0.09,1
Splash (Gun),2026-09-12,0.09,1
Splash (Gun),2026-09-17,0.09,1
Splash (Gun),2026-09-18,0.09,1
Splash (Gun),2026-09-19,0.09,1
Splash (Gun),2026-09-20,0.09,1
Splash (Knife),2025-11-24,0.12,1
Splash (Knife),2025-12-02,0.12,1
Splash (Knife),2025-12-04,0.12,1
Splash (Knife),2025-12-08,0.12,1
Splash (Knife),2025-12-21,0.12,1
Splash (Knife),2025-12-23,0.12,1
Splash (Knife),2025-12-24,0.12,1
Splash (Knife),2025-12-26,0.12,1
Splash (Knife),2025-12-28,0.12,1
Splash (Knife),2025-12-30,0.12,1
Splash (Knife),2026-01-15,0.12,1
Splash (Knife),2026-01-16,0.12,1
Splash (Knife),2026-02-19,0.12,1
Splash (Knife),2026-02-27,0.12,1
Splash (Knife),2026-02-28,0.12,1
Splash (Knife),2026-03-06,0.12,1
Splash (Knife),2026-03-09,0.12,1
Splash (Knife),2026-03-15,0.12,1
Splash (Knife),2026-04-14,0.12,1
Splash (Knife),2026-05-09,0.12,1
Splash (Knife),2026-05-14,0.12,1
Splash (Knife),2026-06-21,0.12,1
Splash (Knife),2026-06-22,0.12,1
Splash (Knife),2026-06-26,0.12,1
Splash (Knife),2026-07-02,0.12,1
Splash (Knife),2026-07-03,0.12,1
Splash (Knife),2026-07-05,0.12,1
Splash (Knife),2026-07-06,0.12,1
Splash (Knife),2026-07-09,0.12,1
Splash (Knife),2026-07-10,0.12,1
Splash (Knife),2026-07-12,0.12,1
Splash (Knife),2026-07-14,0.12,1
Splash (Knife),2026-07-17,0.12,1
Splash (Knife),2026-07-24,0.12,1
Splash (Knife),2026-07-27,0.12,1
Splash (Knife),2026-07-28,0.12,1
Splash (Knife),2026-07-30,0.12,1
Splash (Knife),2026-07-31,0.12,1
Splash (Knife),2026-08-03,0.12,1
Splash (Knife),2026-08-04,0.12,1
Splash (Knife),2026-08-05,0.12,1
Splash (Knife),2026-08-06,0.12,1
Splash (Knife),2026-08-07,0.12,1
Splash (Knife),2026-08-08,0.12,1
Splash (Knife),2026-08-09,0.12,1
Splash (Knife),2026-08-10,0.12,1
Splash (Knife),2026-08-11,0.12,1
Splash (Knife),2026-08-13,0.12,1
Splash (Knife),2026-08-14,0.12,1
Splash (Knife),2026-08-15,0.12,1
Splash (Knife),2026-08-16,0.12,1
Splash (Knife),2026-08-17,0.12,1
Splash (Knife),2026-08-18,0.12,1
Splash (Knife),2026-08-19,0.12,1
Splash (Knife),2026-08-20,0.12,1
Splash (Knife),2026-08-21,0.12,1
Splash (Knife),2026-08-22,0.12,1
Splash (Knife),2026-08-24,0.12,1
Splash (Knife),2026-08-25,0.12,1
Splash (Knife),2026-08-30,0.12,1
Splash (Knife),2026-09-02,0.12,1
Splash (Knife),2026-09-03,0.12,1
Splash (Knife),2026-09-04,0.12,1
Splash (Knife),2026-09-05,0.12,1
Splash (Knife),2026-09-06,0.12,1
Splash (Knife),2026-09-07,0.12,1
Splash (Knife),2026-09-12,0.12,1
Splash (Knife),2026-09-17,0.12,1
Splash (Knife),2026-09-18,0.12,1
Splash (Knife),2026-09-19,0.12,1
Splash (Knife),2026-09-20,0.12,1
Traveler (Gun),2023-10-18,1,
Traveler (Gun),2023-11-09,2,
Traveler (Gun),2023-11-26,3,
Traveler (Gun),2024-11-30,4,
Traveler (Gun),2024-12-06,5,
Traveler (Gun),2025-09-17,7,
Traveler (Gun),2025-09-18,8,
Traveler (Gun),2025-09-23,10,
Traveler (Gun),2025-09-25,12,
Traveler (Gun),2025-09-28,13,
Traveler (Gun),2025-10-08,15,
Traveler (Gun),2025-10-15,17,
Traveler (Gun),2025-11-24,17,3
Traveler (Gun),2025-12-02,17,3
Traveler (Gun),2025-12-04,17,3
Traveler (Gun),2025-12-08,17,3
Traveler (Gun),2025-12-21,17,3
Traveler (Gun),2025-12-23,17,3
Traveler (Gun),2025-12-24,17,3
Traveler (Gun),2025-12-26,17,3
Traveler (Gun),2025-12-28,17,3
Traveler (Gun),2025-12-30,17,3
Traveler (Gun),2026-01-15,17,3
Traveler (Gun),2026-01-16,17,3
Traveler (Gun),2026-02-15,18,
Traveler (Gun),2026-02-16,20,
Traveler (Gun),2026-02-19,20,3
Traveler (Gun),2026-02-27,20,3
Traveler (Gun),2026-02-28,20,3
Traveler (Gun),2026-03-04,25,
Traveler (Gun),2026-03-06,25,3
Traveler (Gun),2026-03-09,25,3
Traveler (Gun),2026-03-15,25,3
Traveler (Gun),2026-04-14,25,3
Traveler (Gun),2026-05-09,25,3
Traveler (Gun),2026-05-14,25,3
Traveler (Gun),2026-05-24,30,
Traveler (Gun),2026-05-25,35,
Traveler (Gun),2026-06-03,40,
Traveler (Gun),2026-06-06,45,
Traveler (Gun),2026-06-07,50,
Traveler (Gun),2026-06-12,55,
Traveler (Gun),2026-06-14,60,
Traveler (Gun),2026-06-17,65,
Traveler (Gun),2026-06-19,70,
Traveler (Gun),2026-06-21,70,3
Traveler (Gun),2026-06-22,80,
Traveler (Gun),2026-06-24,90,
Traveler (Gun),2026-06-26,90,3
Traveler (Gun),2026-06-27,100,
Traveler (Gun),2026-07-02,100,3
Traveler (Gun),2026-07-03,95,
Traveler (Gun),2026-07-05,90,
Traveler (Gun),2026-07-06,90,3
Traveler (Gun),2026-07-07,85,
Traveler (Gun),2026-07-09,80,
Traveler (Gun),2026-07-10,80,3
Traveler (Gun),2026-07-12,75,
Traveler (Gun),2026-07-13,70,
Traveler (Gun),2026-07-14,70,3
Traveler (Gun),2026-07-16,65,
Traveler (Gun),2026-07-17,65,3
Traveler (Gun),2026-07-21,60,
Traveler (Gun),2026-07-24,60,3
Traveler (Gun),2026-07-27,60,3
Traveler (Gun),2026-07-28,60,3
Traveler (Gun),2026-07-30,60,3
Traveler (Gun),2026-07-31,60,3
Traveler (Gun),2026-08-03,55,
Traveler (Gun),2026-08-04,55,2
Traveler (Gun),2026-08-05,55,2
Traveler (Gun),2026-08-06,55,2
Traveler (Gun),2026-08-07,55,2
Traveler (Gun),2026-08-08,55,2
Traveler (Gun),2026-08-09,55,2
Traveler (Gun),2026-08-10,50,
Traveler (Gun),2026-08-11,50,2
Traveler (Gun),2026-08-13,50,2
Traveler (Gun),2026-08-14,50,2
Traveler (Gun),2026-08-15,50,2
Traveler (Gun),2026-08-16,50,2
Traveler (Gun),2026-08-17,50,2
Traveler (Gun),2026-08-18,50,2
Traveler (Gun),2026-08-19,50,2
Traveler (Gun),2026-08-20,50,2
Traveler (Gun),2026-08-21,50,2
Traveler (Gun),2026-08-22,50,2
Traveler (Gun),2026-08-24,50,2
Traveler (Gun),2026-08-25,50,2
Traveler (Gun),2026-08-30,50,2
Traveler (Gun),2026-09-02,50,2
Traveler (Gun),2026-09-03,50,2
Traveler (Gun),2026-09-04,50,2
Traveler (Gun),2026-09-05,50,2
Traveler (Gun),2026-09-06,50,2
Traveler (Gun),2026-09-07,50,2
Traveler (Gun),2026-09-12,50,2
Traveler (Gun),2026-09-17,50,2
Traveler (Gun),2026-09-18,50,2
Traveler (Gun),2026-09-19,50,2
Traveler (Gun),2026-09-20,50,2
Traveler (Knife),2023-10-18,0.6,
Traveler (Knife),2024-11-30,0.8,
Traveler (Knife),2025-04-13,1,
Traveler (Knife),2025-10-08,2,
Traveler (Knife),2025-11-24,2,2
Traveler (Knife),2025-12-02,2,2
Traveler (Knife),2025-12-04,2,2
Traveler (Knife),2025-12-08,2,2
Traveler (Knife),2025-12-21,2,2
Traveler (Knife),2025-12-23,2,2
Traveler (Knife),2025-12-24,2,2
Traveler (Knife),2025-12-26,2,2
Traveler (Knife),2025-12-28,2,2
Traveler (Knife),2025-12-30,2,2
Traveler (Knife),2026-01-15,2,2
Traveler (Knife),2026-01-16,2,2
Traveler (Knife),2026-02-19,2,2
Traveler (Knife),2026-02-27,2,2
Traveler (Knife),2026-02-28,2,2
Traveler (Knife),2026-03-06,2,2
Traveler (Knife),2026-03-09,2,2
Traveler (Knife),2026-03-15,2,2
Traveler (Knife),2026-04-14,2,2
Traveler (Knife),2026-05-09,2,2
Traveler (Knife),2026-05-14,2,2
Traveler (Knife),2026-06-07,3,
Traveler (Knife),2026-06-21,3,2
Traveler (Knife),2026-06-22,3,2
Traveler (Knife),2026-06-26,3,2
Traveler (Knife),2026-07-02,3,2
Traveler (Knife),2026-07-03,3,2
Traveler (Knife),2026-07-05,3,2
Traveler (Knife),2026-07-06,3,2
Traveler (Knife),2026-07-09,3,2
Traveler (Knife),2026-07-10,3,2
Traveler (Knife),2026-07-12,3,2
Traveler (Knife),2026-07-14,3,2
Traveler (Knife),2026-07-17,3,2
Traveler (Knife),2026-07-24,3,2
Traveler (Knife),2026-07-27,3,2
Traveler (Knife),2026-07-28,3,2
Traveler (Knife),2026-07-30,3,2
Traveler (Knife),2026-07-31,3,2
Traveler (Knife),2026-08-03,3,2
Traveler (Knife),2026-08-04,3,2
Traveler (Knife),2026-08-05,3,2
Traveler (Knife),2026-08-06,3,2
Traveler (Knife),2026-08-07,3,2
Traveler (Knife),2026-08-08,3,2
Traveler (Knife),2026-08-09,3,2
Traveler (Knife),2026-08-10,3,2
Traveler (Knife),2026-08-11,3,2
Traveler (Knife),2026-08-13,3,2
Traveler (Knife),2026-08-14,3,2
Traveler (Knife),2026-08-15,3,2
Traveler (Knife),2026-08-16,3,2
Traveler (Knife),2026-08-17,3,2
Traveler (Knife),2026-08-18,3,2
Traveler (Knife),2026-08-19,3,2
Traveler (Knife),2026-08-20,3,2
Traveler (Knife),2026-08-21,3,2
Traveler (Knife),2026-08-22,3,2
Traveler (Knife),2026-08-24,3,2
Traveler (Knife),2026-08-25,3,2
Traveler (Knife),2026-08-30,3,2
Traveler (Knife),2026-09-02,3,2
Traveler (Knife),2026-09-03,3,2
Traveler (Knife),2026-09-04,3,2
Traveler (Knife),2026-09-05,3,2
Traveler (Knife),2026-09-06,3,2
Traveler (Knife),2026-09-07,3,2
Traveler (Knife),2026-09-12,3,2
Traveler (Knife),2026-09-17,3,2
Traveler (Knife),2026-09-18,3,2
Traveler (Knife),2026-09-19,3,2
Traveler (Knife),2026-09-20,3,2
Tree (Gun),2020-08-26,90,
Tree (Gun),2020-10-31,100,
Tree (Gun),2020-11-26,105,
Tree (Gun),2021-01-26,120,
Tree (Gun),2021-02-22,125,
Tree (Gun),2021-05-07,140,
Tree (Gun),2021-11-22,155,
Tree (Gun),2021-11-23,160,
Tree (Gun),2021-11-28,175,
Tree (Gun),2021-12-13,190,
Tree (Gun),2022-01-08,210,
Tree (Gun),2022-01-16,220,
Tree (Gun),2022-02-03,250,
Tree (Gun),2022-02-16,260,
Tree (Gun),2022-03-07,255,
Tree (Gun),2022-03-14,245,
Tree (Gun),2022-04-02,235,
Tree (Gun),2022-04-06,225,
Tree (Gun),2022-05-19,190,
Tree (Gun),2022-05-26,170,
Tree (Gun),2022-06-06,145,
Tree (Gun),2022-06-18,120,
Tree (Gun),2022-06-20,95,
Tree (Gun),2022-07-06,70,
Tree (Gun),2022-07-11,45,
Tree (Gun),2022-07-28,32,
Tree (Gun),2022-08-11,30,
Tree (Gun),2022-09-03,35,
Tree (Gun),2022-09-11,40,
Tree (Gun),2022-09-14,45,
Tree (Gun),2022-09-30,50,
Tree (Gun),2022-11-21,45,
Tree (Gun),2022-11-26,40,
Tree (Gun),2022-12-12,35,
Tree (Gun),2023-01-16,32,
Tree (Gun),2023-03-24,30,
Tree (Gun),2023-05-20,28,
Tree (Gun),2023-05-27,25,
Tree (Gun),2023-06-01,22,
Tree (Gun),2023-06-07,20,
Tree (Gun),2023-07-06,17,
Tree (Gun),2023-07-11,15,
Tree (Gun),2023-08-01,12,
Tree (Gun),2023-08-20,10,
Tree (Gun),2023-08-28,7,
Tree (Gun),2023-09-05,5,
Tree (Gun),2023-09-11,3,
Tree (Gun),2023-09-23,2,
Tree (Gun),2023-10-05,1,
Tree (Gun),2023-10-11,0.8,
Tree (Gun),2024-03-11,1,
Tree (Gun),2025-09-17,0.8,
Tree (Gun),2025-11-24,0.6,1
Tree (Gun),2025-12-02,0.6,1
Tree (Gun),2025-12-04,0.6,1
Tree (Gun),2025-12-08,0.6,1
Tree (Gun),2025-12-21,0.6,1
Tree (Gun),2025-12-23,0.6,1
Tree (Gun),2025-12-24,0.6,1
Tree (Gun),2025-12-26,0.6,1
Tree (Gun),2025-12-28,0.6,1
Tree (Gun),2025-12-30,0.6,1
Tree (Gun),2026-01-15,0.6,1
Tree (Gun),2026-01-16,0.6,1
Tree (Gun),2026-02-19,0.6,1
Tree (Gun),2026-02-27,0.6,1
Tree (Gun),2026-02-28,0.6,1
Tree (Gun),2026-03-06,0.6,1
Tree (Gun),2026-03-09,0.6,1
Tree (Gun),2026-03-15,0.6,1
Tree (Gun),2026-04-14,0.6,1
Tree (Gun),2026-05-09,0.6,1
Tree (Gun),2026-05-14,0.6,1
Tree (Gun),2026-06-21,0.6,1
Tree (Gun),2026-06-22,0.6,1
Tree (Gun),2026-06-26,0.6,1
Tree (Gun),2026-07-02,0.6,1
Tree (Gun),2026-07-03,0.6,1
Tree (Gun),2026-07-05,0.6,1
Tree (Gun),2026-07-06,0.6,1
Tree (Gun),2026-07-09,0.6,1
Tree (Gun),2026-07-10,0.6,1
Tree (Gun),2026-07-12,0.6,1
Tree (Gun),2026-07-14,0.6,1
Tree (Gun),2026-07-17,0.6,1
Tree (Gun),2026-07-24,0.6,1
Tree (Gun),2026-07-27,0.6,1
Tree (Gun),2026-07-28,0.6,1
Tree (Gun),2026-07-30,0.6,1
Tree (Gun),2026-07-31,0.6,1
Tree (Gun),2026-08-03,0.6,1
Tree (Gun),2026-08-04,0.6,1
Tree (Gun),2026-08-05,0.6,1
Tree (Gun),2026-08-06,0.6,1
Tree (Gun),2026-08-07,0.6,1
Tree (Gun),2026-08-08,0.6,1
Tree (Gun),2026-08-09,0.6,1
Tree (Gun),2026-08-10,0.6,1
Tree (Gun),2026-08-11,0.6,1
Tree (Gun),2026-08-13,0.6,1
Tree (Gun),2026-08-14,0.6,1
Tree (Gun),2026-08-15,0.6,1
Tree (Gun),2026-08-16,0.6,1
Tree (Gun),2026-08-17,0.6,1
Tree (Gun),2026-08-18,0.6,1
Tree (Gun),2026-08-19,0.6,1
Tree (Gun),2026-08-20,0.6,1
Tree (Gun),2026-08-21,0.6,1
Tree (Gun),2026-08-22,0.6,1
Tree (Gun),2026-08-24,0.6,1
Tree (Gun),2026-08-25,0.6,1
Tree (Gun),2026-08-30,0.6,1
Tree (Gun),2026-09-02,0.6,1
Tree (Gun),2026-09-03,0.6,1
Tree (Gun),2026-09-04,0.6,1
Tree (Gun),2026-09-05,0.6,1
Tree (Gun),2026-09-06,0.6,1
Tree (Gun),2026-09-07,0.6,1
Tree (Gun),2026-09-12,0.6,1
Tree (Gun),2026-09-17,0.6,1
Tree (Gun),2026-09-18,0.6,1
Tree (Gun),2026-09-19,0.6,1
Tree (Gun),2026-09-20,0.6,1
Tree (Knife),2020-08-26,90,
Tree (Knife),2020-10-31,100,
Tree (Knife),2020-11-26,105,
Tree (Knife),2021-01-26,120,
Tree (Knife),2021-02-22,125,
Tree (Knife),2021-05-07,140,
Tree (Knife),2021-11-22,155,
Tree (Knife),2021-11-23,160,
Tree (Knife),2021-11-28,175,
Tree (Knife),2021-12-13,190,
Tree (Knife),2022-01-08,210,
Tree (Knife),2022-01-16,220,
Tree (Knife),2022-02-03,250,
Tree (Knife),2022-02-16,260,
Tree (Knife),2022-03-07,255,
Tree (Knife),2022-03-14,245,
Tree (Knife),2022-04-02,235,
Tree (Knife),2022-04-06,225,
Tree (Knife),2022-05-19,190,
Tree (Knife),2022-05-26,170,
Tree (Knife),2022-06-06,145,
Tree (Knife),2022-06-18,120,
Tree (Knife),2022-06-20,95,
Tree (Knife),2022-07-06,70,
Tree (Knife),2022-07-11,45,
Tree (Knife),2022-07-28,32,
Tree (Knife),2022-08-11,30,
Tree (Knife),2022-09-03,35,
Tree (Knife),2022-09-11,40,
Tree (Knife),2022-09-14,45,
Tree (Knife),2022-09-30,50,
Tree (Knife),2022-11-21,45,
Tree (Knife),2022-11-26,40,
Tree (Knife),2022-12-12,35,
Tree (Knife),2023-01-16,32,
Tree (Knife),2023-03-24,30,
Tree (Knife),2023-05-20,28,
Tree (Knife),2023-05-27,25,
Tree (Knife),2023-06-01,22,
Tree (Knife),2023-06-07,20,
Tree (Knife),2023-07-06,17,
Tree (Knife),2023-07-11,15,
Tree (Knife),2023-08-01,12,
Tree (Knife),2023-08-20,10,
Tree (Knife),2023-08-28,7,
Tree (Knife),2023-09-05,5,
Tree (Knife),2023-09-11,3,
Tree (Knife),2023-09-23,2,
Tree (Knife),2023-10-05,1,
Tree (Knife),2023-10-11,0.8,
Tree (Knife),2024-03-11,1,
Tree (Knife),2025-09-17,0.8,
Tree (Knife),2025-11-24,0.6,1
Tree (Knife),2025-12-02,0.6,1
Tree (Knife),2025-12-04,0.6,1
Tree (Knife),2025-12-08,0.6,1
Tree (Knife),2025-12-21,0.6,1
Tree (Knife),2025-12-23,0.6,1
Tree (Knife),2025-12-24,0.6,1
Tree (Knife),2025-12-26,0.6,1
Tree (Knife),2025-12-28,0.6,1
Tree (Knife),2025-12-30,0.6,1
Tree (Knife),2026-01-15,0.6,1
Tree (Knife),2026-01-16,0.6,1
Tree (Knife),2026-02-19,0.6,1
Tree (Knife),2026-02-27,0.6,1
Tree (Knife),2026-02-28,0.6,1
Tree (Knife),2026-03-06,0.6,1
Tree (Knife),2026-03-09,0.6,1
Tree (Knife),2026-03-15,0.6,1
Tree (Knife),2026-04-14,0.6,1
Tree (Knife),2026-05-09,0.6,1
Tree (Knife),2026-05-14,0.6,1
Tree (Knife),2026-06-21,0.6,1
Tree (Knife),2026-06-22,0.6,1
Tree (Knife),2026-06-26,0.6,1
Tree (Knife),2026-07-02,0.6,1
Tree (Knife),2026-07-03,0.6,1
Tree (Knife),2026-07-05,0.6,1
Tree (Knife),2026-07-06,0.6,1
Tree (Knife),2026-07-09,0.6,1
Tree (Knife),2026-07-10,0.6,1
Tree (Knife),2026-07-12,0.6,1
Tree (Knife),2026-07-14,0.6,1
Tree (Knife),2026-07-17,0.6,1
Tree (Knife),2026-07-24,0.6,1
Tree (Knife),2026-07-27,0.6,1
Tree (Knife),2026-07-28,0.6,1
Tree (Knife),2026-07-30,0.6,1
Tree (Knife),2026-07-31,0.6,1
Tree (Knife),2026-08-03,0.6,1
Tree (Knife),2026-08-04,0.6,1
Tree (Knife),2026-08-05,0.6,1
Tree (Knife),2026-08-06,0.6,1
Tree (Knife),2026-08-07,0.6,1
Tree (Knife),2026-08-08,0.6,1
Tree (Knife),2026-08-09,0.6,1
Tree (Knife),2026-08-10,0.6,1
Tree (Knife),2026-08-11,0.6,1
Tree (Knife),2026-08-13,0.6,1
Tree (Knife),2026-08-14,0.6,1
Tree (Knife),2026-08-15,0.6,1
Tree (Knife),2026-08-16,0.6,1
Tree (Knife),2026-08-17,0.6,1
Tree (Knife),2026-08-18,0.6,1
Tree (Knife),2026-08-19,0.6,1
Tree (Knife),2026-08-20,0.6,1
Tree (Knife),2026-08-21,0.6,1
Tree (Knife),2026-08-22,0.6,1
Tree (Knife),2026-08-24,0.6,1
Tree (Knife),2026-08-25,0.6,1
Tree (Knife),2026-08-30,0.6,1
Tree (Knife),2026-09-02,0.6,1
Tree (Knife),2026-09-03,0.6,1
Tree (Knife),2026-09-04,0.6,1
Tree (Knife),2026-09-05,0.6,1
Tree (Knife),2026-09-06,0.6,1
Tree (Knife),2026-09-07,0.6,1
Tree (Knife),2026-09-12,0.6,1
Tree (Knife),2026-09-17,0.6,1
Tree (Knife),2026-09-18,0.6,1
Tree (Knife),2026-09-19,0.6,1
Tree (Knife),2026-09-20,0.6,1
Universe,2025-11-24,0.12,2
Universe,2025-12-02,0.12,2
Universe,2025-12-04,0.12,2
Universe,2025-12-08,0.12,2
Universe,2025-12-21,0.12,2
Universe,2025-12-23,0.12,2
Universe,2025-12-24,0.12,2
Universe,2025-12-26,0.12,2
Universe,2025-12-28,0.12,2
Universe,2025-12-30,0.12,2
Universe,2026-01-15,0.12,2
Universe,2026-01-16,0.12,2
Universe,2026-02-19,0.12,2
Universe,2026-02-27,0.12,2
Universe,2026-02-28,0.12,2
Universe,2026-03-06,0.12,2
Universe,2026-03-09,0.12,2
Universe,2026-03-15,0.12,2
Universe,2026-04-14,0.12,2
Universe,2026-05-09,0.12,2
Universe,2026-05-14,0.12,2
Universe,2026-06-21,0.12,2
Universe,2026-06-22,0.12,2
Universe,2026-06-26,0.12,2
Universe,2026-07-02,0.12,2
Universe,2026-07-03,0.12,2
Universe,2026-07-05,0.12,2
Universe,2026-07-06,0.12,2
Universe,2026-07-09,0.12,2
Universe,2026-07-10,0.12,2
Universe,2026-07-12,0.12,2
Universe,2026-07-14,0.12,2
Universe,2026-07-17,0.12,2
Universe,2026-07-24,0.12,2
Universe,2026-07-27,0.12,2
Universe,2026-07-28,0.12,2
Universe,2026-07-30,0.12,2
Universe,2026-07-31,0.12,2
Universe,2026-08-03,0.12,2
Universe,2026-08-04,0.12,2
Universe,2026-08-05,0.12,2
Universe,2026-08-06,0.12,2
Universe,2026-08-07,0.12,2
Universe,2026-08-08,0.12,2
Universe,2026-08-09,0.12,2
Universe,2026-08-10,0.12,2
Universe,2026-08-11,0.12,2
Universe,2026-08-13,0.12,2
Universe,2026-08-14,0.12,2
Universe,2026-08-15,0.12,2
Universe,2026-08-16,0.12,2
Universe,2026-08-17,0.12,2
Universe,2026-08-18,0.12,2
Universe,2026-08-19,0.12,2
Universe,2026-08-20,0.12,2
Universe,2026-08-21,0.12,2
Universe,2026-08-22,0.12,2
Universe,2026-08-24,0.12,2
Universe,2026-08-25,0.12,2
Universe,2026-08-30,0.12,2
Universe,2026-09-02,0.12,2
Universe,2026-09-03,0.12,2
Universe,2026-09-04,0.12,2
Universe,2026-09-05,0.12,2
Universe,2026-09-06,0.12,2
Universe,2026-09-07,0.12,2
Universe,2026-09-12,0.12,2
Universe,2026-09-17,0.12,2
Universe,2026-09-18,0.12,2
Universe,2026-09-19,0.12,2
Universe,2026-09-20,0.12,2
Vampire (Gun),2022-10-22,1,
Vampire (Gun),2022-10-30,2,
Vampire (Gun),2023-02-19,3,
Vampire (Gun),2023-10-15,5,
Vampire (Gun),2024-04-24,6,
Vampire (Gun),2024-11-30,8,
Vampire (Gun),2025-04-13,10,
Vampire (Gun),2025-04-15,12,
Vampire (Gun),2025-11-24,12,2
Vampire (Gun),2025-12-02,12,2
Vampire (Gun),2025-12-04,12,2
Vampire (Gun),2025-12-08,12,2
Vampire (Gun),2025-12-21,12,2
Vampire (Gun),2025-12-23,12,2
Vampire (Gun),2025-12-24,12,2
Vampire (Gun),2025-12-26,12,2
Vampire (Gun),2025-12-28,12,2
Vampire (Gun),2025-12-30,12,2
Vampire (Gun),2026-01-15,12,2
Vampire (Gun),2026-01-16,12,2
Vampire (Gun),2026-02-15,13,
Vampire (Gun),2026-02-19,13,2
Vampire (Gun),2026-02-27,13,2
Vampire (Gun),2026-02-28,13,2
Vampire (Gun),2026-03-06,13,2
Vampire (Gun),2026-03-09,13,2
Vampire (Gun),2026-03-15,13,2
Vampire (Gun),2026-03-16,15,
Vampire (Gun),2026-04-14,15,2
Vampire (Gun),2026-05-09,15,2
Vampire (Gun),2026-05-11,17,
Vampire (Gun),2026-05-14,20,
Vampire (Gun),2026-05-25,25,
Vampire (Gun),2026-05-30,30,
Vampire (Gun),2026-06-03,35,
Vampire (Gun),2026-06-06,40,
Vampire (Gun),2026-06-07,45,
Vampire (Gun),2026-06-14,50,
Vampire (Gun),2026-06-17,55,
Vampire (Gun),2026-06-19,60,
Vampire (Gun),2026-06-21,60,3
Vampire (Gun),2026-06-22,70,
Vampire (Gun),2026-06-24,80,
Vampire (Gun),2026-06-26,80,3
Vampire (Gun),2026-06-27,90,
Vampire (Gun),2026-07-02,90,3
Vampire (Gun),2026-07-03,90,3
Vampire (Gun),2026-07-05,85,
Vampire (Gun),2026-07-06,85,3
Vampire (Gun),2026-07-07,80,
Vampire (Gun),2026-07-09,75,
Vampire (Gun),2026-07-10,75,3
Vampire (Gun),2026-07-12,70,
Vampire (Gun),2026-07-13,65,
Vampire (Gun),2026-07-14,65,3
Vampire (Gun),2026-07-16,60,
Vampire (Gun),2026-07-17,60,3
Vampire (Gun),2026-07-21,55,
Vampire (Gun),2026-07-24,55,3
Vampire (Gun),2026-07-27,55,3
Vampire (Gun),2026-07-28,55,3
Vampire (Gun),2026-07-30,55,3
Vampire (Gun),2026-07-31,55,3
Vampire (Gun),2026-08-03,50,
Vampire (Gun),2026-08-04,50,2
Vampire (Gun),2026-08-05,50,2
Vampire (Gun),2026-08-06,50,2
Vampire (Gun),2026-08-07,50,2
Vampire (Gun),2026-08-08,50,2
Vampire (Gun),2026-08-09,50,2
Vampire (Gun),2026-08-10,45,
Vampire (Gun),2026-08-11,45,2
Vampire (Gun),2026-08-13,45,2
Vampire (Gun),2026-08-14,45,2
Vampire (Gun),2026-08-15,45,2
Vampire (Gun),2026-08-16,45,2
Vampire (Gun),2026-08-17,45,2
Vampire (Gun),2026-08-18,45,2
Vampire (Gun),2026-08-19,45,2
Vampire (Gun),2026-08-20,45,2
Vampire (Gun),2026-08-21,45,2
Vampire (Gun),2026-08-22,45,2
Vampire (Gun),2026-08-24,45,2
Vampire (Gun),2026-08-25,45,2
Vampire (Gun),2026-08-30,45,2
Vampire (Gun),2026-09-02,45,2
Vampire (Gun),2026-09-03,45,2
Vampire (Gun),2026-09-04,45,2
Vampire (Gun),2026-09-05,45,2
Vampire (Gun),2026-09-06,45,2
Vampire (Gun),2026-09-07,45,2
Vampire (Gun),2026-09-12,45,2
Vampire (Gun),2026-09-17,45,2
Vampire (Gun),2026-09-18,45,2
Vampire (Gun),2026-09-19,45,2
Vampire (Gun),2026-09-20,45,2
Vampire (Knife),2024-11-30,0.8,
Vampire (Knife),2024-12-06,1,
Vampire (Knife),2025-11-24,1,2
Vampire (Knife),2025-12-02,1,2
Vampire (Knife),2025-12-04,1,2
Vampire (Knife),2025-12-08,1,2
Vampire (Knife),2025-12-18,2,
Vampire (Knife),2025-12-21,2,2
Vampire (Knife),2025-12-23,2,2
Vampire (Knife),2025-12-24,2,2
Vampire (Knife),2025-12-26,2,2
Vampire (Knife),2025-12-28,2,2
Vampire (Knife),2025-12-30,2,2
Vampire (Knife),2026-01-15,2,2
Vampire (Knife),2026-01-16,2,2
Vampire (Knife),2026-02-19,2,2
Vampire (Knife),2026-02-27,2,2
Vampire (Knife),2026-02-28,2,2
Vampire (Knife),2026-03-06,2,2
Vampire (Knife),2026-03-09,2,2
Vampire (Knife),2026-03-15,2,2
Vampire (Knife),2026-03-16,3,
Vampire (Knife),2026-04-14,3,2
Vampire (Knife),2026-05-09,3,2
Vampire (Knife),2026-05-14,3,2
Vampire (Knife),2026-06-21,3,2
Vampire (Knife),2026-06-22,3,2
Vampire (Knife),2026-06-26,3,2
Vampire (Knife),2026-07-02,3,2
Vampire (Knife),2026-07-03,3,2
Vampire (Knife),2026-07-05,3,2
Vampire (Knife),2026-07-06,3,2
Vampire (Knife),2026-07-09,3,2
Vampire (Knife),2026-07-10,3,2
Vampire (Knife),2026-07-12,3,2
Vampire (Knife),2026-07-14,3,2
Vampire (Knife),2026-07-17,3,2
Vampire (Knife),2026-07-24,3,2
Vampire (Knife),2026-07-27,3,2
Vampire (Knife),2026-07-28,3,2
Vampire (Knife),2026-07-30,3,2
Vampire (Knife),2026-07-31,3,2
Vampire (Knife),2026-08-03,3,2
Vampire (Knife),2026-08-04,3,2
Vampire (Knife),2026-08-05,3,2
Vampire (Knife),2026-08-06,3,2
Vampire (Knife),2026-08-07,3,2
Vampire (Knife),2026-08-08,3,2
Vampire (Knife),2026-08-09,3,2
Vampire (Knife),2026-08-10,3,2
Vampire (Knife),2026-08-11,3,2
Vampire (Knife),2026-08-13,3,2
Vampire (Knife),2026-08-14,3,2
Vampire (Knife),2026-08-15,3,2
Vampire (Knife),2026-08-16,3,2
Vampire (Knife),2026-08-17,3,2
Vampire (Knife),2026-08-18,3,2
Vampire (Knife),2026-08-19,3,2
Vampire (Knife),2026-08-20,3,2
Vampire (Knife),2026-08-21,3,2
Vampire (Knife),2026-08-22,3,2
Vampire (Knife),2026-08-24,3,2
Vampire (Knife),2026-08-25,3,2
Vampire (Knife),2026-08-30,3,2
Vampire (Knife),2026-09-02,3,2
Vampire (Knife),2026-09-03,3,2
Vampire (Knife),2026-09-04,3,2
Vampire (Knife),2026-09-05,3,2
Vampire (Knife),2026-09-06,3,2
Vampire (Knife),2026-09-07,3,2
Vampire (Knife),2026-09-12,3,2
Vampire (Knife),2026-09-17,3,2
Vampire (Knife),2026-09-18,3,2
Vampire (Knife),2026-09-19,3,2
Vampire (Knife),2026-09-20,3,2
Viper,2025-11-24,0.12,2
Viper,2025-12-02,0.12,2
Viper,2025-12-04,0.12,2
Viper,2025-12-08,0.12,2
Viper,2025-12-21,0.12,2
Viper,2025-12-23,0.12,2
Viper,2025-12-24,0.12,2
Viper,2025-12-26,0.12,2
Viper,2025-12-28,0.12,2
Viper,2025-12-30,0.12,2
Viper,2026-01-15,0.12,2
Viper,2026-01-16,0.12,2
Viper,2026-02-19,0.12,2
Viper,2026-02-27,0.12,2
Viper,2026-02-28,0.12,2
Viper,2026-03-06,0.12,2
Viper,2026-03-09,0.12,2
Viper,2026-03-15,0.12,2
Viper,2026-04-14,0.12,2
Viper,2026-05-09,0.12,2
Viper,2026-05-14,0.12,2
Viper,2026-06-21,0.12,2
Viper,2026-06-22,0.12,2
Viper,2026-06-26,0.12,2
Viper,2026-07-02,0.12,2
Viper,2026-07-03,0.12,2
Viper,2026-07-05,0.12,2
Viper,2026-07-06,0.12,2
Viper,2026-07-09,0.12,2
Viper,2026-07-10,0.12,2
Viper,2026-07-12,0.12,2
Viper,2026-07-14,0.12,2
Viper,2026-07-17,0.12,2
Viper,2026-07-24,0.12,2
Viper,2026-07-27,0.12,2
Viper,2026-07-28,0.12,2
Viper,2026-07-30,0.12,2
Viper,2026-07-31,0.12,2
Viper,2026-08-03,0.12,2
Viper,2026-08-04,0.12,2
Viper,2026-08-05,0.12,2
Viper,2026-08-06,0.12,2
Viper,2026-08-07,0.12,2
Viper,2026-08-08,0.12,2
Viper,2026-08-09,0.12,2
Viper,2026-08-10,0.12,2
Viper,2026-08-11,0.12,2
Viper,2026-08-13,0.12,2
Viper,2026-08-14,0.12,2
Viper,2026-08-15,0.12,2
Viper,2026-08-16,0.12,2
Viper,2026-08-17,0.12,2
Viper,2026-08-18,0.12,2
Viper,2026-08-19,0.12,2
Viper,2026-08-20,0.12,2
Viper,2026-08-21,0.12,2
Viper,2026-08-22,0.12,2
Viper,2026-08-24,0.12,2
Viper,2026-08-25,0.12,2
Viper,2026-08-30,0.12,2
Viper,2026-09-02,0.12,2
Viper,2026-09-03,0.12,2
Viper,2026-09-04,0.12,2
Viper,2026-09-05,0.12,2
Viper,2026-09-06,0.12,2
Viper,2026-09-07,0.12,2
Viper,2026-09-12,0.12,2
Viper,2026-09-17,0.12,2
Viper,2026-09-18,0.12,2
Viper,2026-09-19,0.12,2
Viper,2026-09-20,0.12,2
Web,2020-08-26,110,
Web,2020-10-31,125,
Web,2020-11-26,130,
Web,2020-12-03,125,
Web,2021-01-26,130,
Web,2021-05-07,135,
Web,2021-07-18,130,
Web,2021-11-22,150,
Web,2021-11-23,155,
Web,2021-11-28,170,
Web,2021-12-13,185,
Web,2022-01-08,200,
Web,2022-01-16,210,
Web,2022-02-03,230,
Web,2022-02-16,240,
Web,2022-03-07,235,
Web,2022-03-14,225,
Web,2022-04-02,215,
Web,2022-04-06,205,
Web,2022-05-19,165,
Web,2022-05-26,145,
Web,2022-06-06,120,
Web,2022-06-18,95,
Web,2022-06-20,70,
Web,2022-07-06,50,
Web,2022-07-11,35,
Web,2022-07-28,28,
Web,2022-08-11,25,
Web,2022-09-03,30,
Web,2022-09-11,35,
Web,2022-09-14,40,
Web,2022-11-26,35,
Web,2022-12-12,30,
Web,2023-05-20,28,
Web,2023-05-27,25,
Web,2023-06-01,22,
Web,2023-06-07,20,
Web,2023-07-06,17,
Web,2023-07-11,15,
Web,2023-08-01,12,
Web,2023-08-20,10,
Web,2023-08-28,7,
Web,2023-09-05,5,
Web,2023-09-11,3,
Web,2023-09-23,2,
Web,2023-10-05,1,
Web,2023-10-11,0.8,
Web,2024-03-11,1,
Web,2025-09-17,0.8,
Web,2025-11-24,0.6,1
Web,2025-12-02,0.6,1
Web,2025-12-04,0.6,1
Web,2025-12-08,0.6,1
Web,2025-12-21,0.6,1
Web,2025-12-23,0.6,1
Web,2025-12-24,0.6,1
Web,2025-12-26,0.6,1
Web,2025-12-28,0.6,1
Web,2025-12-30,0.6,1
Web,2026-01-15,0.6,1
Web,2026-01-16,0.6,1
Web,2026-02-19,0.6,1
Web,2026-02-27,0.6,1
Web,2026-02-28,0.6,1
Web,2026-03-06,0.6,1
Web,2026-03-09,0.6,1
Web,2026-03-15,0.6,1
Web,2026-04-14,0.6,1
Web,2026-05-09,0.6,1
Web,2026-05-14,0.6,1
Web,2026-06-21,0.6,1
Web,2026-06-22,0.6,1
Web,2026-06-26,0.6,1
Web,2026-07-02,0.6,1
Web,2026-07-03,0.6,1
Web,2026-07-05,0.6,1
Web,2026-07-06,0.6,1
Web,2026-07-09,0.6,1
Web,2026-07-10,0.6,1
Web,2026-07-12,0.6,1
Web,2026-07-14,0.6,1
Web,2026-07-17,0.6,1
Web,2026-07-24,0.6,1
Web,2026-07-27,0.6,1
Web,2026-07-28,0.6,1
Web,2026-07-30,0.6,1
Web,2026-07-31,0.6,1
Web,2026-08-03,0.6,1
Web,2026-08-04,0.6,1
Web,2026-08-05,0.6,1
Web,2026-08-06,0.6,1
Web,2026-08-07,0.6,1
Web,2026-08-08,0.6,1
Web,2026-08-09,0.6,1
Web,2026-08-10,0.6,1
Web,2026-08-11,0.6,1
Web,2026-08-13,0.6,1
Web,2026-08-14,0.6,1
Web,2026-08-15,0.6,1
Web,2026-08-16,0.6,1
Web,2026-08-17,0.6,1
Web,2026-08-18,0.6,1
Web,2026-08-19,0.6,1
Web,2026-08-20,0.6,1
Web,2026-08-21,0.6,1
Web,2026-08-22,0.6,1
Web,2026-08-24,0.6,1
Web,2026-08-25,0.6,1
Web,2026-08-30,0.6,1
Web,2026-09-02,0.6,1
Web,2026-09-03,0.6,1
Web,2026-09-04,0.6,1
Web,2026-09-05,0.6,1
Web,2026-09-06,0.6,1
Web,2026-09-07,0.6,1
Web,2026-09-12,0.6,1
Web,2026-09-17,0.6,1
Web,2026-09-18,0.6,1
Web,2026-09-19,0.6,1
Web,2026-09-20,0.6,1
Witched,2020-08-26,1,
Witched,2021-10-02,3,
Witched,2021-11-22,8,
Witched,2021-11-23,12,
Witched,2021-11-28,20,
Witched,2021-12-13,25,
Witched,2022-01-08,30,
Witched,2022-01-16,35,
Witched,2022-02-03,40,
Witched,2022-02-16,45,
Witched,2022-03-07,50,
Witched,2022-03-14,60,
Witched,2022-04-02,70,
Witched,2022-05-19,85,
Witched,2022-05-26,100,
Witched,2022-06-06,120,
Witched,2022-06-18,150,
Witched,2022-06-20,175,
Witched,2022-07-06,205,
Witched,2022-07-11,230,
Witched,2022-07-28,245,
Witched,2022-08-04,260,
Witched,2022-08-11,270,
Witched,2022-08-17,280,
Witched,2022-09-03,245,
Witched,2022-09-11,220,
Witched,2022-09-14,205,
Witched,2022-09-18,195,
Witched,2022-09-30,180,
Witched,2022-10-03,165,
Witched,2022-10-09,150,
Witched,2022-10-18,155,
Witched,2022-10-20,160,
Witched,2022-10-30,165,
Witched,2022-11-06,175,
Witched,2022-11-12,180,
Witched,2022-11-14,185,
Witched,2022-11-21,190,
Witched,2022-11-29,200,
Witched,2022-12-23,190,
Witched,2022-12-27,180,
Witched,2022-12-31,175,
Witched,2023-01-08,170,
Witched,2023-01-10,160,
Witched,2023-01-14,150,
Witched,2023-01-20,140,
Witched,2023-01-21,125,
Witched,2023-01-24,120,
Witched,2023-03-03,110,
Witched,2023-03-09,100,
Witched,2023-06-01,95,
Witched,2023-06-12,90,
Witched,2023-06-21,85,
Witched,2023-07-06,80,
Witched,2023-07-11,75,
Witched,2023-07-23,70,
Witched,2023-08-01,65,
Witched,2023-09-11,70,
Witched,2023-10-05,75,
Witched,2023-10-16,80,
Witched,2023-10-18,85,
Witched,2023-10-23,100,
Witched,2023-10-26,120,
Witched,2023-10-28,125,
Witched,2023-11-01,140,
Witched,2023-11-06,150,
Witched,2023-11-09,160,
Witched,2023-11-13,175,
Witched,2023-11-17,160,
Witched,2023-11-18,150,
Witched,2023-11-22,135,
Witched,2023-11-26,125,
Witched,2023-11-27,120,
Witched,2023-12-05,110,
Witched,2023-12-10,100,
Witched,2023-12-20,105,
Witched,2023-12-22,110,
Witched,2023-12-27,100,
Witched,2024-01-03,105,
Witched,2024-01-26,100,
Witched,2024-02-20,90,
Witched,2024-03-04,85,
Witched,2024-03-29,80,
Witched,2024-04-03,70,
Witched,2024-04-16,60,
Witched,2024-04-21,55,
Witched,2024-04-24,50,
Witched,2024-05-01,45,
Witched,2024-05-31,40,
Witched,2024-07-29,42,
Witched,2024-09-23,45,
Witched,2024-10-11,50,
Witched,2024-10-16,55,
Witched,2024-11-30,60,
Witched,2025-01-24,55,
Witched,2025-01-26,50,
Witched,2025-01-29,45,
Witched,2025-02-07,40,
Witched,2025-02-09,30,
Witched,2025-02-14,25,
Witched,2025-03-09,20,
Witched,2025-04-13,18,
Witched,2025-04-15,15,
Witched,2025-05-28,12,
Witched,2025-06-01,10,
Witched,2025-07-05,8,
Witched,2025-07-28,7,
Witched,2025-08-11,6,
Witched,2025-09-03,5,
Witched,2025-09-17,4,
Witched,2025-09-23,3,
Witched,2025-11-24,3,2
Witched,2025-12-02,3,2
Witched,2025-12-04,3,2
Witched,2025-12-08,3,2
Witched,2025-12-21,3,2
Witched,2025-12-23,3,2
Witched,2025-12-24,3,2
Witched,2025-12-26,3,2
Witched,2025-12-28,3,2
Witched,2025-12-30,3,2
Witched,2026-01-15,3,2
Witched,2026-01-16,3,2
Witched,2026-02-19,3,2
Witched,2026-02-27,3,2
Witched,2026-02-28,3,2
Witched,2026-03-06,3,2
Witched,2026-03-09,3,2
Witched,2026-03-15,3,2
Witched,2026-04-14,3,2
Witched,2026-05-09,3,2
Witched,2026-05-14,3,2
Witched,2026-06-21,3,2
Witched,2026-06-22,3,2
Witched,2026-06-26,3,2
Witched,2026-07-02,3,2
Witched,2026-07-03,3,2
Witched,2026-07-05,3,2
Witched,2026-07-06,3,2
Witched,2026-07-09,3,2
Witched,2026-07-10,3,2
Witched,2026-07-12,3,2
Witched,2026-07-14,3,2
Witched,2026-07-17,3,2
Witched,2026-07-24,3,2
Witched,2026-07-27,3,2
Witched,2026-07-28,3,2
Witched,2026-07-30,3,2
Witched,2026-07-31,3,2
Witched,2026-08-03,3,2
Witched,2026-08-04,3,2
Witched,2026-08-05,3,2
Witched,2026-08-06,3,2
Witched,2026-08-07,3,2
Witched,2026-08-08,3,2
Witched,2026-08-09,3,2
Witched,2026-08-10,3,2
Witched,2026-08-11,3,2
Witched,2026-08-13,3,2
Witched,2026-08-14,3,2
Witched,2026-08-15,3,2
Witched,2026-08-16,3,2
Witched,2026-08-17,3,2
Witched,2026-08-18,3,2
Witched,2026-08-19,3,2
Witched,2026-08-20,3,2
Witched,2026-08-21,3,2
Witched,2026-08-22,3,2
Witched,2026-08-24,3,2
Witched,2026-08-25,3,2
Witched,2026-08-30,3,2
Witched,2026-09-02,3,2
Witched,2026-09-03,3,2
Witched,2026-09-04,3,2
Witched,2026-09-05,3,2
Witched,2026-09-06,3,2
Witched,2026-09-07,3,2
Witched,2026-09-12,3,2
Witched,2026-09-17,3,2
Witched,2026-09-18,3,2
Witched,2026-09-19,3,2
Witched,2026-09-20,3,2
Batwing,2020-08-26,35,
Batwing,2020-10-04,40,
Batwing,2020-12-14,45,
Batwing,2021-01-22,55,
Batwing,2021-02-22,65,
Batwing,2021-03-09,68,
Batwing,2021-03-20,70,
Batwing,2021-05-07,80,
Batwing,2021-05-12,83,
Batwing,2021-06-13,90,
Batwing,2021-06-18,100,
Batwing,2021-06-28,115,
Batwing,2021-07-18,135,
Batwing,2021-07-21,150,
Batwing,2021-08-17,110,
Batwing,2021-08-23,80,
Batwing,2021-09-05,50,
Batwing,2021-09-09,40,
Batwing,2021-10-02,38,
Batwing,2021-11-22,30,
Batwing,2021-11-28,35,
Batwing,2021-12-13,50,
Batwing,2021-12-14,55,
Batwing,2022-01-08,70,
Batwing,2022-01-16,80,
Batwing,2022-02-03,90,
Batwing,2022-03-07,95,
Batwing,2022-03-14,100,
Batwing,2022-04-02,105,
Batwing,2022-04-06,110,
Batwing,2022-05-19,115,
Batwing,2022-06-18,120,
Batwing,2022-08-04,110,
Batwing,2022-08-05,80,
Batwing,2022-08-11,60,
Batwing,2022-08-17,40,
Batwing,2022-08-27,25,
Batwing,2022-08-30,10,
Batwing,2022-09-11,8,
Batwing,2022-09-18,7,
Batwing,2022-10-09,5,
Batwing,2022-10-29,7,
Batwing,2022-12-04,8,
Batwing,2022-12-07,10,
Batwing,2022-12-12,12,
Batwing,2022-12-13,15,
Batwing,2023-01-01,18,
Batwing,2023-01-06,20,
Batwing,2023-01-17,22,
Batwing,2023-01-20,25,
Batwing,2023-01-27,30,
Batwing,2023-02-13,35,
Batwing,2023-02-19,40,
Batwing,2023-03-03,45,
Batwing,2023-03-15,50,
Batwing,2023-04-21,55,
Batwing,2023-06-01,50,
Batwing,2023-06-07,45,
Batwing,2023-08-13,50,
Batwing,2023-08-16,55,
Batwing,2023-08-20,60,
Batwing,2023-08-24,65,
Batwing,2023-08-28,70,
Batwing,2023-09-05,75,
Batwing,2023-09-20,70,
Batwing,2023-09-27,65,
Batwing,2023-10-07,70,
Batwing,2023-11-22,65,
Batwing,2024-01-02,60,
Batwing,2024-03-29,55,
Batwing,2024-04-15,60,
Batwing,2024-07-29,62,
Batwing,2024-09-05,65,
Batwing,2024-10-28,67,
Batwing,2024-11-02,68,
Batwing,2024-11-13,70,
Batwing,2024-11-30,72,
Batwing,2024-12-06,75,
Batwing,2025-01-15,77,
Batwing,2025-03-09,80,
Batwing,2025-04-09,75,
Batwing,2025-04-13,70,
Batwing,2025-04-15,65,
Batwing,2025-04-20,60,
Batwing,2025-10-26,60,2
Batwing,2025-11-01,60,2
Batwing,2025-11-24,60,2
Batwing,2025-11-27,60,2
Batwing,2025-12-04,60,2
Batwing,2025-12-08,60,2
Batwing,2025-12-16,60,2
Batwing,2025-12-21,57,
Batwing,2025-12-23,57,2
Batwing,2025-12-24,57,2
Batwing,2025-12-26,57,2
Batwing,2025-12-28,57,2
Batwing,2025-12-30,57,2
Batwing,2026-02-19,57,2
Batwing,2026-03-04,55,
Batwing,2026-03-10,55,2
Batwing,2026-03-14,50,
Batwing,2026-04-14,50,2
Batwing,2026-05-14,50,2
Batwing,2026-05-24,45,
Batwing,2026-06-14,45,1
Batwing,2026-06-21,45,1
Batwing,2026-06-26,45,1
Batwing,2026-06-28,45,1
Batwing,2026-07-02,45,1
Batwing,2026-07-03,45,1
Batwing,2026-07-05,45,1
Batwing,2026-07-06,45,1
Batwing,2026-07-11,45,1
Batwing,2026-07-12,43,
Batwing,2026-07-14,43,1
Batwing,2026-07-21,42,
Batwing,2026-07-24,42,1
Batwing,2026-07-27,42,1
Batwing,2026-07-28,42,1
Batwing,2026-07-30,42,1
Batwing,2026-07-31,42,1
Batwing,2026-08-03,42,1
Batwing,2026-08-04,42,1
Batwing,2026-08-05,42,1
Batwing,2026-08-06,42,1
Batwing,2026-08-07,42,1
Batwing,2026-08-08,42,1
Batwing,2026-08-09,42,1
Batwing,2026-08-10,42,1
Batwing,2026-08-11,42,1
Batwing,2026-08-13,42,1
Batwing,2026-08-14,42,1
Batwing,2026-08-15,42,1
Batwing,2026-08-16,42,1
Batwing,2026-08-17,42,1
Batwing,2026-08-18,42,1
Batwing,2026-08-19,42,1
Batwing,2026-08-20,42,1
Batwing,2026-08-21,42,1
Batwing,2026-08-22,42,1
Batwing,2026-08-24,42,1
Batwing,2026-09-02,42,1
Batwing,2026-09-03,42,1
Batwing,2026-09-04,42,1
Batwing,2026-09-05,42,1
Batwing,2026-09-06,42,1
Batwing,2026-09-07,42,1
Batwing,2026-09-12,42,1
Batwing,2026-09-17,42,1
Batwing,2026-09-18,42,1
Batwing,2026-09-19,42,1
Batwing,2026-09-20,42,1
Celestial,2024-12-23,2500,
Celestial,2024-12-24,2400,
Celestial,2024-12-26,1900,
Celestial,2024-12-29,1300,
Celestial,2024-12-31,850,
Celestial,2025-01-03,775,
Celestial,2025-01-06,625,
Celestial,2025-01-13,450,
Celestial,2025-01-15,400,
Celestial,2025-01-18,375,
Celestial,2025-01-20,350,
Celestial,2025-01-29,425,
Celestial,2025-02-03,450,
Celestial,2025-02-07,475,
Celestial,2025-02-09,500,
Celestial,2025-02-12,550,
Celestial,2025-02-14,600,
Celestial,2025-02-17,650,
Celestial,2025-02-19,700,
Celestial,2025-02-22,750,
Celestial,2025-02-23,775,
Celestial,2025-02-28,750,
Celestial,2025-03-04,725,
Celestial,2025-03-09,700,
Celestial,2025-03-11,675,
Celestial,2025-03-15,650,
Celestial,2025-03-17,625,
Celestial,2025-03-19,600,
Celestial,2025-03-23,625,
Celestial,2025-03-26,650,
Celestial,2025-03-29,675,
Celestial,2025-04-02,650,
Celestial,2025-04-06,625,
Celestial,2025-04-09,600,
Celestial,2025-04-13,575,
Celestial,2025-04-15,600,
Celestial,2025-04-20,625,
Celestial,2025-04-23,650,
Celestial,2025-05-04,675,
Celestial,2025-05-09,700,
Celestial,2025-05-12,725,
Celestial,2025-05-15,750,
Celestial,2025-05-21,775,
Celestial,2025-05-24,750,
Celestial,2025-05-28,725,
Celestial,2025-06-01,700,
Celestial,2025-06-08,725,
Celestial,2025-06-11,750,
Celestial,2025-06-13,775,
Celestial,2025-06-17,800,
Celestial,2025-06-20,825,
Celestial,2025-06-24,800,
Celestial,2025-07-05,825,
Celestial,2025-07-11,850,
Celestial,2025-07-14,875,
Celestial,2025-07-19,900,
Celestial,2025-07-21,925,
Celestial,2025-08-01,900,
Celestial,2025-08-11,925,
Celestial,2025-08-14,950,
Celestial,2025-08-19,975,
Celestial,2025-08-26,950,
Celestial,2025-08-30,925,
Celestial,2025-09-03,950,
Celestial,2025-09-05,975,
Celestial,2025-09-09,1000,
Celestial,2025-09-13,1025,
Celestial,2025-09-17,1050,
Celestial,2025-09-18,1075,
Celestial,2025-10-02,1100,
Celestial,2025-10-08,1150,
Celestial,2025-10-26,1150,5
Celestial,2025-11-01,1150,5
Celestial,2025-11-16,1200,
Celestial,2025-11-18,1250,
Celestial,2025-11-20,1300,
Celestial,2025-11-24,1400,
Celestial,2025-11-27,1450,
Celestial,2025-11-30,1500,
Celestial,2025-12-01,1550,
Celestial,2025-12-04,1550,6
Celestial,2025-12-08,1550,5
Celestial,2025-12-16,1550,5
Celestial,2025-12-18,1600,
Celestial,2025-12-19,1650,
Celestial,2025-12-21,1700,
Celestial,2025-12-23,1700,6
Celestial,2025-12-24,1750,
Celestial,2025-12-26,1750,6
Celestial,2025-12-27,1800,
Celestial,2025-12-28,1800,6
Celestial,2025-12-29,1850,
Celestial,2025-12-30,1850,6
Celestial,2026-01-01,1900,
Celestial,2026-01-06,1850,
Celestial,2026-01-08,1800,
Celestial,2026-01-16,1775,
Celestial,2026-01-18,1750,
Celestial,2026-01-27,1775,
Celestial,2026-01-28,1800,
Celestial,2026-01-31,1825,
Celestial,2026-02-01,1850,
Celestial,2026-02-04,1875,
Celestial,2026-02-06,1900,
Celestial,2026-02-08,1875,
Celestial,2026-02-10,1850,
Celestial,2026-02-15,1825,
Celestial,2026-02-19,1775,
Celestial,2026-03-10,1775,5
Celestial,2026-04-07,1750,
Celestial,2026-04-11,1725,
Celestial,2026-04-14,1725,5
Celestial,2026-05-14,1725,5
Celestial,2026-05-24,1750,
Celestial,2026-05-25,1800,
Celestial,2026-06-14,1825,
Celestial,2026-06-17,1850,
Celestial,2026-06-19,1900,
Celestial,2026-06-21,1900,6
Celestial,2026-06-22,1950,
Celestial,2026-06-24,2000,
Celestial,2026-06-26,2000,5
Celestial,2026-06-28,2000,5
Celestial,2026-07-02,2000,5
Celestial,2026-07-03,2000,5
Celestial,2026-07-05,2000,5
Celestial,2026-07-06,2000,5
Celestial,2026-07-11,2000,5
Celestial,2026-07-12,2000,5
Celestial,2026-07-14,2000,5
Celestial,2026-07-21,2025,
Celestial,2026-07-24,2050,
Celestial,2026-07-26,2075,
Celestial,2026-07-27,2100,
Celestial,2026-07-28,2125,
Celestial,2026-07-29,2175,
Celestial,2026-07-30,2175,6
Celestial,2026-07-31,2225,
Celestial,2026-08-03,2300,
Celestial,2026-08-04,2300,6
Celestial,2026-08-05,2300,6
Celestial,2026-08-06,2350,
Celestial,2026-08-07,2350,6
Celestial,2026-08-08,2350,6
Celestial,2026-08-09,2350,6
Celestial,2026-08-10,2400,
Celestial,2026-08-11,2400,5
Celestial,2026-08-12,2450,
Celestial,2026-08-13,2450,5
Celestial,2026-08-14,2450,5
Celestial,2026-08-15,2450,5
Celestial,2026-08-16,2450,5
Celestial,2026-08-17,2450,5
Celestial,2026-08-18,2450,5
Celestial,2026-08-19,2450,5
Celestial,2026-08-20,2450,5
Celestial,2026-08-21,2450,5
Celestial,2026-08-22,2450,5
Celestial,2026-08-24,2450,5
Celestial,2026-09-02,2450,5
Celestial,2026-09-03,2450,5
Celestial,2026-09-04,2450,5
Celestial,2026-09-05,2450,5
Celestial,2026-09-06,2450,5
Celestial,2026-09-07,2500,
Celestial,2026-09-09,2550,
Celestial,2026-09-12,2600,
Celestial,2026-09-13,2650,
Celestial,2026-09-15,2600,
Celestial,2026-09-16,2550,
Celestial,2026-09-17,2550,5
Celestial,2026-09-18,2550,5
Celestial,2026-09-19,2450,5
Celestial,2026-09-20,2450,5
Elderwood Scythe,2020-08-26,140,
Elderwood Scythe,2020-12-28,180,
Elderwood Scythe,2021-01-22,200,
Elderwood Scythe,2021-02-22,215,
Elderwood Scythe,2021-03-09,225,
Elderwood Scythe,2021-04-08,210,
Elderwood Scythe,2021-04-26,200,
Elderwood Scythe,2021-05-12,195,
Elderwood Scythe,2021-06-13,190,
Elderwood Scythe,2021-06-18,180,
Elderwood Scythe,2021-06-28,170,
Elderwood Scythe,2021-07-18,175,
Elderwood Scythe,2021-07-21,180,
Elderwood Scythe,2021-07-27,190,
Elderwood Scythe,2021-08-17,215,
Elderwood Scythe,2021-08-23,210,
Elderwood Scythe,2021-09-05,165,
Elderwood Scythe,2021-09-09,145,
Elderwood Scythe,2021-10-02,135,
Elderwood Scythe,2021-10-25,140,
Elderwood Scythe,2021-11-22,150,
Elderwood Scythe,2021-11-28,165,
Elderwood Scythe,2021-12-13,170,
Elderwood Scythe,2021-12-14,175,
Elderwood Scythe,2022-01-08,180,
Elderwood Scythe,2022-02-03,165,
Elderwood Scythe,2022-02-16,155,
Elderwood Scythe,2022-03-07,140,
Elderwood Scythe,2022-03-14,125,
Elderwood Scythe,2022-04-02,115,
Elderwood Scythe,2022-04-06,120,
Elderwood Scythe,2022-05-19,130,
Elderwood Scythe,2022-05-26,135,
Elderwood Scythe,2022-06-06,145,
Elderwood Scythe,2022-06-18,155,
Elderwood Scythe,2022-06-20,160,
Elderwood Scythe,2022-07-06,170,
Elderwood Scythe,2022-07-11,175,
Elderwood Scythe,2022-07-28,180,
Elderwood Scythe,2022-08-04,185,
Elderwood Scythe,2022-08-11,195,
Elderwood Scythe,2022-08-17,205,
Elderwood Scythe,2022-08-27,215,
Elderwood Scythe,2022-08-30,225,
Elderwood Scythe,2022-09-03,230,
Elderwood Scythe,2022-09-11,235,
Elderwood Scythe,2022-09-30,215,
Elderwood Scythe,2022-10-09,205,
Elderwood Scythe,2022-10-12,195,
Elderwood Scythe,2022-10-18,180,
Elderwood Scythe,2022-10-20,165,
Elderwood Scythe,2022-10-22,140,
Elderwood Scythe,2022-11-29,145,
Elderwood Scythe,2022-12-02,150,
Elderwood Scythe,2023-02-07,155,
Elderwood Scythe,2023-03-12,160,
Elderwood Scythe,2023-03-30,165,
Elderwood Scythe,2023-04-02,170,
Elderwood Scythe,2023-04-04,175,
Elderwood Scythe,2023-05-28,170,
Elderwood Scythe,2023-06-01,160,
Elderwood Scythe,2023-06-02,150,
Elderwood Scythe,2023-06-07,145,
Elderwood Scythe,2023-06-12,140,
Elderwood Scythe,2023-06-13,135,
Elderwood Scythe,2023-06-18,120,
Elderwood Scythe,2023-06-21,115,
Elderwood Scythe,2023-06-25,110,
Elderwood Scythe,2023-07-27,115,
Elderwood Scythe,2023-08-01,120,
Elderwood Scythe,2023-08-16,125,
Elderwood Scythe,2023-08-28,130,
Elderwood Scythe,2023-09-05,135,
Elderwood Scythe,2023-09-11,140,
Elderwood Scythe,2023-09-20,145,
Elderwood Scythe,2023-09-27,155,
Elderwood Scythe,2023-10-11,150,
Elderwood Scythe,2023-10-15,145,
Elderwood Scythe,2023-10-16,140,
Elderwood Scythe,2023-10-18,135,
Elderwood Scythe,2023-10-23,130,
Elderwood Scythe,2023-11-01,125,
Elderwood Scythe,2023-11-27,130,
Elderwood Scythe,2023-12-03,125,
Elderwood Scythe,2023-12-22,120,
Elderwood Scythe,2024-01-02,115,
Elderwood Scythe,2024-02-02,120,
Elderwood Scythe,2024-02-20,125,
Elderwood Scythe,2024-03-29,110,
Elderwood Scythe,2024-04-10,105,
Elderwood Scythe,2024-04-24,95,
Elderwood Scythe,2024-05-01,90,
Elderwood Scythe,2024-05-07,85,
Elderwood Scythe,2024-05-20,80,
Elderwood Scythe,2024-05-26,78,
Elderwood Scythe,2024-05-29,72,
Elderwood Scythe,2024-07-01,68,
Elderwood Scythe,2024-08-08,72,
Elderwood Scythe,2024-08-22,77,
Elderwood Scythe,2024-08-26,80,
Elderwood Scythe,2024-09-02,85,
Elderwood Scythe,2024-09-12,90,
Elderwood Scythe,2024-09-23,95,
Elderwood Scythe,2024-10-20,90,
Elderwood Scythe,2025-01-03,85,
Elderwood Scythe,2025-02-07,80,
Elderwood Scythe,2025-04-13,75,
Elderwood Scythe,2025-04-15,65,
Elderwood Scythe,2025-09-28,62,
Elderwood Scythe,2025-10-08,60,
Elderwood Scythe,2025-10-26,60,2
Elderwood Scythe,2025-11-01,60,2
Elderwood Scythe,2025-11-24,60,2
Elderwood Scythe,2025-11-27,60,2
Elderwood Scythe,2025-12-04,60,2
Elderwood Scythe,2025-12-08,60,2
Elderwood Scythe,2025-12-16,60,2
Elderwood Scythe,2025-12-21,55,
Elderwood Scythe,2025-12-23,55,2
Elderwood Scythe,2025-12-24,55,2
Elderwood Scythe,2025-12-26,55,2
Elderwood Scythe,2025-12-28,55,2
Elderwood Scythe,2025-12-30,55,2
Elderwood Scythe,2026-02-19,55,2
Elderwood Scythe,2026-03-10,55,2
Elderwood Scythe,2026-03-14,50,
Elderwood Scythe,2026-04-14,50,2
Elderwood Scythe,2026-05-11,48,
Elderwood Scythe,2026-05-14,48,2
Elderwood Scythe,2026-05-24,45,
Elderwood Scythe,2026-06-14,45,1
Elderwood Scythe,2026-06-17,42,
Elderwood Scythe,2026-06-21,42,1
Elderwood Scythe,2026-06-26,42,1
Elderwood Scythe,2026-06-28,42,1
Elderwood Scythe,2026-07-02,42,1
Elderwood Scythe,2026-07-03,42,1
Elderwood Scythe,2026-07-05,42,1
Elderwood Scythe,2026-07-06,42,1
Elderwood Scythe,2026-07-07,40,
Elderwood Scythe,2026-07-11,40,1
Elderwood Scythe,2026-07-12,38,
Elderwood Scythe,2026-07-14,38,1
Elderwood Scythe,2026-07-24,38,1
Elderwood Scythe,2026-07-27,38,1
Elderwood Scythe,2026-07-28,38,1
Elderwood Scythe,2026-07-30,38,1
Elderwood Scythe,2026-07-31,38,1
Elderwood Scythe,2026-08-03,38,1
Elderwood Scythe,2026-08-04,38,1
Elderwood Scythe,2026-08-05,38,1
Elderwood Scythe,2026-08-06,38,1
Elderwood Scythe,2026-08-07,38,1
Elderwood Scythe,2026-08-08,38,1
Elderwood Scythe,2026-08-09,38,1
Elderwood Scythe,2026-08-10,38,1
Elderwood Scythe,2026-08-11,38,1
Elderwood Scythe,2026-08-13,38,1
Elderwood Scythe,2026-08-14,38,1
Elderwood Scythe,2026-08-15,38,1
Elderwood Scythe,2026-08-16,38,1
Elderwood Scythe,2026-08-17,38,1
Elderwood Scythe,2026-08-18,38,1
Elderwood Scythe,2026-08-19,38,1
Elderwood Scythe,2026-08-20,38,1
Elderwood Scythe,2026-08-21,38,1
Elderwood Scythe,2026-08-22,38,1
Elderwood Scythe,2026-08-24,38,1
Elderwood Scythe,2026-09-02,38,1
Elderwood Scythe,2026-09-03,38,1
Elderwood Scythe,2026-09-04,38,1
Elderwood Scythe,2026-09-05,38,1
Elderwood Scythe,2026-09-06,38,1
Elderwood Scythe,2026-09-07,38,1
Elderwood Scythe,2026-09-12,38,1
Elderwood Scythe,2026-09-17,38,1
Elderwood Scythe,2026-09-18,38,1
Elderwood Scythe,2026-09-19,38,1
Elderwood Scythe,2026-09-20,38,1
Gingerscope,2023-12-22,6000,
Gingerscope,2023-12-24,7000,
Gingerscope,2023-12-27,6500,
Gingerscope,2023-12-28,5500,
Gingerscope,2023-12-31,5300,
Gingerscope,2024-01-02,5000,
Gingerscope,2024-01-03,4800,
Gingerscope,2024-01-08,4700,
Gingerscope,2024-01-12,4600,
Gingerscope,2024-01-26,4500,
Gingerscope,2024-01-29,4400,
Gingerscope,2024-02-14,5500,
Gingerscope,2024-02-17,6000,
Gingerscope,2024-02-20,6200,
Gingerscope,2024-02-22,6250,
Gingerscope,2024-02-26,6200,
Gingerscope,2024-02-29,6000,
Gingerscope,2024-03-04,5750,
Gingerscope,2024-03-06,5500,
Gingerscope,2024-03-11,5000,
Gingerscope,2024-03-18,4800,
Gingerscope,2024-03-29,4700,
Gingerscope,2024-03-31,4750,
Gingerscope,2024-04-03,4600,
Gingerscope,2024-04-08,4400,
Gingerscope,2024-04-11,4300,
Gingerscope,2024-04-15,4250,
Gingerscope,2024-04-16,4200,
Gingerscope,2024-05-03,4250,
Gingerscope,2024-05-07,4400,
Gingerscope,2024-05-09,4750,
Gingerscope,2024-05-10,5000,
Gingerscope,2024-05-15,5200,
Gingerscope,2024-05-20,5250,
Gingerscope,2024-05-22,5300,
Gingerscope,2024-05-29,5500,
Gingerscope,2024-05-31,5800,
Gingerscope,2024-06-03,6000,
Gingerscope,2024-06-08,6500,
Gingerscope,2024-06-10,7000,
Gingerscope,2024-06-14,7200,
Gingerscope,2024-06-15,7300,
Gingerscope,2024-06-23,7250,
Gingerscope,2024-06-26,7150,
Gingerscope,2024-06-28,7000,
Gingerscope,2024-07-01,6750,
Gingerscope,2024-07-03,6500,
Gingerscope,2024-07-06,6250,
Gingerscope,2024-07-09,6150,
Gingerscope,2024-07-11,6000,
Gingerscope,2024-07-14,5900,
Gingerscope,2024-07-15,5800,
Gingerscope,2024-07-18,5750,
Gingerscope,2024-07-21,5600,
Gingerscope,2024-07-25,5500,
Gingerscope,2024-08-02,5600,
Gingerscope,2024-08-04,5700,
Gingerscope,2024-08-08,5800,
Gingerscope,2024-08-11,6000,
Gingerscope,2024-08-14,6200,
Gingerscope,2024-08-18,6250,
Gingerscope,2024-08-22,6300,
Gingerscope,2024-08-24,6400,
Gingerscope,2024-08-26,6500,
Gingerscope,2024-08-29,6550,
Gingerscope,2024-08-31,6700,
Gingerscope,2024-09-02,6900,
Gingerscope,2024-09-05,7000,
Gingerscope,2024-09-12,6800,
Gingerscope,2024-09-14,6600,
Gingerscope,2024-09-19,6700,
Gingerscope,2024-09-23,6800,
Gingerscope,2024-09-27,7000,
Gingerscope,2024-09-29,7100,
Gingerscope,2024-10-02,7250,
Gingerscope,2024-10-06,7300,
Gingerscope,2024-10-11,7200,
Gingerscope,2024-10-13,7100,
Gingerscope,2024-10-20,7200,
Gingerscope,2024-10-23,7250,
Gingerscope,2024-10-26,7300,
Gingerscope,2024-10-30,7350,
Gingerscope,2024-11-02,7400,
Gingerscope,2024-11-18,7500,
Gingerscope,2024-11-22,7700,
Gingerscope,2024-11-24,8000,
Gingerscope,2024-11-26,8500,
Gingerscope,2024-12-15,8400,
Gingerscope,2024-12-20,8500,
Gingerscope,2024-12-23,8700,
Gingerscope,2024-12-26,9300,
Gingerscope,2024-12-29,9500,
Gingerscope,2025-01-15,9600,
Gingerscope,2025-02-09,9500,
Gingerscope,2025-02-12,9200,
Gingerscope,2025-02-14,9000,
Gingerscope,2025-02-17,8750,
Gingerscope,2025-02-19,8500,
Gingerscope,2025-02-22,8200,
Gingerscope,2025-02-23,8000,
Gingerscope,2025-02-28,7800,
Gingerscope,2025-03-04,7500,
Gingerscope,2025-03-09,7600,
Gingerscope,2025-03-11,8000,
Gingerscope,2025-03-15,8500,
Gingerscope,2025-03-17,8700,
Gingerscope,2025-03-23,8800,
Gingerscope,2025-03-29,8900,
Gingerscope,2025-04-02,9000,
Gingerscope,2025-04-06,9200,
Gingerscope,2025-04-09,9300,
Gingerscope,2025-04-13,9200,
Gingerscope,2025-04-20,9300,
Gingerscope,2025-04-23,9500,
Gingerscope,2025-04-27,9600,
Gingerscope,2025-05-04,9700,
Gingerscope,2025-05-12,9600,
Gingerscope,2025-05-21,9700,
Gingerscope,2025-05-24,9800,
Gingerscope,2025-05-28,10000,
Gingerscope,2025-06-08,9800,
Gingerscope,2025-06-11,9700,
Gingerscope,2025-06-17,9800,
Gingerscope,2025-06-20,10000,
Gingerscope,2025-06-24,10200,
Gingerscope,2025-07-11,10300,
Gingerscope,2025-07-19,10200,
Gingerscope,2025-08-01,10300,
Gingerscope,2025-08-03,10400,
Gingerscope,2025-08-07,10500,
Gingerscope,2025-08-14,10600,
Gingerscope,2025-08-22,10700,
Gingerscope,2025-08-26,10800,
Gingerscope,2025-09-17,10900,
Gingerscope,2025-09-18,11000,
Gingerscope,2025-09-25,11200,
Gingerscope,2025-09-28,11400,
Gingerscope,2025-10-02,11500,
Gingerscope,2025-10-08,11600,
Gingerscope,2025-10-15,11500,
Gingerscope,2025-10-23,11600,
Gingerscope,2025-10-26,11600,7
Gingerscope,2025-10-28,11700,
Gingerscope,2025-11-01,11800,
Gingerscope,2025-11-04,12000,
Gingerscope,2025-11-06,12200,
Gingerscope,2025-11-11,12500,
Gingerscope,2025-11-13,12800,
Gingerscope,2025-11-16,13000,
Gingerscope,2025-11-18,13200,
Gingerscope,2025-11-20,13400,
Gingerscope,2025-11-24,13400,7
Gingerscope,2025-11-27,13400,7
Gingerscope,2025-11-30,13500,
Gingerscope,2025-12-01,13600,
Gingerscope,2025-12-04,14000,
Gingerscope,2025-12-08,14500,
Gingerscope,2025-12-11,15000,
Gingerscope,2025-12-15,15500,
Gingerscope,2025-12-16,15500,7
Gingerscope,2025-12-17,16000,
Gingerscope,2025-12-18,16500,
Gingerscope,2025-12-19,17000,
Gingerscope,2025-12-21,17500,
Gingerscope,2025-12-23,17500,7
Gingerscope,2025-12-24,18000,
Gingerscope,2025-12-26,18000,7
Gingerscope,2025-12-27,18200,
Gingerscope,2025-12-28,18200,7
Gingerscope,2025-12-29,18500,
Gingerscope,2025-12-30,18500,7
Gingerscope,2026-01-04,18400,
Gingerscope,2026-01-06,18300,
Gingerscope,2026-01-08,18000,
Gingerscope,2026-01-11,14500,
Gingerscope,2026-01-14,14000,
Gingerscope,2026-01-16,14500,
Gingerscope,2026-01-18,15000,
Gingerscope,2026-01-20,15500,
Gingerscope,2026-01-22,16000,
Gingerscope,2026-01-24,16250,
Gingerscope,2026-01-27,16500,
Gingerscope,2026-02-10,16750,
Gingerscope,2026-02-15,17000,
Gingerscope,2026-02-17,17250,
Gingerscope,2026-02-19,17250,7
Gingerscope,2026-02-21,17500,
Gingerscope,2026-03-01,18000,
Gingerscope,2026-03-04,18500,
Gingerscope,2026-03-06,19000,
Gingerscope,2026-03-09,18500,
Gingerscope,2026-03-10,18500,6
Gingerscope,2026-03-11,17500,
Gingerscope,2026-03-14,17000,
Gingerscope,2026-03-19,17250,
Gingerscope,2026-03-21,17500,
Gingerscope,2026-03-24,17750,
Gingerscope,2026-03-26,18000,
Gingerscope,2026-03-30,18250,
Gingerscope,2026-03-31,18500,
Gingerscope,2026-04-14,18500,7
Gingerscope,2026-04-26,18250,
Gingerscope,2026-04-28,18000,
Gingerscope,2026-05-01,17750,
Gingerscope,2026-05-03,17500,
Gingerscope,2026-05-06,17250,
Gingerscope,2026-05-08,17000,
Gingerscope,2026-05-11,16750,
Gingerscope,2026-05-14,17000,
Gingerscope,2026-05-17,17250,
Gingerscope,2026-05-18,17500,
Gingerscope,2026-05-21,17750,
Gingerscope,2026-05-30,17500,
Gingerscope,2026-06-03,17250,
Gingerscope,2026-06-06,17000,
Gingerscope,2026-06-14,17000,6
Gingerscope,2026-06-19,17250,
Gingerscope,2026-06-21,17250,6
Gingerscope,2026-06-22,17500,
Gingerscope,2026-06-24,17750,
Gingerscope,2026-06-26,17750,6
Gingerscope,2026-06-28,17750,6
Gingerscope,2026-07-02,17750,6
Gingerscope,2026-07-03,17750,6
Gingerscope,2026-07-05,17750,6
Gingerscope,2026-07-06,17750,6
Gingerscope,2026-07-11,17750,6
Gingerscope,2026-07-12,17750,6
Gingerscope,2026-07-14,17750,6
Gingerscope,2026-07-24,17750,6
Gingerscope,2026-07-27,17750,6
Gingerscope,2026-07-28,17750,6
Gingerscope,2026-07-30,17750,6
Gingerscope,2026-07-31,17750,6
Gingerscope,2026-08-03,17750,6
Gingerscope,2026-08-04,17750,6
Gingerscope,2026-08-05,17750,6
Gingerscope,2026-08-06,17750,6
Gingerscope,2026-08-07,17750,6
Gingerscope,2026-08-08,17750,6
Gingerscope,2026-08-09,17750,6
Gingerscope,2026-08-10,17750,6
Gingerscope,2026-08-11,17750,6
Gingerscope,2026-08-13,17750,6
Gingerscope,2026-08-14,17750,6
Gingerscope,2026-08-15,17750,6
Gingerscope,2026-08-16,17750,6
Gingerscope,2026-08-17,17750,6
Gingerscope,2026-08-18,17750,6
Gingerscope,2026-08-19,17750,6
Gingerscope,2026-08-20,17750,6
Gingerscope,2026-08-21,17750,6
Gingerscope,2026-08-22,17750,6
Gingerscope,2026-08-24,17750,6
Gingerscope,2026-09-01,17500,
Gingerscope,2026-09-02,17250,
Gingerscope,2026-09-03,17250,6
Gingerscope,2026-09-04,17000,
Gingerscope,2026-09-05,17000,6
Gingerscope,2026-09-06,17000,6
Gingerscope,2026-09-07,16750,
Gingerscope,2026-09-09,16500,
Gingerscope,2026-09-12,16250,
Gingerscope,2026-09-13,16000,
Gingerscope,2026-09-15,15750,
Gingerscope,2026-09-17,15750,6
Gingerscope,2026-09-18,15750,6
Gingerscope,2026-09-19,15750,6
Gingerscope,2026-09-20,15750,6
Hallowscythe,2020-10-31,370,
Hallowscythe,2020-11-01,320,
Hallowscythe,2020-11-02,302,
Hallowscythe,2020-11-06,230,
Hallowscythe,2020-11-10,210,
Hallowscythe,2020-11-17,170,
Hallowscythe,2020-12-03,125,
Hallowscythe,2020-12-14,90,
Hallowscythe,2020-12-20,85,
Hallowscythe,2021-01-26,90,
Hallowscythe,2021-02-22,100,
Hallowscythe,2021-03-09,105,
Hallowscythe,2021-03-23,110,
Hallowscythe,2021-04-08,130,
Hallowscythe,2021-04-26,140,
Hallowscythe,2021-05-12,135,
Hallowscythe,2021-06-13,130,
Hallowscythe,2021-06-18,115,
Hallowscythe,2021-06-28,105,
Hallowscythe,2021-07-18,95,
Hallowscythe,2021-08-23,100,
Hallowscythe,2021-09-05,105,
Hallowscythe,2021-09-09,115,
Hallowscythe,2021-10-02,120,
Hallowscythe,2021-11-22,135,
Hallowscythe,2021-11-28,145,
Hallowscythe,2021-12-13,150,
Hallowscythe,2022-01-08,145,
Hallowscythe,2022-02-03,135,
Hallowscythe,2022-02-16,130,
Hallowscythe,2022-03-07,120,
Hallowscythe,2022-03-14,110,
Hallowscythe,2022-05-19,105,
Hallowscythe,2022-06-06,100,
Hallowscythe,2022-06-18,90,
Hallowscythe,2022-06-20,85,
Hallowscythe,2022-07-06,80,
Hallowscythe,2022-07-11,95,
Hallowscythe,2022-07-28,100,
Hallowscythe,2022-08-04,105,
Hallowscythe,2022-08-11,110,
Hallowscythe,2022-08-17,120,
Hallowscythe,2022-08-27,125,
Hallowscythe,2022-08-30,135,
Hallowscythe,2022-09-11,140,
Hallowscythe,2022-11-29,135,
Hallowscythe,2022-12-02,130,
Hallowscythe,2022-12-04,125,
Hallowscythe,2022-12-07,115,
Hallowscythe,2022-12-17,110,
Hallowscythe,2022-12-20,105,
Hallowscythe,2022-12-27,100,
Hallowscythe,2023-04-21,95,
Hallowscythe,2023-05-08,90,
Hallowscythe,2023-06-01,85,
Hallowscythe,2023-06-07,80,
Hallowscythe,2023-06-25,75,
Hallowscythe,2023-08-20,80,
Hallowscythe,2023-09-16,75,
Hallowscythe,2023-09-27,70,
Hallowscythe,2024-03-29,60,
Hallowscythe,2024-05-31,58,
Hallowscythe,2024-07-29,57,
Hallowscythe,2024-09-23,55,
Hallowscythe,2025-04-13,50,
Hallowscythe,2025-04-15,48,
Hallowscythe,2025-09-17,45,
Hallowscythe,2025-10-26,45,2
Hallowscythe,2025-11-01,45,2
Hallowscythe,2025-11-24,45,2
Hallowscythe,2025-11-27,45,2
Hallowscythe,2025-12-04,45,2
Hallowscythe,2025-12-08,45,2
Hallowscythe,2025-12-16,45,2
Hallowscythe,2025-12-21,45,2
Hallowscythe,2025-12-23,45,2
Hallowscythe,2025-12-24,45,2
Hallowscythe,2025-12-26,45,2
Hallowscythe,2025-12-28,45,2
Hallowscythe,2025-12-30,45,2
Hallowscythe,2026-02-19,45,2
Hallowscythe,2026-03-04,40,
Hallowscythe,2026-03-10,40,2
Hallowscythe,2026-03-14,35,
Hallowscythe,2026-04-14,35,2
Hallowscythe,2026-05-14,35,2
Hallowscythe,2026-05-24,32,
Hallowscythe,2026-06-14,32,1
Hallowscythe,2026-06-21,32,1
Hallowscythe,2026-06-26,32,1
Hallowscythe,2026-06-28,32,1
Hallowscythe,2026-07-02,32,1
Hallowscythe,2026-07-03,32,1
Hallowscythe,2026-07-05,32,1
Hallowscythe,2026-07-06,32,1
Hallowscythe,2026-07-11,32,1
Hallowscythe,2026-07-12,30,
Hallowscythe,2026-07-14,30,1
Hallowscythe,2026-07-24,30,1
Hallowscythe,2026-07-27,30,1
Hallowscythe,2026-07-28,30,1
Hallowscythe,2026-07-30,30,1
Hallowscythe,2026-07-31,30,1
Hallowscythe,2026-08-03,30,1
Hallowscythe,2026-08-04,30,1
Hallowscythe,2026-08-05,30,1
Hallowscythe,2026-08-06,30,1
Hallowscythe,2026-08-07,30,1
Hallowscythe,2026-08-08,30,1
Hallowscythe,2026-08-09,30,1
Hallowscythe,2026-08-10,30,1
Hallowscythe,2026-08-11,30,1
Hallowscythe,2026-08-13,30,1
Hallowscythe,2026-08-14,30,1
Hallowscythe,2026-08-15,30,1
Hallowscythe,2026-08-16,30,1
Hallowscythe,2026-08-17,30,1
Hallowscythe,2026-08-18,30,1
Hallowscythe,2026-08-19,30,1
Hallowscythe,2026-08-20,30,1
Hallowscythe,2026-08-21,30,1
Hallowscythe,2026-08-22,30,1
Hallowscythe,2026-08-24,30,1
Hallowscythe,2026-09-02,30,1
Hallowscythe,2026-09-03,30,1
Hallowscythe,2026-09-04,30,1
Hallowscythe,2026-09-05,30,1
Hallowscythe,2026-09-06,30,1
Hallowscythe,2026-09-07,30,1
Hallowscythe,2026-09-12,30,1
Hallowscythe,2026-09-17,30,1
Hallowscythe,2026-09-18,30,1
Hallowscythe,2026-09-19,30,1
Hallowscythe,2026-09-20,30,1
Harvester,2021-10-25,835,
Harvester,2021-11-22,890,
Harvester,2021-11-23,815,
Harvester,2021-11-28,780,
Harvester,2021-12-13,670,
Harvester,2021-12-14,650,
Harvester,2022-01-08,635,
Harvester,2022-01-16,885,
Harvester,2022-02-03,1065,
Harvester,2022-02-16,1200,
Harvester,2022-03-07,1400,
Harvester,2022-03-14,1500,
Harvester,2022-04-02,1700,
Harvester,2022-04-06,1800,
Harvester,2022-05-19,2050,
Harvester,2022-05-26,2250,
Harvester,2022-06-06,2450,
Harvester,2022-06-18,2600,
Harvester,2022-06-20,2700,
Harvester,2022-07-06,2850,
Harvester,2022-07-11,3000,
Harvester,2022-07-28,3250,
Harvester,2022-08-04,3450,
Harvester,2022-08-05,3600,
Harvester,2022-08-11,3800,
Harvester,2022-08-17,4050,
Harvester,2022-08-27,4200,
Harvester,2022-08-30,4300,
Harvester,2022-09-03,4350,
Harvester,2022-10-03,4300,
Harvester,2022-10-18,4350,
Harvester,2022-10-20,4450,
Harvester,2022-10-22,4500,
Harvester,2022-10-30,4600,
Harvester,2022-11-06,4750,
Harvester,2022-11-12,4850,
Harvester,2022-11-14,4900,
Harvester,2022-11-21,5000,
Harvester,2022-12-12,4900,
Harvester,2022-12-13,4800,
Harvester,2022-12-17,4700,
Harvester,2022-12-18,4500,
Harvester,2023-01-08,4600,
Harvester,2023-01-20,4500,
Harvester,2023-01-21,4400,
Harvester,2023-01-24,4300,
Harvester,2023-02-02,4200,
Harvester,2023-02-25,4000,
Harvester,2023-03-03,3800,
Harvester,2023-03-06,3600,
Harvester,2023-03-09,3500,
Harvester,2023-03-12,3300,
Harvester,2023-03-15,3200,
Harvester,2023-03-19,3100,
Harvester,2023-03-26,3250,
Harvester,2023-03-30,3400,
Harvester,2023-04-02,3500,
Harvester,2023-04-04,3600,
Harvester,2023-04-05,3700,
Harvester,2023-04-15,3600,
Harvester,2023-04-18,3500,
Harvester,2023-04-21,3400,
Harvester,2023-04-23,3350,
Harvester,2023-04-27,3300,
Harvester,2023-04-30,3250,
Harvester,2023-05-13,3300,
Harvester,2023-05-16,3400,
Harvester,2023-05-20,3500,
Harvester,2023-05-27,3550,
Harvester,2023-05-28,3600,
Harvester,2023-06-07,3650,
Harvester,2023-06-12,3700,
Harvester,2023-06-13,3750,
Harvester,2023-06-18,3800,
Harvester,2023-06-26,3850,
Harvester,2023-07-06,3800,
Harvester,2023-07-15,3750,
Harvester,2023-07-19,3700,
Harvester,2023-07-20,3650,
Harvester,2023-07-23,3600,
Harvester,2023-07-24,3550,
Harvester,2023-07-27,3525,
Harvester,2023-08-01,3500,
Harvester,2023-08-12,3550,
Harvester,2023-08-13,3600,
Harvester,2023-08-16,3700,
Harvester,2023-08-18,3750,
Harvester,2023-08-24,3700,
Harvester,2023-08-25,3600,
Harvester,2023-08-28,3550,
Harvester,2023-08-29,3500,
Harvester,2023-09-01,3400,
Harvester,2023-09-05,3350,
Harvester,2023-09-08,3250,
Harvester,2023-09-23,3200,
Harvester,2023-09-25,3150,
Harvester,2023-09-27,3100,
Harvester,2023-10-05,3050,
Harvester,2023-10-15,3100,
Harvester,2023-10-18,3150,
Harvester,2023-10-21,3200,
Harvester,2023-10-24,3250,
Harvester,2023-10-26,3300,
Harvester,2023-11-01,3350,
Harvester,2023-11-05,3300,
Harvester,2023-11-06,3250,
Harvester,2023-11-09,3200,
Harvester,2023-11-13,3150,
Harvester,2023-11-14,3100,
Harvester,2023-11-17,3050,
Harvester,2023-11-22,3000,
Harvester,2023-11-29,3050,
Harvester,2023-12-05,3000,
Harvester,2023-12-14,2950,
Harvester,2023-12-20,2900,
Harvester,2023-12-22,2850,
Harvester,2023-12-27,2750,
Harvester,2023-12-28,2700,
Harvester,2023-12-31,2650,
Harvester,2024-01-02,2600,
Harvester,2024-01-03,2500,
Harvester,2024-01-19,2400,
Harvester,2024-01-26,2350,
Harvester,2024-01-29,2250,
Harvester,2024-02-07,2200,
Harvester,2024-02-10,2100,
Harvester,2024-02-20,2050,
Harvester,2024-02-22,2000,
Harvester,2024-02-26,1900,
Harvester,2024-02-29,1850,
Harvester,2024-03-04,1750,
Harvester,2024-03-06,1650,
Harvester,2024-03-11,1550,
Harvester,2024-03-14,1500,
Harvester,2024-03-18,1400,
Harvester,2024-03-21,1350,
Harvester,2024-03-25,1300,
Harvester,2024-03-31,1350,
Harvester,2024-04-03,1400,
Harvester,2024-04-08,1450,
Harvester,2024-04-10,1300,
Harvester,2024-04-11,1250,
Harvester,2024-04-15,1225,
Harvester,2024-04-21,1200,
Harvester,2024-04-24,1100,
Harvester,2024-04-26,1075,
Harvester,2024-05-01,1050,
Harvester,2024-05-03,1025,
Harvester,2024-05-09,1000,
Harvester,2024-05-10,975,
Harvester,2024-05-17,925,
Harvester,2024-05-20,900,
Harvester,2024-05-26,850,
Harvester,2024-05-31,825,
Harvester,2024-06-03,800,
Harvester,2024-06-08,750,
Harvester,2024-06-10,700,
Harvester,2024-06-14,650,
Harvester,2024-06-15,625,
Harvester,2024-06-19,640,
Harvester,2024-06-23,650,
Harvester,2024-06-26,675,
Harvester,2024-07-03,685,
Harvester,2024-07-06,690,
Harvester,2024-07-09,700,
Harvester,2024-07-11,715,
Harvester,2024-07-14,725,
Harvester,2024-07-15,740,
Harvester,2024-07-18,775,
Harvester,2024-07-21,800,
Harvester,2024-07-25,825,
Harvester,2024-07-27,850,
Harvester,2024-07-29,875,
Harvester,2024-07-31,900,
Harvester,2024-08-04,925,
Harvester,2024-08-08,910,
Harvester,2024-08-11,900,
Harvester,2024-08-18,890,
Harvester,2024-08-22,910,
Harvester,2024-08-26,925,
Harvester,2024-08-29,940,
Harvester,2024-08-31,950,
Harvester,2024-09-05,975,
Harvester,2024-09-08,1000,
Harvester,2024-09-12,1025,
Harvester,2024-09-18,1050,
Harvester,2024-09-19,1040,
Harvester,2024-09-23,1025,
Harvester,2024-09-27,1000,
Harvester,2024-10-28,1010,
Harvester,2024-10-30,1015,
Harvester,2024-11-02,1020,
Harvester,2024-11-03,1025,
Harvester,2024-11-08,1035,
Harvester,2024-11-10,1040,
Harvester,2024-11-13,1045,
Harvester,2024-11-15,1050,
Harvester,2024-11-18,1040,
Harvester,2024-11-22,1025,
Harvester,2024-11-24,1000,
Harvester,2024-11-26,950,
Harvester,2024-11-30,900,
Harvester,2024-12-02,850,
Harvester,2024-12-06,800,
Harvester,2024-12-08,750,
Harvester,2024-12-11,700,
Harvester,2024-12-15,750,
Harvester,2024-12-24,725,
Harvester,2024-12-29,750,
Harvester,2024-12-31,775,
Harvester,2025-01-03,800,
Harvester,2025-01-13,775,
Harvester,2025-01-15,750,
Harvester,2025-01-18,725,
Harvester,2025-01-20,700,
Harvester,2025-01-24,650,
Harvester,2025-01-26,625,
Harvester,2025-01-29,600,
Harvester,2025-02-03,575,
Harvester,2025-02-07,600,
Harvester,2025-02-09,625,
Harvester,2025-02-12,675,
Harvester,2025-02-17,650,
Harvester,2025-02-19,625,
Harvester,2025-02-22,600,
Harvester,2025-02-23,575,
Harvester,2025-03-04,600,
Harvester,2025-03-09,625,
Harvester,2025-03-11,650,
Harvester,2025-03-15,675,
Harvester,2025-04-09,690,
Harvester,2025-04-13,700,
Harvester,2025-04-20,725,
Harvester,2025-04-23,750,
Harvester,2025-05-04,725,
Harvester,2025-05-09,700,
Harvester,2025-05-15,675,
Harvester,2025-05-28,700,
Harvester,2025-06-08,675,
Harvester,2025-06-11,650,
Harvester,2025-06-17,675,
Harvester,2025-06-20,700,
Harvester,2025-06-24,675,
Harvester,2025-06-26,650,
Harvester,2025-07-02,675,
Harvester,2025-07-11,650,
Harvester,2025-07-14,625,
Harvester,2025-07-21,600,
Harvester,2025-07-24,575,
Harvester,2025-07-28,550,
Harvester,2025-08-11,575,
Harvester,2025-08-14,600,
Harvester,2025-08-22,575,
Harvester,2025-08-26,550,
Harvester,2025-08-30,525,
Harvester,2025-09-03,500,
Harvester,2025-09-13,525,
Harvester,2025-10-26,525,5
Harvester,2025-11-01,525,5
Harvester,2025-11-11,500,
Harvester,2025-11-16,475,
Harvester,2025-11-18,450,
Harvester,2025-11-24,450,4
Harvester,2025-11-27,450,4
Harvester,2025-12-04,450,4
Harvester,2025-12-08,450,4
Harvester,2025-12-16,450,4
Harvester,2025-12-21,450,4
Harvester,2025-12-23,450,4
Harvester,2025-12-24,450,4
Harvester,2025-12-26,450,4
Harvester,2025-12-28,450,4
Harvester,2025-12-30,450,4
Harvester,2026-01-08,425,
Harvester,2026-02-10,415,
Harvester,2026-02-15,400,
Harvester,2026-02-19,400,4
Harvester,2026-03-10,400,4
Harvester,2026-03-14,385,
Harvester,2026-03-16,375,
Harvester,2026-03-30,365,
Harvester,2026-03-31,350,
Harvester,2026-04-04,340,
Harvester,2026-04-07,330,
Harvester,2026-04-11,320,
Harvester,2026-04-14,320,3
Harvester,2026-04-16,310,
Harvester,2026-04-23,300,
Harvester,2026-05-14,300,3
Harvester,2026-05-21,290,
Harvester,2026-06-07,280,
Harvester,2026-06-10,270,
Harvester,2026-06-12,260,
Harvester,2026-06-14,260,3
Harvester,2026-06-17,250,
Harvester,2026-06-21,250,3
Harvester,2026-06-26,250,3
Harvester,2026-06-28,250,3
Harvester,2026-07-02,250,3
Harvester,2026-07-03,250,3
Harvester,2026-07-05,250,3
Harvester,2026-07-06,250,3
Harvester,2026-07-11,250,3
Harvester,2026-07-12,250,3
Harvester,2026-07-14,250,3
Harvester,2026-07-24,250,3
Harvester,2026-07-27,250,3
Harvester,2026-07-28,250,3
Harvester,2026-07-30,250,3
Harvester,2026-07-31,250,3
Harvester,2026-08-03,250,3
Harvester,2026-08-04,250,3
Harvester,2026-08-05,250,3
Harvester,2026-08-06,250,3
Harvester,2026-08-07,250,3
Harvester,2026-08-08,250,3
Harvester,2026-08-09,250,3
Harvester,2026-08-10,250,3
Harvester,2026-08-11,250,3
Harvester,2026-08-13,250,3
Harvester,2026-08-14,250,3
Harvester,2026-08-15,250,3
Harvester,2026-08-16,250,3
Harvester,2026-08-17,250,3
Harvester,2026-08-18,250,3
Harvester,2026-08-19,250,3
Harvester,2026-08-20,250,3
Harvester,2026-08-21,250,3
Harvester,2026-08-22,250,3
Harvester,2026-08-24,250,3
Harvester,2026-09-02,250,3
Harvester,2026-09-03,250,3
Harvester,2026-09-04,250,3
Harvester,2026-09-05,250,3
Harvester,2026-09-06,250,3
Harvester,2026-09-07,250,3
Harvester,2026-09-12,250,3
Harvester,2026-09-17,250,3
Harvester,2026-09-18,250,3
Harvester,2026-09-19,250,3
Harvester,2026-09-20,250,3
Icebreaker,2020-12-28,230,
Icebreaker,2020-12-29,205,
Icebreaker,2021-01-03,150,
Icebreaker,2021-01-22,95,
Icebreaker,2021-01-26,100,
Icebreaker,2021-02-22,70,
Icebreaker,2021-03-20,75,
Icebreaker,2021-04-08,110,
Icebreaker,2021-04-26,135,
Icebreaker,2021-05-07,140,
Icebreaker,2021-06-13,135,
Icebreaker,2021-06-18,125,
Icebreaker,2021-06-28,115,
Icebreaker,2021-07-18,105,
Icebreaker,2021-08-17,125,
Icebreaker,2021-08-23,140,
Icebreaker,2021-09-05,115,
Icebreaker,2021-09-09,105,
Icebreaker,2021-10-02,95,
Icebreaker,2021-10-25,105,
Icebreaker,2021-11-22,115,
Icebreaker,2021-11-28,125,
Icebreaker,2021-12-13,135,
Icebreaker,2021-12-14,140,
Icebreaker,2022-01-08,145,
Icebreaker,2022-02-03,150,
Icebreaker,2022-02-16,155,
Icebreaker,2022-07-11,160,
Icebreaker,2022-08-05,165,
Icebreaker,2022-08-17,170,
Icebreaker,2022-09-03,175,
Icebreaker,2022-11-26,170,
Icebreaker,2022-12-23,175,
Icebreaker,2023-01-01,180,
Icebreaker,2023-04-04,185,
Icebreaker,2023-04-15,190,
Icebreaker,2023-05-08,195,
Icebreaker,2023-05-13,200,
Icebreaker,2023-06-01,190,
Icebreaker,2023-06-02,170,
Icebreaker,2023-06-07,155,
Icebreaker,2023-06-12,150,
Icebreaker,2023-06-13,145,
Icebreaker,2023-06-18,130,
Icebreaker,2023-06-21,125,
Icebreaker,2023-06-25,120,
Icebreaker,2023-07-27,125,
Icebreaker,2023-08-01,130,
Icebreaker,2023-08-16,135,
Icebreaker,2023-08-28,140,
Icebreaker,2023-09-05,145,
Icebreaker,2023-09-11,150,
Icebreaker,2023-09-20,155,
Icebreaker,2023-09-27,165,
Icebreaker,2023-10-11,160,
Icebreaker,2023-10-15,155,
Icebreaker,2023-10-16,150,
Icebreaker,2023-10-18,145,
Icebreaker,2023-10-23,140,
Icebreaker,2023-11-01,130,
Icebreaker,2023-11-09,125,
Icebreaker,2023-11-27,130,
Icebreaker,2023-12-22,125,
Icebreaker,2024-02-02,130,
Icebreaker,2024-02-20,135,
Icebreaker,2024-03-29,120,
Icebreaker,2024-04-10,115,
Icebreaker,2024-04-15,110,
Icebreaker,2024-04-24,100,
Icebreaker,2024-05-01,95,
Icebreaker,2024-05-07,90,
Icebreaker,2024-05-20,85,
Icebreaker,2024-05-26,80,
Icebreaker,2024-05-29,75,
Icebreaker,2024-07-01,70,
Icebreaker,2024-08-08,75,
Icebreaker,2024-08-22,78,
Icebreaker,2024-08-24,80,
Icebreaker,2024-08-26,85,
Icebreaker,2024-09-02,90,
Icebreaker,2024-09-12,100,
Icebreaker,2024-09-23,105,
Icebreaker,2024-09-27,110,
Icebreaker,2024-10-02,115,
Icebreaker,2024-10-16,120,
Icebreaker,2024-10-23,125,
Icebreaker,2024-11-02,120,
Icebreaker,2025-01-03,125,
Icebreaker,2025-10-26,125,3
Icebreaker,2025-11-01,125,3
Icebreaker,2025-11-24,125,3
Icebreaker,2025-11-27,125,3
Icebreaker,2025-12-04,125,3
Icebreaker,2025-12-08,125,3
Icebreaker,2025-12-16,125,3
Icebreaker,2025-12-21,120,
Icebreaker,2025-12-23,120,2
Icebreaker,2025-12-24,115,
Icebreaker,2025-12-26,115,2
Icebreaker,2025-12-28,115,2
Icebreaker,2025-12-30,115,2
Icebreaker,2026-02-19,115,2
Icebreaker,2026-03-04,110,
Icebreaker,2026-03-10,110,2
Icebreaker,2026-03-14,105,
Icebreaker,2026-04-11,100,
Icebreaker,2026-04-14,100,2
Icebreaker,2026-04-28,95,
Icebreaker,2026-05-01,90,
Icebreaker,2026-05-03,85,
Icebreaker,2026-05-14,85,2
Icebreaker,2026-05-24,75,
Icebreaker,2026-05-25,70,
Icebreaker,2026-06-14,70,1
Icebreaker,2026-06-17,68,
Icebreaker,2026-06-21,68,1
Icebreaker,2026-06-26,68,1
Icebreaker,2026-06-28,68,1
Icebreaker,2026-07-02,68,1
Icebreaker,2026-07-03,68,1
Icebreaker,2026-07-05,68,1
Icebreaker,2026-07-06,68,1
Icebreaker,2026-07-11,68,1
Icebreaker,2026-07-12,67,
Icebreaker,2026-07-14,67,1
Icebreaker,2026-07-21,65,
Icebreaker,2026-07-24,65,1
Icebreaker,2026-07-27,65,1
Icebreaker,2026-07-28,65,1
Icebreaker,2026-07-30,65,1
Icebreaker,2026-07-31,65,1
Icebreaker,2026-08-03,65,1
Icebreaker,2026-08-04,65,1
Icebreaker,2026-08-05,65,1
Icebreaker,2026-08-06,65,1
Icebreaker,2026-08-07,65,1
Icebreaker,2026-08-08,65,1
Icebreaker,2026-08-09,65,1
Icebreaker,2026-08-10,65,1
Icebreaker,2026-08-11,65,1
Icebreaker,2026-08-13,65,1
Icebreaker,2026-08-14,65,1
Icebreaker,2026-08-15,65,1
Icebreaker,2026-08-16,65,1
Icebreaker,2026-08-17,65,1
Icebreaker,2026-08-18,65,1
Icebreaker,2026-08-19,65,1
Icebreaker,2026-08-20,65,1
Icebreaker,2026-08-21,65,1
Icebreaker,2026-08-22,65,1
Icebreaker,2026-08-24,65,1
Icebreaker,2026-09-02,65,1
Icebreaker,2026-09-03,65,1
Icebreaker,2026-09-04,65,1
Icebreaker,2026-09-05,65,1
Icebreaker,2026-09-06,65,1
Icebreaker,2026-09-07,65,1
Icebreaker,2026-09-12,65,1
Icebreaker,2026-09-17,65,1
Icebreaker,2026-09-18,65,1
Icebreaker,2026-09-19,65,1
Icebreaker,2026-09-20,65,1
Icepiercer,2022-12-23,6500,
Icepiercer,2022-12-27,6150,
Icepiercer,2022-12-31,5250,
Icepiercer,2023-01-01,4750,
Icepiercer,2023-01-06,4400,
Icepiercer,2023-01-08,4300,
Icepiercer,2023-01-10,4200,
Icepiercer,2023-01-14,4100,
Icepiercer,2023-01-16,4000,
Icepiercer,2023-01-20,3900,
Icepiercer,2023-01-21,3800,
Icepiercer,2023-01-24,3750,
Icepiercer,2023-01-27,3600,
Icepiercer,2023-02-05,3500,
Icepiercer,2023-02-11,3400,
Icepiercer,2023-02-25,3300,
Icepiercer,2023-03-03,3200,
Icepiercer,2023-04-02,3150,
Icepiercer,2023-04-04,3100,
Icepiercer,2023-04-05,3050,
Icepiercer,2023-04-07,3000,
Icepiercer,2023-04-23,3050,
Icepiercer,2023-04-27,3100,
Icepiercer,2023-05-08,3150,
Icepiercer,2023-05-10,3200,
Icepiercer,2023-05-13,3250,
Icepiercer,2023-05-20,3300,
Icepiercer,2023-05-22,3350,
Icepiercer,2023-05-27,3400,
Icepiercer,2023-06-01,3450,
Icepiercer,2023-06-07,3500,
Icepiercer,2023-06-13,3600,
Icepiercer,2023-06-18,3650,
Icepiercer,2023-06-21,3700,
Icepiercer,2023-06-25,3750,
Icepiercer,2023-07-03,3800,
Icepiercer,2023-07-06,3750,
Icepiercer,2023-07-15,3700,
Icepiercer,2023-07-19,3650,
Icepiercer,2023-07-20,3625,
Icepiercer,2023-07-23,3575,
Icepiercer,2023-07-24,3525,
Icepiercer,2023-07-27,3500,
Icepiercer,2023-07-29,3475,
Icepiercer,2023-08-01,3450,
Icepiercer,2023-08-02,3425,
Icepiercer,2023-08-05,3400,
Icepiercer,2023-08-16,3350,
Icepiercer,2023-08-20,3300,
Icepiercer,2023-08-28,3400,
Icepiercer,2023-09-08,3250,
Icepiercer,2023-09-09,3150,
Icepiercer,2023-09-11,3100,
Icepiercer,2023-09-14,3050,
Icepiercer,2023-09-16,3000,
Icepiercer,2023-09-18,2900,
Icepiercer,2023-09-21,2850,
Icepiercer,2023-10-05,2900,
Icepiercer,2023-10-07,2950,
Icepiercer,2023-10-08,3000,
Icepiercer,2023-10-11,3050,
Icepiercer,2023-10-16,3000,
Icepiercer,2023-10-23,2950,
Icepiercer,2023-10-24,2900,
Icepiercer,2023-11-13,2950,
Icepiercer,2023-11-14,3000,
Icepiercer,2023-11-26,2950,
Icepiercer,2023-11-27,2925,
Icepiercer,2023-11-29,2900,
Icepiercer,2023-12-03,2850,
Icepiercer,2023-12-14,2800,
Icepiercer,2023-12-22,2750,
Icepiercer,2023-12-27,2700,
Icepiercer,2023-12-28,2650,
Icepiercer,2023-12-31,2600,
Icepiercer,2024-01-02,2550,
Icepiercer,2024-01-03,2450,
Icepiercer,2024-01-19,2350,
Icepiercer,2024-01-26,2300,
Icepiercer,2024-01-29,2200,
Icepiercer,2024-02-07,2150,
Icepiercer,2024-02-10,2050,
Icepiercer,2024-02-20,2000,
Icepiercer,2024-02-22,1950,
Icepiercer,2024-02-26,1850,
Icepiercer,2024-02-29,1800,
Icepiercer,2024-03-04,1700,
Icepiercer,2024-03-06,1600,
Icepiercer,2024-03-11,1450,
Icepiercer,2024-03-14,1400,
Icepiercer,2024-03-18,1300,
Icepiercer,2024-03-21,1250,
Icepiercer,2024-03-25,1200,
Icepiercer,2024-04-03,1300,
Icepiercer,2024-04-08,1350,
Icepiercer,2024-04-10,1275,
Icepiercer,2024-04-11,1225,
Icepiercer,2024-04-15,1200,
Icepiercer,2024-04-21,1175,
Icepiercer,2024-04-24,1100,
Icepiercer,2024-04-26,1075,
Icepiercer,2024-05-01,1050,
Icepiercer,2024-05-03,1000,
Icepiercer,2024-05-09,975,
Icepiercer,2024-05-10,950,
Icepiercer,2024-05-17,925,
Icepiercer,2024-05-20,900,
Icepiercer,2024-05-26,850,
Icepiercer,2024-05-31,825,
Icepiercer,2024-06-03,800,
Icepiercer,2024-06-08,740,
Icepiercer,2024-06-10,690,
Icepiercer,2024-06-14,645,
Icepiercer,2024-06-15,620,
Icepiercer,2024-06-19,635,
Icepiercer,2024-06-23,645,
Icepiercer,2024-06-26,670,
Icepiercer,2024-07-03,680,
Icepiercer,2024-07-06,685,
Icepiercer,2024-07-09,695,
Icepiercer,2024-07-11,710,
Icepiercer,2024-07-14,720,
Icepiercer,2024-07-15,735,
Icepiercer,2024-07-18,765,
Icepiercer,2024-07-21,790,
Icepiercer,2024-07-25,815,
Icepiercer,2024-07-27,840,
Icepiercer,2024-07-29,865,
Icepiercer,2024-07-31,890,
Icepiercer,2024-08-04,915,
Icepiercer,2024-08-08,900,
Icepiercer,2024-08-11,890,
Icepiercer,2024-08-18,880,
Icepiercer,2024-08-22,900,
Icepiercer,2024-08-26,910,
Icepiercer,2024-08-29,925,
Icepiercer,2024-09-05,950,
Icepiercer,2024-09-08,965,
Icepiercer,2024-09-12,975,
Icepiercer,2024-09-18,1000,
Icepiercer,2024-09-19,990,
Icepiercer,2024-09-23,975,
Icepiercer,2024-09-27,950,
Icepiercer,2024-09-29,940,
Icepiercer,2024-10-13,930,
Icepiercer,2024-10-16,925,
Icepiercer,2024-11-30,890,
Icepiercer,2024-12-02,845,
Icepiercer,2024-12-06,795,
Icepiercer,2024-12-08,745,
Icepiercer,2024-12-11,690,
Icepiercer,2024-12-15,725,
Icepiercer,2024-12-24,700,
Icepiercer,2024-12-31,725,
Icepiercer,2025-01-03,750,
Icepiercer,2025-01-13,725,
Icepiercer,2025-01-15,700,
Icepiercer,2025-01-18,675,
Icepiercer,2025-01-20,650,
Icepiercer,2025-01-24,600,
Icepiercer,2025-01-26,575,
Icepiercer,2025-01-29,550,
Icepiercer,2025-02-03,525,
Icepiercer,2025-02-07,550,
Icepiercer,2025-02-12,575,
Icepiercer,2025-02-17,550,
Icepiercer,2025-02-19,525,
Icepiercer,2025-02-22,500,
Icepiercer,2025-02-23,475,
Icepiercer,2025-03-04,500,
Icepiercer,2025-03-09,525,
Icepiercer,2025-03-11,550,
Icepiercer,2025-03-15,575,
Icepiercer,2025-04-09,590,
Icepiercer,2025-04-13,600,
Icepiercer,2025-04-20,625,
Icepiercer,2025-05-04,600,
Icepiercer,2025-05-09,550,
Icepiercer,2025-05-28,575,
Icepiercer,2025-06-08,550,
Icepiercer,2025-06-11,525,
Icepiercer,2025-06-17,550,
Icepiercer,2025-06-20,575,
Icepiercer,2025-06-24,550,
Icepiercer,2025-06-26,525,
Icepiercer,2025-07-02,550,
Icepiercer,2025-07-11,525,
Icepiercer,2025-07-14,500,
Icepiercer,2025-07-21,475,
Icepiercer,2025-07-24,450,
Icepiercer,2025-07-28,425,
Icepiercer,2025-08-11,450,
Icepiercer,2025-08-14,475,
Icepiercer,2025-08-22,450,
Icepiercer,2025-08-26,425,
Icepiercer,2025-08-30,400,
Icepiercer,2025-09-03,375,
Icepiercer,2025-09-13,400,
Icepiercer,2025-10-26,400,5
Icepiercer,2025-11-01,400,5
Icepiercer,2025-11-11,375,
Icepiercer,2025-11-16,350,
Icepiercer,2025-11-18,325,
Icepiercer,2025-11-24,325,4
Icepiercer,2025-11-27,325,4
Icepiercer,2025-12-04,325,4
Icepiercer,2025-12-08,325,4
Icepiercer,2025-12-16,325,4
Icepiercer,2025-12-21,325,4
Icepiercer,2025-12-23,325,4
Icepiercer,2025-12-24,325,4
Icepiercer,2025-12-26,325,4
Icepiercer,2025-12-28,325,4
Icepiercer,2025-12-30,325,4
Icepiercer,2026-01-04,350,
Icepiercer,2026-01-20,325,
Icepiercer,2026-02-10,315,
Icepiercer,2026-02-15,300,
Icepiercer,2026-02-19,300,4
Icepiercer,2026-03-10,300,4
Icepiercer,2026-03-14,285,
Icepiercer,2026-03-16,275,
Icepiercer,2026-03-30,265,
Icepiercer,2026-03-31,250,
Icepiercer,2026-04-04,240,
Icepiercer,2026-04-07,230,
Icepiercer,2026-04-11,220,
Icepiercer,2026-04-14,220,3
Icepiercer,2026-04-16,210,
Icepiercer,2026-04-23,200,
Icepiercer,2026-05-14,200,3
Icepiercer,2026-05-21,190,
Icepiercer,2026-06-07,180,
Icepiercer,2026-06-12,170,
Icepiercer,2026-06-14,170,3
Icepiercer,2026-06-17,160,
Icepiercer,2026-06-21,160,3
Icepiercer,2026-06-26,160,3
Icepiercer,2026-06-28,160,3
Icepiercer,2026-07-02,160,3
Icepiercer,2026-07-03,160,3
Icepiercer,2026-07-05,160,3
Icepiercer,2026-07-06,160,3
Icepiercer,2026-07-11,160,3
Icepiercer,2026-07-12,160,3
Icepiercer,2026-07-14,160,3
Icepiercer,2026-07-24,160,3
Icepiercer,2026-07-27,160,3
Icepiercer,2026-07-28,160,3
Icepiercer,2026-07-30,160,3
Icepiercer,2026-07-31,160,3
Icepiercer,2026-08-03,160,3
Icepiercer,2026-08-04,160,3
Icepiercer,2026-08-05,160,3
Icepiercer,2026-08-06,160,3
Icepiercer,2026-08-07,160,3
Icepiercer,2026-08-08,160,3
Icepiercer,2026-08-09,160,3
Icepiercer,2026-08-10,160,3
Icepiercer,2026-08-11,160,3
Icepiercer,2026-08-13,160,3
Icepiercer,2026-08-14,160,3
Icepiercer,2026-08-15,160,3
Icepiercer,2026-08-16,160,3
Icepiercer,2026-08-17,160,3
Icepiercer,2026-08-18,160,3
Icepiercer,2026-08-19,160,3
Icepiercer,2026-08-20,160,3
Icepiercer,2026-08-21,160,3
Icepiercer,2026-08-22,160,3
Icepiercer,2026-08-24,160,3
Icepiercer,2026-09-02,160,3
Icepiercer,2026-09-03,160,3
Icepiercer,2026-09-04,160,3
Icepiercer,2026-09-05,160,3
Icepiercer,2026-09-06,160,3
Icepiercer,2026-09-07,160,3
Icepiercer,2026-09-12,160,3
Icepiercer,2026-09-17,160,3
Icepiercer,2026-09-18,160,3
Icepiercer,2026-09-19,160,3
Icepiercer,2026-09-20,160,3
Icewing,2020-08-26,20,
Icewing,2021-01-03,28,
Icewing,2021-01-22,35,
Icewing,2021-02-22,40,
Icewing,2021-03-09,45,
Icewing,2021-03-20,50,
Icewing,2021-04-08,45,
Icewing,2021-04-26,40,
Icewing,2021-06-13,35,
Icewing,2021-06-18,30,
Icewing,2021-10-02,33,
Icewing,2021-10-25,35,
Icewing,2021-12-13,45,
Icewing,2022-01-08,55,
Icewing,2022-02-03,65,
Icewing,2022-03-07,60,
Icewing,2022-06-18,35,
Icewing,2022-06-20,20,
Icewing,2022-07-06,7,
Icewing,2022-07-11,5,
Icewing,2022-07-28,2,
Icewing,2022-08-04,1,
Icewing,2022-08-11,0.2,
Icewing,2022-08-27,0.1,
Icewing,2022-08-30,0.003125,
Icewing,2022-10-18,0.2,
Icewing,2022-10-20,1,
Icewing,2023-05-08,2,
Icewing,2023-06-18,1,
Icewing,2023-10-15,2,
Icewing,2024-03-29,3,
Icewing,2024-11-18,4,
Icewing,2025-02-22,5,
Icewing,2025-09-03,8,
Icewing,2025-09-18,10,
Icewing,2025-10-26,10,2
Icewing,2025-11-01,10,2
Icewing,2025-11-24,10,2
Icewing,2025-11-27,10,2
Icewing,2025-12-04,10,2
Icewing,2025-12-08,10,2
Icewing,2025-12-16,10,2
Icewing,2025-12-21,10,2
Icewing,2025-12-23,10,2
Icewing,2025-12-24,10,2
Icewing,2025-12-26,10,2
Icewing,2025-12-28,10,2
Icewing,2025-12-30,10,2
Icewing,2026-01-11,12,
Icewing,2026-02-15,13,
Icewing,2026-02-19,13,2
Icewing,2026-03-10,13,2
Icewing,2026-03-14,15,
Icewing,2026-04-14,15,2
Icewing,2026-05-14,15,2
Icewing,2026-06-14,15,2
Icewing,2026-06-21,15,2
Icewing,2026-06-26,15,2
Icewing,2026-06-28,15,2
Icewing,2026-07-02,15,2
Icewing,2026-07-03,15,2
Icewing,2026-07-05,15,2
Icewing,2026-07-06,15,2
Icewing,2026-07-11,15,2
Icewing,2026-07-12,15,2
Icewing,2026-07-14,15,2
Icewing,2026-07-21,13,
Icewing,2026-07-24,13,2
Icewing,2026-07-27,13,2
Icewing,2026-07-28,13,2
Icewing,2026-07-30,13,2
Icewing,2026-07-31,13,2
Icewing,2026-08-03,13,2
Icewing,2026-08-04,13,2
Icewing,2026-08-05,13,2
Icewing,2026-08-06,13,2
Icewing,2026-08-07,13,2
Icewing,2026-08-08,13,2
Icewing,2026-08-09,13,2
Icewing,2026-08-10,13,2
Icewing,2026-08-11,13,2
Icewing,2026-08-13,13,2
Icewing,2026-08-14,13,2
Icewing,2026-08-15,13,2
Icewing,2026-08-16,13,1
Icewing,2026-08-17,13,1
Icewing,2026-08-18,13,1
Icewing,2026-08-19,13,1
Icewing,2026-08-20,13,1
Icewing,2026-08-21,13,1
Icewing,2026-08-22,13,1
Icewing,2026-08-24,13,1
Icewing,2026-09-02,13,1
Icewing,2026-09-03,13,1
Icewing,2026-09-04,13,1
Icewing,2026-09-05,13,1
Icewing,2026-09-06,13,1
Icewing,2026-09-07,13,1
Icewing,2026-09-12,13,1
Icewing,2026-09-17,13,1
Icewing,2026-09-18,13,1
Icewing,2026-09-19,13,1
Icewing,2026-09-20,13,1
Logchopper,2020-08-26,120,
Logchopper,2020-11-26,130,
Logchopper,2020-12-03,135,
Logchopper,2020-12-14,145,
Logchopper,2020-12-28,155,
Logchopper,2021-01-26,148,
Logchopper,2021-02-22,160,
Logchopper,2021-03-09,165,
Logchopper,2021-03-20,160,
Logchopper,2021-04-08,150,
Logchopper,2021-05-07,145,
Logchopper,2021-06-13,140,
Logchopper,2021-06-18,135,
Logchopper,2021-06-28,120,
Logchopper,2021-07-18,115,
Logchopper,2021-08-17,110,
Logchopper,2021-09-09,115,
Logchopper,2021-10-02,125,
Logchopper,2021-10-25,135,
Logchopper,2021-11-22,140,
Logchopper,2021-11-28,145,
Logchopper,2021-12-13,150,
Logchopper,2022-01-16,145,
Logchopper,2022-02-03,135,
Logchopper,2022-02-16,125,
Logchopper,2022-03-07,115,
Logchopper,2022-03-14,105,
Logchopper,2022-05-19,100,
Logchopper,2022-06-06,90,
Logchopper,2022-06-18,85,
Logchopper,2022-06-20,80,
Logchopper,2022-07-06,78,
Logchopper,2022-07-11,70,
Logchopper,2022-07-28,65,
Logchopper,2022-09-14,70,
Logchopper,2022-09-18,80,
Logchopper,2022-09-30,85,
Logchopper,2022-10-03,90,
Logchopper,2022-10-09,95,
Logchopper,2022-10-12,100,
Logchopper,2022-11-14,95,
Logchopper,2022-11-21,90,
Logchopper,2022-11-26,85,
Logchopper,2022-11-29,75,
Logchopper,2022-12-18,70,
Logchopper,2022-12-20,65,
Logchopper,2022-12-23,60,
Logchopper,2023-05-08,55,
Logchopper,2023-06-01,50,
Logchopper,2023-06-07,45,
Logchopper,2023-06-25,40,
Logchopper,2023-10-15,38,
Logchopper,2023-12-03,37,
Logchopper,2024-01-02,35,
Logchopper,2024-03-29,32,
Logchopper,2024-04-24,30,
Logchopper,2025-04-13,25,
Logchopper,2025-05-09,22,
Logchopper,2025-09-17,20,
Logchopper,2025-10-26,20,2
Logchopper,2025-11-01,20,2
Logchopper,2025-11-24,20,2
Logchopper,2025-11-27,20,2
Logchopper,2025-12-04,20,2
Logchopper,2025-12-08,20,2
Logchopper,2025-12-16,20,2
Logchopper,2025-12-21,20,2
Logchopper,2025-12-23,20,2
Logchopper,2025-12-24,20,2
Logchopper,2025-12-26,20,2
Logchopper,2025-12-28,20,2
Logchopper,2025-12-30,20,2
Logchopper,2026-02-19,20,2
Logchopper,2026-03-10,20,2
Logchopper,2026-04-14,20,2
Logchopper,2026-05-14,20,2
Logchopper,2026-05-24,18,
Logchopper,2026-06-14,18,1
Logchopper,2026-06-21,18,1
Logchopper,2026-06-26,18,1
Logchopper,2026-06-28,18,1
Logchopper,2026-07-02,18,1
Logchopper,2026-07-03,18,1
Logchopper,2026-07-05,18,1
Logchopper,2026-07-06,18,1
Logchopper,2026-07-11,18,1
Logchopper,2026-07-12,18,1
Logchopper,2026-07-14,18,1
Logchopper,2026-07-24,18,1
Logchopper,2026-07-27,18,1
Logchopper,2026-07-28,18,1
Logchopper,2026-07-30,18,1
Logchopper,2026-07-31,18,1
Logchopper,2026-08-03,18,1
Logchopper,2026-08-04,18,1
Logchopper,2026-08-05,18,1
Logchopper,2026-08-06,18,1
Logchopper,2026-08-07,18,1
Logchopper,2026-08-08,18,1
Logchopper,2026-08-09,18,1
Logchopper,2026-08-10,18,1
Logchopper,2026-08-11,18,1
Logchopper,2026-08-13,18,1
Logchopper,2026-08-14,18,1
Logchopper,2026-08-15,18,1
Logchopper,2026-08-16,18,1
Logchopper,2026-08-17,18,1
Logchopper,2026-08-18,18,1
Logchopper,2026-08-19,18,1
Logchopper,2026-08-20,18,1
Logchopper,2026-08-21,18,1
Logchopper,2026-08-22,18,1
Logchopper,2026-08-24,18,1
Logchopper,2026-09-02,18,1
Logchopper,2026-09-03,18,1
Logchopper,2026-09-04,18,1
Logchopper,2026-09-05,18,1
Logchopper,2026-09-06,18,1
Logchopper,2026-09-07,18,1
Logchopper,2026-09-12,18,1
Logchopper,2026-09-17,18,1
Logchopper,2026-09-18,18,1
Logchopper,2026-09-19,18,1
Logchopper,2026-09-20,18,1
Swirly Axe,2021-12-25,1050,
Swirly Axe,2021-12-26,1150,
Swirly Axe,2022-01-16,1030,
Swirly Axe,2022-02-03,925,
Swirly Axe,2022-02-16,900,
Swirly Axe,2022-03-07,925,
Swirly Axe,2022-03-14,1000,
Swirly Axe,2022-04-02,1100,
Swirly Axe,2022-04-06,1200,
Swirly Axe,2022-05-19,1400,
Swirly Axe,2022-05-26,1500,
Swirly Axe,2022-06-06,1600,
Swirly Axe,2022-06-18,1700,
Swirly Axe,2022-06-20,1800,
Swirly Axe,2022-07-06,1900,
Swirly Axe,2022-07-11,2000,
Swirly Axe,2022-07-28,2200,
Swirly Axe,2022-08-04,2400,
Swirly Axe,2022-08-05,2500,
Swirly Axe,2022-08-11,2650,
Swirly Axe,2022-08-17,2800,
Swirly Axe,2022-08-27,2900,
Swirly Axe,2022-08-30,3000,
Swirly Axe,2022-09-03,3100,
Swirly Axe,2022-09-11,3200,
Swirly Axe,2022-09-14,3300,
Swirly Axe,2022-10-22,3250,
Swirly Axe,2022-11-06,3100,
Swirly Axe,2022-11-12,2800,
Swirly Axe,2022-11-14,2550,
Swirly Axe,2022-11-21,2400,
Swirly Axe,2022-11-26,2300,
Swirly Axe,2022-12-04,2350,
Swirly Axe,2022-12-08,2400,
Swirly Axe,2022-12-12,2500,
Swirly Axe,2022-12-13,2600,
Swirly Axe,2022-12-17,2700,
Swirly Axe,2023-01-06,2600,
Swirly Axe,2023-01-08,2400,
Swirly Axe,2023-01-20,2300,
Swirly Axe,2023-01-21,2200,
Swirly Axe,2023-02-21,2300,
Swirly Axe,2023-03-03,2350,
Swirly Axe,2023-03-06,2400,
Swirly Axe,2023-03-12,2500,
Swirly Axe,2023-03-15,2650,
Swirly Axe,2023-03-19,2750,
Swirly Axe,2023-03-21,2800,
Swirly Axe,2023-03-24,2900,
Swirly Axe,2023-04-02,2800,
Swirly Axe,2023-04-04,2600,
Swirly Axe,2023-04-05,2400,
Swirly Axe,2023-04-07,2300,
Swirly Axe,2023-04-10,2100,
Swirly Axe,2023-04-18,2150,
Swirly Axe,2023-04-23,2200,
Swirly Axe,2023-04-27,2250,
Swirly Axe,2023-05-20,2300,
Swirly Axe,2023-05-22,2250,
Swirly Axe,2023-05-27,2150,
Swirly Axe,2023-05-28,2050,
Swirly Axe,2023-06-01,1900,
Swirly Axe,2023-06-02,1750,
Swirly Axe,2023-06-07,1650,
Swirly Axe,2023-06-18,1675,
Swirly Axe,2023-06-25,1700,
Swirly Axe,2023-06-26,1750,
Swirly Axe,2023-06-30,1850,
Swirly Axe,2023-07-03,1900,
Swirly Axe,2023-07-06,2000,
Swirly Axe,2023-07-07,2050,
Swirly Axe,2023-07-09,2100,
Swirly Axe,2023-07-11,2150,
Swirly Axe,2023-07-19,2200,
Swirly Axe,2023-07-24,2100,
Swirly Axe,2023-07-27,1950,
Swirly Axe,2023-07-29,1850,
Swirly Axe,2023-08-01,1750,
Swirly Axe,2023-08-02,1700,
Swirly Axe,2023-08-05,1650,
Swirly Axe,2023-08-07,1600,
Swirly Axe,2023-08-16,1650,
Swirly Axe,2023-08-18,1700,
Swirly Axe,2023-08-20,1850,
Swirly Axe,2023-08-21,1900,
Swirly Axe,2023-08-24,1950,
Swirly Axe,2023-08-25,2000,
Swirly Axe,2023-08-29,1900,
Swirly Axe,2023-09-01,1850,
Swirly Axe,2023-09-05,1700,
Swirly Axe,2023-09-06,1650,
Swirly Axe,2023-09-08,1600,
Swirly Axe,2023-09-09,1550,
Swirly Axe,2023-09-11,1500,
Swirly Axe,2023-09-14,1450,
Swirly Axe,2023-09-16,1400,
Swirly Axe,2023-09-23,1450,
Swirly Axe,2023-09-25,1500,
Swirly Axe,2023-09-27,1550,
Swirly Axe,2023-09-28,1600,
Swirly Axe,2023-10-01,1650,
Swirly Axe,2023-10-11,1600,
Swirly Axe,2023-10-15,1500,
Swirly Axe,2023-10-16,1400,
Swirly Axe,2023-10-18,1350,
Swirly Axe,2023-10-21,1300,
Swirly Axe,2023-10-23,1250,
Swirly Axe,2023-10-26,1150,
Swirly Axe,2023-11-05,1250,
Swirly Axe,2023-11-06,1300,
Swirly Axe,2023-11-09,1400,
Swirly Axe,2023-11-13,1450,
Swirly Axe,2023-11-18,1350,
Swirly Axe,2023-11-22,1250,
Swirly Axe,2023-11-26,1150,
Swirly Axe,2023-11-27,1200,
Swirly Axe,2023-11-29,1250,
Swirly Axe,2023-12-03,1350,
Swirly Axe,2023-12-05,1400,
Swirly Axe,2023-12-10,1450,
Swirly Axe,2023-12-14,1400,
Swirly Axe,2023-12-20,1300,
Swirly Axe,2023-12-22,1250,
Swirly Axe,2024-01-02,1150,
Swirly Axe,2024-01-08,1100,
Swirly Axe,2024-01-16,1050,
Swirly Axe,2024-01-19,1000,
Swirly Axe,2024-01-26,975,
Swirly Axe,2024-02-02,950,
Swirly Axe,2024-02-07,925,
Swirly Axe,2024-02-10,900,
Swirly Axe,2024-02-20,875,
Swirly Axe,2024-02-26,850,
Swirly Axe,2024-03-06,800,
Swirly Axe,2024-03-11,750,
Swirly Axe,2024-03-18,700,
Swirly Axe,2024-03-21,650,
Swirly Axe,2024-03-29,600,
Swirly Axe,2024-04-08,550,
Swirly Axe,2024-04-10,525,
Swirly Axe,2024-04-11,450,
Swirly Axe,2024-05-07,425,
Swirly Axe,2024-05-20,400,
Swirly Axe,2024-05-26,375,
Swirly Axe,2024-06-03,350,
Swirly Axe,2024-06-08,300,
Swirly Axe,2024-06-14,260,
Swirly Axe,2024-06-15,250,
Swirly Axe,2024-06-26,240,
Swirly Axe,2024-07-01,210,
Swirly Axe,2024-07-18,190,
Swirly Axe,2024-07-29,180,
Swirly Axe,2024-08-14,190,
Swirly Axe,2024-08-16,200,
Swirly Axe,2024-08-22,210,
Swirly Axe,2024-08-26,220,
Swirly Axe,2024-08-29,230,
Swirly Axe,2024-08-31,235,
Swirly Axe,2024-09-05,240,
Swirly Axe,2024-09-08,235,
Swirly Axe,2024-09-12,230,
Swirly Axe,2024-09-18,220,
Swirly Axe,2024-10-02,210,
Swirly Axe,2024-10-11,200,
Swirly Axe,2024-11-18,190,
Swirly Axe,2024-12-11,185,
Swirly Axe,2024-12-15,180,
Swirly Axe,2024-12-20,175,
Swirly Axe,2024-12-29,170,
Swirly Axe,2025-01-10,165,
Swirly Axe,2025-01-13,160,
Swirly Axe,2025-01-15,155,
Swirly Axe,2025-01-24,150,
Swirly Axe,2025-01-26,145,
Swirly Axe,2025-01-29,140,
Swirly Axe,2025-02-07,135,
Swirly Axe,2025-02-09,130,
Swirly Axe,2025-02-12,125,
Swirly Axe,2025-02-14,115,
Swirly Axe,2025-02-17,110,
Swirly Axe,2025-03-09,100,
Swirly Axe,2025-03-15,95,
Swirly Axe,2025-04-13,85,
Swirly Axe,2025-04-15,80,
Swirly Axe,2025-08-30,75,
Swirly Axe,2025-09-09,70,
Swirly Axe,2025-09-13,65,
Swirly Axe,2025-09-17,62,
Swirly Axe,2025-09-25,60,
Swirly Axe,2025-10-26,60,2
Swirly Axe,2025-11-01,60,2
Swirly Axe,2025-11-24,60,2
Swirly Axe,2025-11-27,60,2
Swirly Axe,2025-12-04,60,2
Swirly Axe,2025-12-08,60,2
Swirly Axe,2025-12-16,60,2
Swirly Axe,2025-12-21,55,
Swirly Axe,2025-12-23,55,2
Swirly Axe,2025-12-24,55,2
Swirly Axe,2025-12-26,55,2
Swirly Axe,2025-12-28,55,2
Swirly Axe,2025-12-30,55,2
Swirly Axe,2026-02-19,55,2
Swirly Axe,2026-03-10,55,2
Swirly Axe,2026-03-14,52,
Swirly Axe,2026-04-14,52,2
Swirly Axe,2026-04-26,50,
Swirly Axe,2026-04-28,48,
Swirly Axe,2026-05-01,47,
Swirly Axe,2026-05-03,45,
Swirly Axe,2026-05-14,45,2
Swirly Axe,2026-05-24,42,
Swirly Axe,2026-06-14,42,1
Swirly Axe,2026-06-21,42,1
Swirly Axe,2026-06-26,42,1
Swirly Axe,2026-06-28,42,1
Swirly Axe,2026-07-02,42,1
Swirly Axe,2026-07-03,42,1
Swirly Axe,2026-07-05,42,1
Swirly Axe,2026-07-06,42,1
Swirly Axe,2026-07-11,42,1
Swirly Axe,2026-07-12,40,
Swirly Axe,2026-07-14,40,1
Swirly Axe,2026-07-21,38,
Swirly Axe,2026-07-24,38,1
Swirly Axe,2026-07-27,38,1
Swirly Axe,2026-07-28,38,1
Swirly Axe,2026-07-30,38,1
Swirly Axe,2026-07-31,38,1
Swirly Axe,2026-08-03,38,1
Swirly Axe,2026-08-04,38,1
Swirly Axe,2026-08-05,38,1
Swirly Axe,2026-08-06,38,1
Swirly Axe,2026-08-07,38,1
Swirly Axe,2026-08-08,38,1
Swirly Axe,2026-08-09,38,1
Swirly Axe,2026-08-10,38,1
Swirly Axe,2026-08-11,38,1
Swirly Axe,2026-08-13,38,1
Swirly Axe,2026-08-14,38,1
Swirly Axe,2026-08-15,38,1
Swirly Axe,2026-08-16,38,1
Swirly Axe,2026-08-17,38,1
Swirly Axe,2026-08-18,38,1
Swirly Axe,2026-08-19,38,1
Swirly Axe,2026-08-20,38,1
Swirly Axe,2026-08-21,38,1
Swirly Axe,2026-08-22,38,1
Swirly Axe,2026-08-24,38,1
Swirly Axe,2026-09-02,38,1
Swirly Axe,2026-09-03,38,1
Swirly Axe,2026-09-04,38,1
Swirly Axe,2026-09-05,38,1
Swirly Axe,2026-09-06,38,1
Swirly Axe,2026-09-07,38,1
Swirly Axe,2026-09-12,38,1
Swirly Axe,2026-09-17,38,1
Swirly Axe,2026-09-18,38,1
Swirly Axe,2026-09-19,38,1
Swirly Axe,2026-09-20,38,1
Traveler's Axe,2023-10-18,5000,
Traveler's Axe,2023-10-19,4750,
Traveler's Axe,2023-10-21,4200,
Traveler's Axe,2023-10-23,3700,
Traveler's Axe,2023-10-24,3200,
Traveler's Axe,2023-10-26,2800,
Traveler's Axe,2023-11-01,2300,
Traveler's Axe,2023-11-05,1800,
Traveler's Axe,2023-11-06,1650,
Traveler's Axe,2023-11-09,1500,
Traveler's Axe,2023-11-13,1400,
Traveler's Axe,2023-11-14,1450,
Traveler's Axe,2023-11-18,1500,
Traveler's Axe,2023-11-22,1600,
Traveler's Axe,2023-11-26,1650,
Traveler's Axe,2023-11-27,1700,
Traveler's Axe,2023-11-29,1650,
Traveler's Axe,2023-12-03,1600,
Traveler's Axe,2023-12-05,1550,
Traveler's Axe,2023-12-10,1500,
Traveler's Axe,2023-12-14,1400,
Traveler's Axe,2023-12-22,1450,
Traveler's Axe,2024-01-02,1400,
Traveler's Axe,2024-01-08,1450,
Traveler's Axe,2024-01-12,1500,
Traveler's Axe,2024-01-16,1550,
Traveler's Axe,2024-01-19,1600,
Traveler's Axe,2024-01-22,1750,
Traveler's Axe,2024-01-26,2000,
Traveler's Axe,2024-01-29,2250,
Traveler's Axe,2024-02-02,2350,
Traveler's Axe,2024-02-03,2400,
Traveler's Axe,2024-02-14,2250,
Traveler's Axe,2024-02-17,2200,
Traveler's Axe,2024-02-26,2250,
Traveler's Axe,2024-02-29,2350,
Traveler's Axe,2024-03-04,2600,
Traveler's Axe,2024-03-06,2750,
Traveler's Axe,2024-03-11,2900,
Traveler's Axe,2024-03-14,3100,
Traveler's Axe,2024-03-18,3000,
Traveler's Axe,2024-03-21,2900,
Traveler's Axe,2024-03-25,2850,
Traveler's Axe,2024-03-29,2800,
Traveler's Axe,2024-04-08,2850,
Traveler's Axe,2024-04-10,2950,
Traveler's Axe,2024-04-11,3050,
Traveler's Axe,2024-04-15,3300,
Traveler's Axe,2024-04-16,3500,
Traveler's Axe,2024-04-21,3750,
Traveler's Axe,2024-04-24,3800,
Traveler's Axe,2024-04-26,3700,
Traveler's Axe,2024-05-01,3600,
Traveler's Axe,2024-05-03,3500,
Traveler's Axe,2024-05-07,3450,
Traveler's Axe,2024-05-09,3400,
Traveler's Axe,2024-05-10,3350,
Traveler's Axe,2024-05-15,3400,
Traveler's Axe,2024-05-17,3500,
Traveler's Axe,2024-05-20,3800,
Traveler's Axe,2024-05-22,4000,
Traveler's Axe,2024-05-26,4200,
Traveler's Axe,2024-05-29,4450,
Traveler's Axe,2024-05-31,4600,
Traveler's Axe,2024-06-03,4700,
Traveler's Axe,2024-06-08,4800,
Traveler's Axe,2024-06-10,5200,
Traveler's Axe,2024-06-14,5400,
Traveler's Axe,2024-06-15,5500,
Traveler's Axe,2024-06-19,5600,
Traveler's Axe,2024-06-23,5700,
Traveler's Axe,2024-06-26,5800,
Traveler's Axe,2024-07-01,5900,
Traveler's Axe,2024-07-03,6000,
Traveler's Axe,2024-07-09,5900,
Traveler's Axe,2024-07-14,5800,
Traveler's Axe,2024-07-15,5750,
Traveler's Axe,2024-07-18,5500,
Traveler's Axe,2024-07-21,5100,
Traveler's Axe,2024-07-25,4900,
Traveler's Axe,2024-07-27,4600,
Traveler's Axe,2024-07-29,4400,
Traveler's Axe,2024-07-31,4150,
Traveler's Axe,2024-08-02,3800,
Traveler's Axe,2024-08-04,3500,
Traveler's Axe,2024-08-11,3700,
Traveler's Axe,2024-08-14,4000,
Traveler's Axe,2024-08-16,4350,
Traveler's Axe,2024-08-18,4600,
Traveler's Axe,2024-08-22,4800,
Traveler's Axe,2024-08-24,5000,
Traveler's Axe,2024-08-26,4800,
Traveler's Axe,2024-08-29,4600,
Traveler's Axe,2024-08-31,4500,
Traveler's Axe,2024-09-02,4300,
Traveler's Axe,2024-09-05,4200,
Traveler's Axe,2024-09-08,4150,
Traveler's Axe,2024-09-12,4200,
Traveler's Axe,2024-09-14,4300,
Traveler's Axe,2024-09-18,4400,
Traveler's Axe,2024-09-23,4300,
Traveler's Axe,2024-09-29,4500,
Traveler's Axe,2024-10-02,4750,
Traveler's Axe,2024-10-06,5000,
Traveler's Axe,2024-10-13,5100,
Traveler's Axe,2024-10-16,5000,
Traveler's Axe,2024-10-18,4900,
Traveler's Axe,2024-10-20,4850,
Traveler's Axe,2024-10-23,4800,
Traveler's Axe,2024-10-26,4750,
Traveler's Axe,2024-11-02,4700,
Traveler's Axe,2024-11-15,4750,
Traveler's Axe,2024-11-18,4900,
Traveler's Axe,2024-11-22,5000,
Traveler's Axe,2024-11-24,5200,
Traveler's Axe,2024-11-26,5500,
Traveler's Axe,2024-11-30,5700,
Traveler's Axe,2024-12-02,5800,
Traveler's Axe,2024-12-06,6000,
Traveler's Axe,2025-01-06,6200,
Traveler's Axe,2025-01-10,6400,
Traveler's Axe,2025-01-13,6700,
Traveler's Axe,2025-01-15,6800,
Traveler's Axe,2025-01-18,6900,
Traveler's Axe,2025-01-20,7000,
Traveler's Axe,2025-01-26,6900,
Traveler's Axe,2025-01-29,6800,
Traveler's Axe,2025-02-03,6700,
Traveler's Axe,2025-02-07,6600,
Traveler's Axe,2025-02-09,6500,
Traveler's Axe,2025-02-14,6000,
Traveler's Axe,2025-02-17,5800,
Traveler's Axe,2025-02-19,5400,
Traveler's Axe,2025-02-22,5300,
Traveler's Axe,2025-02-23,5100,
Traveler's Axe,2025-02-28,5000,
Traveler's Axe,2025-03-04,4800,
Traveler's Axe,2025-03-09,4900,
Traveler's Axe,2025-03-11,5100,
Traveler's Axe,2025-03-15,5400,
Traveler's Axe,2025-03-17,5600,
Traveler's Axe,2025-03-19,5900,
Traveler's Axe,2025-03-23,6000,
Traveler's Axe,2025-03-26,5900,
Traveler's Axe,2025-03-29,5800,
Traveler's Axe,2025-04-09,5900,
Traveler's Axe,2025-04-13,6000,
Traveler's Axe,2025-04-15,6100,
Traveler's Axe,2025-04-20,6200,
Traveler's Axe,2025-04-23,6300,
Traveler's Axe,2025-04-27,6200,
Traveler's Axe,2025-04-30,6100,
Traveler's Axe,2025-05-04,6000,
Traveler's Axe,2025-05-09,6100,
Traveler's Axe,2025-05-12,6200,
Traveler's Axe,2025-05-15,6300,
Traveler's Axe,2025-05-21,6400,
Traveler's Axe,2025-05-24,6300,
Traveler's Axe,2025-05-28,6200,
Traveler's Axe,2025-06-05,6300,
Traveler's Axe,2025-06-08,6400,
Traveler's Axe,2025-06-11,6500,
Traveler's Axe,2025-06-13,6600,
Traveler's Axe,2025-06-17,6500,
Traveler's Axe,2025-06-24,6600,
Traveler's Axe,2025-06-26,6700,
Traveler's Axe,2025-06-29,6500,
Traveler's Axe,2025-07-05,6400,
Traveler's Axe,2025-07-14,6500,
Traveler's Axe,2025-07-21,6600,
Traveler's Axe,2025-07-28,6700,
Traveler's Axe,2025-08-03,6600,
Traveler's Axe,2025-08-11,6700,
Traveler's Axe,2025-08-14,6800,
Traveler's Axe,2025-08-19,6900,
Traveler's Axe,2025-10-02,7000,
Traveler's Axe,2025-10-08,7050,
Traveler's Axe,2025-10-10,7100,
Traveler's Axe,2025-10-15,7150,
Traveler's Axe,2025-10-19,7200,
Traveler's Axe,2025-10-21,7250,
Traveler's Axe,2025-10-23,7300,
Traveler's Axe,2025-10-26,7300,7
Traveler's Axe,2025-10-28,7400,
Traveler's Axe,2025-11-01,7300,
Traveler's Axe,2025-11-11,7200,
Traveler's Axe,2025-11-24,7200,7
Traveler's Axe,2025-11-27,7200,7
Traveler's Axe,2025-12-04,7200,7
Traveler's Axe,2025-12-08,7200,7
Traveler's Axe,2025-12-15,7300,
Traveler's Axe,2025-12-16,7300,7
Traveler's Axe,2025-12-17,7400,
Traveler's Axe,2025-12-18,7700,
Traveler's Axe,2025-12-19,8000,
Traveler's Axe,2025-12-21,8300,
Traveler's Axe,2025-12-23,8300,7
Traveler's Axe,2025-12-24,8500,
Traveler's Axe,2025-12-26,8500,7
Traveler's Axe,2025-12-27,8800,
Traveler's Axe,2025-12-28,8800,7
Traveler's Axe,2025-12-29,9000,
Traveler's Axe,2025-12-30,9000,7
Traveler's Axe,2026-01-01,8750,
Traveler's Axe,2026-01-04,8500,
Traveler's Axe,2026-01-06,8200,
Traveler's Axe,2026-01-08,7800,
Traveler's Axe,2026-01-11,7600,
Traveler's Axe,2026-01-14,7300,
Traveler's Axe,2026-01-16,7200,
Traveler's Axe,2026-01-18,7000,
Traveler's Axe,2026-01-20,7200,
Traveler's Axe,2026-01-22,7400,
Traveler's Axe,2026-01-24,7700,
Traveler's Axe,2026-01-27,8000,
Traveler's Axe,2026-01-28,8200,
Traveler's Axe,2026-01-31,8300,
Traveler's Axe,2026-02-01,8400,
Traveler's Axe,2026-02-04,8300,
Traveler's Axe,2026-02-06,8200,
Traveler's Axe,2026-02-08,8100,
Traveler's Axe,2026-02-10,8000,
Traveler's Axe,2026-02-15,7900,
Traveler's Axe,2026-02-19,7800,6
Traveler's Axe,2026-03-01,7850,
Traveler's Axe,2026-03-04,7900,
Traveler's Axe,2026-03-06,8000,
Traveler's Axe,2026-03-09,8100,
Traveler's Axe,2026-03-10,8100,6
Traveler's Axe,2026-03-11,8000,
Traveler's Axe,2026-03-14,7900,
Traveler's Axe,2026-03-16,7800,
Traveler's Axe,2026-03-19,7700,
Traveler's Axe,2026-04-14,7700,6
Traveler's Axe,2026-04-16,7800,
Traveler's Axe,2026-04-18,7900,
Traveler's Axe,2026-04-21,8000,
Traveler's Axe,2026-04-23,8100,
Traveler's Axe,2026-04-26,8200,
Traveler's Axe,2026-04-28,8300,
Traveler's Axe,2026-05-01,8350,
Traveler's Axe,2026-05-03,8400,
Traveler's Axe,2026-05-14,8400,6
Traveler's Axe,2026-06-14,8400,6
Traveler's Axe,2026-06-21,8400,6
Traveler's Axe,2026-06-26,8400,6
Traveler's Axe,2026-06-28,8400,6
Traveler's Axe,2026-07-02,8400,6
Traveler's Axe,2026-07-03,8400,6
Traveler's Axe,2026-07-05,8400,6
Traveler's Axe,2026-07-06,8400,6
Traveler's Axe,2026-07-11,8400,6
Traveler's Axe,2026-07-12,8400,6
Traveler's Axe,2026-07-13,8300,
Traveler's Axe,2026-07-14,8300,6
Traveler's Axe,2026-07-16,8250,
Traveler's Axe,2026-07-18,8200,
Traveler's Axe,2026-07-21,8100,
Traveler's Axe,2026-07-24,8100,5
Traveler's Axe,2026-07-27,8100,5
Traveler's Axe,2026-07-28,8100,5
Traveler's Axe,2026-07-30,8100,5
Traveler's Axe,2026-07-31,8100,5
Traveler's Axe,2026-08-03,8100,5
Traveler's Axe,2026-08-04,8100,5
Traveler's Axe,2026-08-05,8100,5
Traveler's Axe,2026-08-06,8100,5
Traveler's Axe,2026-08-07,8100,5
Traveler's Axe,2026-08-08,8100,5
Traveler's Axe,2026-08-09,8100,5
Traveler's Axe,2026-08-10,8100,5
Traveler's Axe,2026-08-11,8100,5
Traveler's Axe,2026-08-13,8100,5
Traveler's Axe,2026-08-14,8100,5
Traveler's Axe,2026-08-15,8100,5
Traveler's Axe,2026-08-16,8100,5
Traveler's Axe,2026-08-17,8100,5
Traveler's Axe,2026-08-18,8100,5
Traveler's Axe,2026-08-19,8100,5
Traveler's Axe,2026-08-20,8100,5
Traveler's Axe,2026-08-21,8100,5
Traveler's Axe,2026-08-22,8100,5
Traveler's Axe,2026-08-24,8100,5
Traveler's Axe,2026-09-02,8100,5
Traveler's Axe,2026-09-03,8100,5
Traveler's Axe,2026-09-04,8100,5
Traveler's Axe,2026-09-05,8100,5
Traveler's Axe,2026-09-06,8100,5
Traveler's Axe,2026-09-07,8100,5
Traveler's Axe,2026-09-12,8100,5
Traveler's Axe,2026-09-17,8100,5
Traveler's Axe,2026-09-18,8100,5
Traveler's Axe,2026-09-19,8100,5
Traveler's Axe,2026-09-20,8100,5
Vampire's Axe,2024-10-18,4500,
Vampire's Axe,2024-10-20,3700,
Vampire's Axe,2024-10-23,2500,
Vampire's Axe,2024-10-26,1700,
Vampire's Axe,2024-10-28,1250,
Vampire's Axe,2024-10-30,1200,
Vampire's Axe,2024-11-02,1175,
Vampire's Axe,2024-11-03,1125,
Vampire's Axe,2024-11-08,1050,
Vampire's Axe,2024-11-10,1000,
Vampire's Axe,2024-11-13,800,
Vampire's Axe,2024-11-15,525,
Vampire's Axe,2024-11-18,400,
Vampire's Axe,2024-11-22,375,
Vampire's Axe,2024-11-24,350,
Vampire's Axe,2024-11-26,300,
Vampire's Axe,2024-11-30,375,
Vampire's Axe,2024-12-02,450,
Vampire's Axe,2024-12-06,500,
Vampire's Axe,2024-12-20,490,
Vampire's Axe,2024-12-24,475,
Vampire's Axe,2024-12-31,470,
Vampire's Axe,2025-01-10,465,
Vampire's Axe,2025-01-13,450,
Vampire's Axe,2025-01-20,440,
Vampire's Axe,2025-01-26,425,
Vampire's Axe,2025-01-29,420,
Vampire's Axe,2025-02-07,415,
Vampire's Axe,2025-02-09,410,
Vampire's Axe,2025-02-17,400,
Vampire's Axe,2025-03-15,410,
Vampire's Axe,2025-03-17,425,
Vampire's Axe,2025-03-19,450,
Vampire's Axe,2025-03-23,475,
Vampire's Axe,2025-04-06,450,
Vampire's Axe,2025-04-13,425,
Vampire's Axe,2025-05-12,430,
Vampire's Axe,2025-05-15,440,
Vampire's Axe,2025-05-21,475,
Vampire's Axe,2025-05-24,500,
Vampire's Axe,2025-06-01,525,
Vampire's Axe,2025-06-05,500,
Vampire's Axe,2025-06-08,475,
Vampire's Axe,2025-06-20,500,
Vampire's Axe,2025-06-24,525,
Vampire's Axe,2025-06-26,550,
Vampire's Axe,2025-06-29,575,
Vampire's Axe,2025-07-02,600,
Vampire's Axe,2025-07-05,625,
Vampire's Axe,2025-07-11,600,
Vampire's Axe,2025-07-14,575,
Vampire's Axe,2025-07-19,550,
Vampire's Axe,2025-07-28,575,
Vampire's Axe,2025-08-01,600,
Vampire's Axe,2025-08-03,625,
Vampire's Axe,2025-08-07,650,
Vampire's Axe,2025-08-11,625,
Vampire's Axe,2025-08-14,600,
Vampire's Axe,2025-08-19,575,
Vampire's Axe,2025-08-30,600,
Vampire's Axe,2025-09-03,625,
Vampire's Axe,2025-09-05,650,
Vampire's Axe,2025-09-13,625,
Vampire's Axe,2025-10-26,625,5
Vampire's Axe,2025-10-28,650,
Vampire's Axe,2025-11-01,675,
Vampire's Axe,2025-11-04,700,
Vampire's Axe,2025-11-06,725,
Vampire's Axe,2025-11-11,750,
Vampire's Axe,2025-11-13,800,
Vampire's Axe,2025-11-16,825,
Vampire's Axe,2025-11-18,850,
Vampire's Axe,2025-11-20,825,
Vampire's Axe,2025-11-24,800,
Vampire's Axe,2025-11-27,775,
Vampire's Axe,2025-12-04,775,5
Vampire's Axe,2025-12-08,775,5
Vampire's Axe,2025-12-16,775,5
Vampire's Axe,2025-12-21,775,5
Vampire's Axe,2025-12-23,775,5
Vampire's Axe,2025-12-24,775,5
Vampire's Axe,2025-12-26,775,5
Vampire's Axe,2025-12-28,775,5
Vampire's Axe,2025-12-30,775,5
Vampire's Axe,2026-01-31,800,
Vampire's Axe,2026-02-01,825,
Vampire's Axe,2026-02-04,850,
Vampire's Axe,2026-02-06,875,
Vampire's Axe,2026-02-08,900,
Vampire's Axe,2026-02-10,925,
Vampire's Axe,2026-02-15,950,
Vampire's Axe,2026-02-19,925,
Vampire's Axe,2026-03-10,925,5
Vampire's Axe,2026-04-14,925,5
Vampire's Axe,2026-05-14,925,5
Vampire's Axe,2026-05-30,950,
Vampire's Axe,2026-06-03,975,
Vampire's Axe,2026-06-06,1000,
Vampire's Axe,2026-06-07,1050,
Vampire's Axe,2026-06-10,1150,
Vampire's Axe,2026-06-12,1200,
Vampire's Axe,2026-06-14,1225,
Vampire's Axe,2026-06-21,1225,5
Vampire's Axe,2026-06-26,1225,5
Vampire's Axe,2026-06-28,1225,5
Vampire's Axe,2026-07-02,1225,5
Vampire's Axe,2026-07-03,1225,5
Vampire's Axe,2026-07-05,1225,5
Vampire's Axe,2026-07-06,1225,5
Vampire's Axe,2026-07-11,1225,5
Vampire's Axe,2026-07-12,1225,5
Vampire's Axe,2026-07-14,1225,5
Vampire's Axe,2026-07-24,1225,5
Vampire's Axe,2026-07-27,1225,5
Vampire's Axe,2026-07-28,1225,5
Vampire's Axe,2026-07-30,1225,5
Vampire's Axe,2026-07-31,1225,5
Vampire's Axe,2026-08-03,1225,5
Vampire's Axe,2026-08-04,1225,5
Vampire's Axe,2026-08-05,1225,5
Vampire's Axe,2026-08-06,1225,5
Vampire's Axe,2026-08-07,1225,5
Vampire's Axe,2026-08-08,1225,5
Vampire's Axe,2026-08-09,1225,5
Vampire's Axe,2026-08-10,1250,
Vampire's Axe,2026-08-11,1250,5
Vampire's Axe,2026-08-12,1275,
Vampire's Axe,2026-08-13,1300,
Vampire's Axe,2026-08-14,1300,6
Vampire's Axe,2026-08-15,1325,
Vampire's Axe,2026-08-16,1325,6
Vampire's Axe,2026-08-17,1325,6
Vampire's Axe,2026-08-18,1400,
Vampire's Axe,2026-08-19,1400,6
Vampire's Axe,2026-08-20,1450,
Vampire's Axe,2026-08-21,1450,6
Vampire's Axe,2026-08-22,1450,6
Vampire's Axe,2026-08-23,1500,
Vampire's Axe,2026-08-24,1500,6
Vampire's Axe,2026-08-26,1550,
Vampire's Axe,2026-08-28,1600,
Vampire's Axe,2026-09-02,1600,5
Vampire's Axe,2026-09-03,1600,5
Vampire's Axe,2026-09-04,1600,5
Vampire's Axe,2026-09-05,1600,5
Vampire's Axe,2026-09-06,1600,5
Vampire's Axe,2026-09-07,1600,5
Vampire's Axe,2026-09-12,1600,5
Vampire's Axe,2026-09-17,1600,5
Vampire's Axe,2026-09-18,1600,5
Vampire's Axe,2026-09-19,1600,5
Vampire's Axe,2026-09-20,1600,5
Chroma Alienbeam,2025-10-23,9000,
Chroma Alienbeam,2025-10-28,6500,
Chroma Alienbeam,2025-11-01,4500,
Chroma Alienbeam,2025-11-04,3500,
Chroma Alienbeam,2025-11-11,4500,
Chroma Alienbeam,2025-11-13,5000,
Chroma Alienbeam,2025-11-16,5500,
Chroma Alienbeam,2025-11-18,6000,
Chroma Alienbeam,2025-11-20,6250,
Chroma Alienbeam,2025-11-24,7000,
Chroma Alienbeam,2025-11-25,7000,6
Chroma Alienbeam,2025-11-27,8000,
Chroma Alienbeam,2025-11-30,9000,
Chroma Alienbeam,2025-12-01,11000,
Chroma Alienbeam,2025-12-04,14000,
Chroma Alienbeam,2025-12-08,13500,
Chroma Alienbeam,2025-12-11,13750,
Chroma Alienbeam,2025-12-15,14000,
Chroma Alienbeam,2025-12-17,14250,
Chroma Alienbeam,2025-12-18,14000,
Chroma Alienbeam,2025-12-19,13750,
Chroma Alienbeam,2025-12-21,13750,6
Chroma Alienbeam,2025-12-23,13750,6
Chroma Alienbeam,2025-12-24,13750,6
Chroma Alienbeam,2025-12-26,13750,6
Chroma Alienbeam,2025-12-30,13750,6
Chroma Alienbeam,2026-01-01,13750,6
Chroma Alienbeam,2026-01-11,14000,
Chroma Alienbeam,2026-01-14,14500,
Chroma Alienbeam,2026-01-17,14500,7
Chroma Alienbeam,2026-01-18,15000,
Chroma Alienbeam,2026-01-20,15500,
Chroma Alienbeam,2026-01-22,16000,
Chroma Alienbeam,2026-01-24,17000,
Chroma Alienbeam,2026-01-27,18000,
Chroma Alienbeam,2026-01-28,20000,
Chroma Alienbeam,2026-01-31,21000,
Chroma Alienbeam,2026-02-01,21500,
Chroma Alienbeam,2026-02-04,22000,
Chroma Alienbeam,2026-02-10,22500,
Chroma Alienbeam,2026-02-15,23000,
Chroma Alienbeam,2026-02-16,25000,
Chroma Alienbeam,2026-02-17,26000,
Chroma Alienbeam,2026-02-19,27000,
Chroma Alienbeam,2026-02-21,28000,
Chroma Alienbeam,2026-02-23,29000,
Chroma Alienbeam,2026-02-25,30000,
Chroma Alienbeam,2026-02-27,31000,
Chroma Alienbeam,2026-03-01,32000,
Chroma Alienbeam,2026-03-04,32500,
Chroma Alienbeam,2026-03-06,32500,7
Chroma Alienbeam,2026-03-19,33000,
Chroma Alienbeam,2026-03-21,34000,
Chroma Alienbeam,2026-03-24,35000,
Chroma Alienbeam,2026-03-26,34000,
Chroma Alienbeam,2026-03-30,33000,
Chroma Alienbeam,2026-03-31,32000,
Chroma Alienbeam,2026-04-04,31000,
Chroma Alienbeam,2026-04-11,32000,
Chroma Alienbeam,2026-04-13,33000,
Chroma Alienbeam,2026-04-14,33000,7
Chroma Alienbeam,2026-04-16,34000,
Chroma Alienbeam,2026-04-18,35000,
Chroma Alienbeam,2026-04-20,35000,7
Chroma Alienbeam,2026-04-22,35000,7
Chroma Alienbeam,2026-04-24,35000,7
Chroma Alienbeam,2026-04-26,34000,
Chroma Alienbeam,2026-04-27,34000,7
Chroma Alienbeam,2026-04-28,32000,
Chroma Alienbeam,2026-05-01,31000,
Chroma Alienbeam,2026-05-02,31000,7
Chroma Alienbeam,2026-05-03,30000,
Chroma Alienbeam,2026-05-06,30000,7
Chroma Alienbeam,2026-05-09,30000,7
Chroma Alienbeam,2026-05-12,30000,7
Chroma Alienbeam,2026-05-14,30000,7
Chroma Alienbeam,2026-05-17,30000,7
Chroma Alienbeam,2026-05-19,30000,7
Chroma Alienbeam,2026-05-21,30000,7
Chroma Alienbeam,2026-05-24,30000,7
Chroma Alienbeam,2026-06-14,30000,7
Chroma Alienbeam,2026-06-19,29000,
Chroma Alienbeam,2026-06-21,29000,7
Chroma Alienbeam,2026-06-22,28000,
Chroma Alienbeam,2026-06-24,27000,
Chroma Alienbeam,2026-06-26,27000,6
Chroma Alienbeam,2026-06-27,25000,
Chroma Alienbeam,2026-06-28,25000,6
Chroma Alienbeam,2026-06-29,24000,
Chroma Alienbeam,2026-07-02,24000,6
Chroma Alienbeam,2026-07-03,24000,6
Chroma Alienbeam,2026-07-05,24000,6
Chroma Alienbeam,2026-07-06,24000,6
Chroma Alienbeam,2026-07-12,24000,6
Chroma Alienbeam,2026-07-14,24000,6
Chroma Alienbeam,2026-07-24,24000,6
Chroma Alienbeam,2026-07-25,24000,6
Chroma Alienbeam,2026-07-27,24000,6
Chroma Alienbeam,2026-07-28,24000,6
Chroma Alienbeam,2026-07-30,24000,6
Chroma Alienbeam,2026-07-31,24000,6
Chroma Alienbeam,2026-08-03,24000,6
Chroma Alienbeam,2026-08-04,24000,6
Chroma Alienbeam,2026-08-05,24000,6
Chroma Alienbeam,2026-08-06,24000,6
Chroma Alienbeam,2026-08-07,24000,6
Chroma Alienbeam,2026-08-08,24000,6
Chroma Alienbeam,2026-08-09,24000,6
Chroma Alienbeam,2026-08-10,24000,6
Chroma Alienbeam,2026-08-11,24000,6
Chroma Alienbeam,2026-08-13,24000,6
Chroma Alienbeam,2026-08-14,24000,6
Chroma Alienbeam,2026-08-15,24000,6
Chroma Alienbeam,2026-08-16,24000,6
Chroma Alienbeam,2026-08-17,24000,6
Chroma Alienbeam,2026-08-18,24000,6
Chroma Alienbeam,2026-08-19,24000,6
Chroma Alienbeam,2026-08-20,24000,6
Chroma Alienbeam,2026-08-21,24000,6
Chroma Alienbeam,2026-08-22,24000,6
Chroma Alienbeam,2026-08-24,24000,6
Chroma Alienbeam,2026-08-25,24000,6
Chroma Alienbeam,2026-09-02,24000,6
Chroma Alienbeam,2026-09-03,24000,6
Chroma Alienbeam,2026-09-04,24000,6
Chroma Alienbeam,2026-09-05,24000,6
Chroma Alienbeam,2026-09-06,24000,6
Chroma Alienbeam,2026-09-07,24000,6
Chroma Alienbeam,2026-09-12,24000,6
Chroma Alienbeam,2026-09-17,24000,6
Chroma Alienbeam,2026-09-18,24000,6
Chroma Alienbeam,2026-09-19,24000,6
Chroma Alienbeam,2026-09-20,24000,6
Chroma Bauble,2024-12-24,25000,
Chroma Bauble,2024-12-26,19000,
Chroma Bauble,2024-12-29,12500,
Chroma Bauble,2024-12-31,8500,
Chroma Bauble,2025-01-13,7500,
Chroma Bauble,2025-01-15,7000,
Chroma Bauble,2025-01-18,6500,
Chroma Bauble,2025-01-26,7100,
Chroma Bauble,2025-01-29,8700,
Chroma Bauble,2025-02-03,8800,
Chroma Bauble,2025-02-09,9000,
Chroma Bauble,2025-02-12,10200,
Chroma Bauble,2025-02-14,11500,
Chroma Bauble,2025-02-17,12000,
Chroma Bauble,2025-02-22,12250,
Chroma Bauble,2025-02-23,12500,
Chroma Bauble,2025-02-28,12000,
Chroma Bauble,2025-03-11,11500,
Chroma Bauble,2025-03-15,10500,
Chroma Bauble,2025-03-17,10000,
Chroma Bauble,2025-03-19,10500,
Chroma Bauble,2025-03-23,11000,
Chroma Bauble,2025-03-26,12000,
Chroma Bauble,2025-03-29,11500,
Chroma Bauble,2025-04-02,11000,
Chroma Bauble,2025-04-15,11500,
Chroma Bauble,2025-04-20,11000,
Chroma Bauble,2025-04-23,10500,
Chroma Bauble,2025-05-04,11000,
Chroma Bauble,2025-05-09,11500,
Chroma Bauble,2025-05-12,11000,
Chroma Bauble,2025-05-15,10500,
Chroma Bauble,2025-05-24,11000,
Chroma Bauble,2025-06-01,11500,
Chroma Bauble,2025-06-11,12000,
Chroma Bauble,2025-06-13,12500,
Chroma Bauble,2025-06-20,12000,
Chroma Bauble,2025-06-24,11500,
Chroma Bauble,2025-06-29,12000,
Chroma Bauble,2025-07-24,12500,
Chroma Bauble,2025-08-07,13000,
Chroma Bauble,2025-08-11,13500,
Chroma Bauble,2025-08-14,14000,
Chroma Bauble,2025-08-19,14500,
Chroma Bauble,2025-08-22,15000,
Chroma Bauble,2025-08-30,14500,
Chroma Bauble,2025-09-03,14000,
Chroma Bauble,2025-09-05,13750,
Chroma Bauble,2025-09-09,14000,
Chroma Bauble,2025-09-13,14500,
Chroma Bauble,2025-09-17,15000,
Chroma Bauble,2025-09-18,15500,
Chroma Bauble,2025-09-23,16000,
Chroma Bauble,2025-09-28,16500,
Chroma Bauble,2025-10-19,17000,
Chroma Bauble,2025-11-04,17500,
Chroma Bauble,2025-11-06,18000,
Chroma Bauble,2025-11-11,18500,
Chroma Bauble,2025-11-13,19000,
Chroma Bauble,2025-11-16,20000,
Chroma Bauble,2025-11-18,21000,
Chroma Bauble,2025-11-20,23000,
Chroma Bauble,2025-11-24,24000,
Chroma Bauble,2025-11-25,24000,7
Chroma Bauble,2025-11-27,25000,
Chroma Bauble,2025-11-30,26000,
Chroma Bauble,2025-12-01,27000,
Chroma Bauble,2025-12-04,28000,
Chroma Bauble,2025-12-08,29000,
Chroma Bauble,2025-12-11,29500,
Chroma Bauble,2025-12-15,30000,
Chroma Bauble,2025-12-17,31000,
Chroma Bauble,2025-12-18,32000,
Chroma Bauble,2025-12-19,34000,
Chroma Bauble,2025-12-21,36000,
Chroma Bauble,2025-12-23,36000,8
Chroma Bauble,2025-12-24,37000,
Chroma Bauble,2025-12-26,37000,8
Chroma Bauble,2025-12-27,38000,
Chroma Bauble,2025-12-29,40000,
Chroma Bauble,2025-12-30,40000,8
Chroma Bauble,2026-01-01,42000,
Chroma Bauble,2026-01-04,44000,
Chroma Bauble,2026-01-06,45000,
Chroma Bauble,2026-01-08,47000,
Chroma Bauble,2026-01-11,49000,
Chroma Bauble,2026-01-14,50000,
Chroma Bauble,2026-01-17,50000,7
Chroma Bauble,2026-01-28,52000,
Chroma Bauble,2026-01-31,55000,
Chroma Bauble,2026-02-01,57000,
Chroma Bauble,2026-02-15,56000,
Chroma Bauble,2026-02-19,54000,
Chroma Bauble,2026-02-21,53000,
Chroma Bauble,2026-02-23,51000,
Chroma Bauble,2026-02-25,50000,
Chroma Bauble,2026-02-27,49000,
Chroma Bauble,2026-03-04,47500,
Chroma Bauble,2026-03-06,47500,7
Chroma Bauble,2026-03-21,47500,7
Chroma Bauble,2026-04-11,47000,
Chroma Bauble,2026-04-13,46000,
Chroma Bauble,2026-04-14,46000,7
Chroma Bauble,2026-04-16,44000,
Chroma Bauble,2026-04-18,43000,
Chroma Bauble,2026-04-20,43000,7
Chroma Bauble,2026-04-21,42000,
Chroma Bauble,2026-04-22,42000,7
Chroma Bauble,2026-04-23,40000,
Chroma Bauble,2026-04-24,40000,7
Chroma Bauble,2026-04-26,39000,
Chroma Bauble,2026-04-27,39000,7
Chroma Bauble,2026-04-28,39000,7
Chroma Bauble,2026-05-01,38000,
Chroma Bauble,2026-05-02,38000,7
Chroma Bauble,2026-05-03,38000,7
Chroma Bauble,2026-05-06,38000,7
Chroma Bauble,2026-05-09,38000,7
Chroma Bauble,2026-05-12,38000,7
Chroma Bauble,2026-05-14,38000,7
Chroma Bauble,2026-05-17,38000,7
Chroma Bauble,2026-05-19,38000,7
Chroma Bauble,2026-05-21,38000,7
Chroma Bauble,2026-05-24,38000,7
Chroma Bauble,2026-06-14,38000,7
Chroma Bauble,2026-06-21,38000,7
Chroma Bauble,2026-06-22,38000,7
Chroma Bauble,2026-06-26,38000,7
Chroma Bauble,2026-06-28,38000,7
Chroma Bauble,2026-06-29,37000,
Chroma Bauble,2026-07-02,37000,7
Chroma Bauble,2026-07-03,36000,
Chroma Bauble,2026-07-05,35000,
Chroma Bauble,2026-07-06,35000,7
Chroma Bauble,2026-07-07,34000,
Chroma Bauble,2026-07-12,34000,7
Chroma Bauble,2026-07-14,34000,7
Chroma Bauble,2026-07-24,34000,7
Chroma Bauble,2026-07-25,34000,7
Chroma Bauble,2026-07-27,34000,7
Chroma Bauble,2026-07-28,34000,7
Chroma Bauble,2026-07-30,34000,7
Chroma Bauble,2026-07-31,34000,7
Chroma Bauble,2026-08-03,34000,7
Chroma Bauble,2026-08-04,34000,7
Chroma Bauble,2026-08-05,34000,7
Chroma Bauble,2026-08-06,34000,7
Chroma Bauble,2026-08-07,34000,7
Chroma Bauble,2026-08-08,34000,7
Chroma Bauble,2026-08-09,34000,7
Chroma Bauble,2026-08-10,34000,7
Chroma Bauble,2026-08-11,34000,7
Chroma Bauble,2026-08-13,34000,7
Chroma Bauble,2026-08-14,34000,7
Chroma Bauble,2026-08-15,34000,7
Chroma Bauble,2026-08-16,34000,7
Chroma Bauble,2026-08-17,34000,7
Chroma Bauble,2026-08-18,34000,7
Chroma Bauble,2026-08-19,34000,7
Chroma Bauble,2026-08-20,34000,7
Chroma Bauble,2026-08-21,34000,7
Chroma Bauble,2026-08-22,34000,7
Chroma Bauble,2026-08-24,34000,7
Chroma Bauble,2026-08-25,34000,7
Chroma Bauble,2026-09-02,34000,7
Chroma Bauble,2026-09-03,34000,7
Chroma Bauble,2026-09-04,34000,7
Chroma Bauble,2026-09-05,34000,7
Chroma Bauble,2026-09-06,34000,7
Chroma Bauble,2026-09-07,34000,7
Chroma Bauble,2026-09-12,34000,7
Chroma Bauble,2026-09-17,34000,7
Chroma Bauble,2026-09-18,34000,7
Chroma Bauble,2026-09-19,34000,7
Chroma Bauble,2026-09-20,34000,7
Chroma Beachy,2026-07-24,0,0
Chroma Beachy,2026-07-25,3250,
Chroma Beachy,2026-07-26,3000,
Chroma Beachy,2026-07-27,2500,
Chroma Beachy,2026-07-28,2000,
Chroma Beachy,2026-07-29,1750,
Chroma Beachy,2026-07-30,1750,5
Chroma Beachy,2026-07-31,1750,5
Chroma Beachy,2026-08-03,1750,5
Chroma Beachy,2026-08-04,1750,5
Chroma Beachy,2026-08-05,1750,5
Chroma Beachy,2026-08-06,1800,
Chroma Beachy,2026-08-07,1800,5
Chroma Beachy,2026-08-08,1800,5
Chroma Beachy,2026-08-09,1800,5
Chroma Beachy,2026-08-10,1800,5
Chroma Beachy,2026-08-11,1800,5
Chroma Beachy,2026-08-13,1750,
Chroma Beachy,2026-08-14,1750,5
Chroma Beachy,2026-08-15,1650,
Chroma Beachy,2026-08-16,1650,5
Chroma Beachy,2026-08-17,1650,5
Chroma Beachy,2026-08-18,1450,
Chroma Beachy,2026-08-19,1450,5
Chroma Beachy,2026-08-20,1400,
Chroma Beachy,2026-08-21,1400,5
Chroma Beachy,2026-08-22,1400,5
Chroma Beachy,2026-08-23,1250,
Chroma Beachy,2026-08-24,1250,5
Chroma Beachy,2026-08-25,1250,5
Chroma Beachy,2026-08-28,1300,
Chroma Beachy,2026-08-30,1350,
Chroma Beachy,2026-09-01,1400,
Chroma Beachy,2026-09-02,1450,
Chroma Beachy,2026-09-03,1450,5
Chroma Beachy,2026-09-04,1500,
Chroma Beachy,2026-09-05,1500,5
Chroma Beachy,2026-09-06,1500,5
Chroma Beachy,2026-09-07,1550,
Chroma Beachy,2026-09-12,1575,
Chroma Beachy,2026-09-13,1550,
Chroma Beachy,2026-09-15,1500,
Chroma Beachy,2026-09-16,1450,
Chroma Beachy,2026-09-17,1450,5
Chroma Beachy,2026-09-18,1450,5
Chroma Beachy,2026-09-19,1400,5
Chroma Beachy,2026-09-20,1400,5
Chroma Blizzard,2025-12-15,5000,
Chroma Blizzard,2025-12-21,5000,7
Chroma Blizzard,2025-12-23,5000,7
Chroma Blizzard,2025-12-24,4800,
Chroma Blizzard,2025-12-26,5000,7
Chroma Blizzard,2025-12-27,5500,
Chroma Blizzard,2025-12-28,6000,
Chroma Blizzard,2025-12-29,6500,
Chroma Blizzard,2025-12-30,6500,7
Chroma Blizzard,2026-01-01,6750,
Chroma Blizzard,2026-01-04,7000,
Chroma Blizzard,2026-01-06,7250,
Chroma Blizzard,2026-01-08,7500,
Chroma Blizzard,2026-01-11,8500,
Chroma Blizzard,2026-01-14,13000,
Chroma Blizzard,2026-01-16,15000,
Chroma Blizzard,2026-01-17,15000,8
Chroma Blizzard,2026-01-18,18000,
Chroma Blizzard,2026-01-22,17000,
Chroma Blizzard,2026-01-27,17250,
Chroma Blizzard,2026-01-28,17250,7
Chroma Blizzard,2026-02-04,17000,
Chroma Blizzard,2026-02-06,16500,
Chroma Blizzard,2026-02-08,16250,
Chroma Blizzard,2026-02-15,16500,
Chroma Blizzard,2026-02-19,16500,
Chroma Blizzard,2026-02-21,16000,
Chroma Blizzard,2026-02-23,15500,
Chroma Blizzard,2026-02-25,15000,
Chroma Blizzard,2026-02-27,14500,
Chroma Blizzard,2026-03-06,14500,6
Chroma Blizzard,2026-03-14,14250,
Chroma Blizzard,2026-03-16,14000,
Chroma Blizzard,2026-03-19,13500,
Chroma Blizzard,2026-03-21,12500,
Chroma Blizzard,2026-03-24,11500,
Chroma Blizzard,2026-03-26,11000,
Chroma Blizzard,2026-03-30,10000,
Chroma Blizzard,2026-03-31,9000,
Chroma Blizzard,2026-04-04,8500,
Chroma Blizzard,2026-04-07,8000,
Chroma Blizzard,2026-04-14,8000,5
Chroma Blizzard,2026-04-20,8000,5
Chroma Blizzard,2026-04-22,8000,5
Chroma Blizzard,2026-04-24,8000,5
Chroma Blizzard,2026-04-27,8000,5
Chroma Blizzard,2026-04-28,8000,5
Chroma Blizzard,2026-05-02,8000,5
Chroma Blizzard,2026-05-03,8000,5
Chroma Blizzard,2026-05-06,8000,5
Chroma Blizzard,2026-05-09,8000,5
Chroma Blizzard,2026-05-12,8000,5
Chroma Blizzard,2026-05-14,8000,5
Chroma Blizzard,2026-05-17,8000,5
Chroma Blizzard,2026-05-19,8000,5
Chroma Blizzard,2026-05-21,8000,5
Chroma Blizzard,2026-05-24,8000,5
Chroma Blizzard,2026-06-14,8000,5
Chroma Blizzard,2026-06-21,8000,5
Chroma Blizzard,2026-06-22,8000,5
Chroma Blizzard,2026-06-26,8000,5
Chroma Blizzard,2026-06-28,8000,5
Chroma Blizzard,2026-07-02,8000,5
Chroma Blizzard,2026-07-03,8000,5
Chroma Blizzard,2026-07-05,8000,5
Chroma Blizzard,2026-07-06,8000,5
Chroma Blizzard,2026-07-12,8000,5
Chroma Blizzard,2026-07-14,8000,5
Chroma Blizzard,2026-07-24,8000,5
Chroma Blizzard,2026-07-25,8000,5
Chroma Blizzard,2026-07-27,8000,5
Chroma Blizzard,2026-07-28,8000,5
Chroma Blizzard,2026-07-30,8000,5
Chroma Blizzard,2026-07-31,8000,5
Chroma Blizzard,2026-08-03,8000,5
Chroma Blizzard,2026-08-04,8000,5
Chroma Blizzard,2026-08-05,8000,5
Chroma Blizzard,2026-08-06,8000,5
Chroma Blizzard,2026-08-07,8000,5
Chroma Blizzard,2026-08-08,8000,5
Chroma Blizzard,2026-08-09,8000,5
Chroma Blizzard,2026-08-10,7750,
Chroma Blizzard,2026-08-11,7750,5
Chroma Blizzard,2026-08-12,7500,
Chroma Blizzard,2026-08-13,7250,
Chroma Blizzard,2026-08-14,7250,5
Chroma Blizzard,2026-08-15,7000,
Chroma Blizzard,2026-08-16,7000,5
Chroma Blizzard,2026-08-17,7000,5
Chroma Blizzard,2026-08-18,6500,
Chroma Blizzard,2026-08-19,6500,5
Chroma Blizzard,2026-08-20,6000,
Chroma Blizzard,2026-08-21,6000,5
Chroma Blizzard,2026-08-22,6000,5
Chroma Blizzard,2026-08-23,5500,
Chroma Blizzard,2026-08-24,5500,5
Chroma Blizzard,2026-08-25,5500,5
Chroma Blizzard,2026-08-26,5250,
Chroma Blizzard,2026-08-28,5000,
Chroma Blizzard,2026-08-30,4750,
Chroma Blizzard,2026-09-01,4600,
Chroma Blizzard,2026-09-02,4500,
Chroma Blizzard,2026-09-03,4500,5
Chroma Blizzard,2026-09-04,4400,
Chroma Blizzard,2026-09-05,4400,5
Chroma Blizzard,2026-09-06,4400,5
Chroma Blizzard,2026-09-07,4300,
Chroma Blizzard,2026-09-09,4400,
Chroma Blizzard,2026-09-12,4750,
Chroma Blizzard,2026-09-13,5000,
Chroma Blizzard,2026-09-15,5250,
Chroma Blizzard,2026-09-17,5250,6
Chroma Blizzard,2026-09-18,5250,6
Chroma Blizzard,2026-09-19,5500,5
Chroma Blizzard,2026-09-20,5500,5
Chroma Boneblade,2020-08-26,200,
Chroma Boneblade,2020-10-31,170,
Chroma Boneblade,2020-11-17,150,
Chroma Boneblade,2020-11-26,125,
Chroma Boneblade,2020-12-03,85,
Chroma Boneblade,2020-12-14,70,
Chroma Boneblade,2021-01-22,65,
Chroma Boneblade,2021-01-26,50,
Chroma Boneblade,2021-05-07,38,
Chroma Boneblade,2021-06-13,33,
Chroma Boneblade,2021-06-28,28,
Chroma Boneblade,2021-09-09,33,
Chroma Boneblade,2021-10-02,35,
Chroma Boneblade,2021-10-25,48,
Chroma Boneblade,2021-11-22,55,
Chroma Boneblade,2021-12-13,60,
Chroma Boneblade,2022-01-08,65,
Chroma Boneblade,2022-02-03,70,
Chroma Boneblade,2022-03-07,75,
Chroma Boneblade,2022-03-14,80,
Chroma Boneblade,2022-04-02,85,
Chroma Boneblade,2022-04-06,90,
Chroma Boneblade,2022-05-19,110,
Chroma Boneblade,2022-05-26,115,
Chroma Boneblade,2022-06-06,120,
Chroma Boneblade,2022-06-18,135,
Chroma Boneblade,2022-06-20,140,
Chroma Boneblade,2022-07-06,145,
Chroma Boneblade,2022-07-11,155,
Chroma Boneblade,2022-07-28,165,
Chroma Boneblade,2022-08-27,150,
Chroma Boneblade,2022-08-30,115,
Chroma Boneblade,2022-09-03,90,
Chroma Boneblade,2022-09-11,80,
Chroma Boneblade,2022-09-14,70,
Chroma Boneblade,2022-09-18,60,
Chroma Boneblade,2022-09-30,55,
Chroma Boneblade,2022-10-03,50,
Chroma Boneblade,2022-10-09,45,
Chroma Boneblade,2022-10-29,50,
Chroma Boneblade,2022-10-30,55,
Chroma Boneblade,2023-06-02,60,
Chroma Boneblade,2023-06-07,70,
Chroma Boneblade,2023-06-12,75,
Chroma Boneblade,2023-06-18,80,
Chroma Boneblade,2023-06-25,85,
Chroma Boneblade,2023-07-27,80,
Chroma Boneblade,2023-08-01,75,
Chroma Boneblade,2023-09-11,70,
Chroma Boneblade,2023-10-15,65,
Chroma Boneblade,2024-01-02,60,
Chroma Boneblade,2024-01-26,50,
Chroma Boneblade,2025-04-13,45,
Chroma Boneblade,2025-04-15,40,
Chroma Boneblade,2025-11-24,40,2
Chroma Boneblade,2025-11-25,40,2
Chroma Boneblade,2025-11-30,40,2
Chroma Boneblade,2025-12-04,40,2
Chroma Boneblade,2025-12-21,40,2
Chroma Boneblade,2025-12-23,40,2
Chroma Boneblade,2025-12-24,40,2
Chroma Boneblade,2025-12-26,40,2
Chroma Boneblade,2025-12-30,40,2
Chroma Boneblade,2026-01-01,40,2
Chroma Boneblade,2026-01-17,40,2
Chroma Boneblade,2026-01-28,40,2
Chroma Boneblade,2026-03-06,40,2
Chroma Boneblade,2026-03-11,35,
Chroma Boneblade,2026-03-14,30,
Chroma Boneblade,2026-03-21,30,2
Chroma Boneblade,2026-04-14,30,2
Chroma Boneblade,2026-04-20,30,2
Chroma Boneblade,2026-04-22,30,2
Chroma Boneblade,2026-04-24,30,2
Chroma Boneblade,2026-04-27,30,2
Chroma Boneblade,2026-04-28,28,
Chroma Boneblade,2026-05-02,28,2
Chroma Boneblade,2026-05-03,28,2
Chroma Boneblade,2026-05-06,28,2
Chroma Boneblade,2026-05-09,28,2
Chroma Boneblade,2026-05-12,28,2
Chroma Boneblade,2026-05-14,28,2
Chroma Boneblade,2026-05-17,28,2
Chroma Boneblade,2026-05-19,28,2
Chroma Boneblade,2026-05-21,28,2
Chroma Boneblade,2026-05-24,27,
Chroma Boneblade,2026-06-14,27,1
Chroma Boneblade,2026-06-17,25,
Chroma Boneblade,2026-06-21,25,1
Chroma Boneblade,2026-06-22,25,1
Chroma Boneblade,2026-06-26,25,1
Chroma Boneblade,2026-06-28,25,1
Chroma Boneblade,2026-07-02,25,1
Chroma Boneblade,2026-07-03,25,1
Chroma Boneblade,2026-07-05,25,1
Chroma Boneblade,2026-07-06,25,1
Chroma Boneblade,2026-07-07,22,
Chroma Boneblade,2026-07-12,22,1
Chroma Boneblade,2026-07-14,22,1
Chroma Boneblade,2026-07-24,22,1
Chroma Boneblade,2026-07-25,22,1
Chroma Boneblade,2026-07-27,22,1
Chroma Boneblade,2026-07-28,22,1
Chroma Boneblade,2026-07-30,22,1
Chroma Boneblade,2026-07-31,22,1
Chroma Boneblade,2026-08-03,22,1
Chroma Boneblade,2026-08-04,22,1
Chroma Boneblade,2026-08-05,22,1
Chroma Boneblade,2026-08-06,22,1
Chroma Boneblade,2026-08-07,22,1
Chroma Boneblade,2026-08-08,22,1
Chroma Boneblade,2026-08-09,22,1
Chroma Boneblade,2026-08-10,22,1
Chroma Boneblade,2026-08-11,22,1
Chroma Boneblade,2026-08-13,22,1
Chroma Boneblade,2026-08-14,22,1
Chroma Boneblade,2026-08-15,22,1
Chroma Boneblade,2026-08-16,22,1
Chroma Boneblade,2026-08-17,22,1
Chroma Boneblade,2026-08-18,22,1
Chroma Boneblade,2026-08-19,22,1
Chroma Boneblade,2026-08-20,22,1
Chroma Boneblade,2026-08-21,22,1
Chroma Boneblade,2026-08-22,22,1
Chroma Boneblade,2026-08-24,22,1
Chroma Boneblade,2026-08-25,22,1
Chroma Boneblade,2026-09-02,22,1
Chroma Boneblade,2026-09-03,22,1
Chroma Boneblade,2026-09-04,22,1
Chroma Boneblade,2026-09-05,22,1
Chroma Boneblade,2026-09-06,22,1
Chroma Boneblade,2026-09-07,22,1
Chroma Boneblade,2026-09-12,22,1
Chroma Boneblade,2026-09-17,22,1
Chroma Boneblade,2026-09-18,22,1
Chroma Boneblade,2026-09-19,22,1
Chroma Boneblade,2026-09-20,22,1
Chroma Candleflame,2021-10-25,3850,
Chroma Candleflame,2021-11-22,4600,
Chroma Candleflame,2021-12-13,3800,
Chroma Candleflame,2021-12-14,3300,
Chroma Candleflame,2022-01-08,2200,
Chroma Candleflame,2022-01-16,1400,
Chroma Candleflame,2022-02-03,1150,
Chroma Candleflame,2022-02-16,1000,
Chroma Candleflame,2022-03-14,1100,
Chroma Candleflame,2022-04-02,1200,
Chroma Candleflame,2022-04-06,1300,
Chroma Candleflame,2022-05-19,1600,
Chroma Candleflame,2022-05-26,1700,
Chroma Candleflame,2022-06-06,1850,
Chroma Candleflame,2022-06-18,2000,
Chroma Candleflame,2022-06-20,2100,
Chroma Candleflame,2022-07-06,2250,
Chroma Candleflame,2022-07-11,2450,
Chroma Candleflame,2022-07-28,2700,
Chroma Candleflame,2022-08-04,2900,
Chroma Candleflame,2022-08-05,3100,
Chroma Candleflame,2022-08-11,3350,
Chroma Candleflame,2022-08-17,3600,
Chroma Candleflame,2022-08-27,3900,
Chroma Candleflame,2022-08-30,4200,
Chroma Candleflame,2022-09-03,4400,
Chroma Candleflame,2022-09-11,4650,
Chroma Candleflame,2022-09-14,4800,
Chroma Candleflame,2022-09-18,4950,
Chroma Candleflame,2022-09-30,5050,
Chroma Candleflame,2022-10-03,5100,
Chroma Candleflame,2022-10-09,4900,
Chroma Candleflame,2022-10-18,4750,
Chroma Candleflame,2022-10-20,4600,
Chroma Candleflame,2022-10-22,4500,
Chroma Candleflame,2022-10-29,4350,
Chroma Candleflame,2022-10-30,4250,
Chroma Candleflame,2022-11-06,4200,
Chroma Candleflame,2022-11-12,4000,
Chroma Candleflame,2022-11-14,4100,
Chroma Candleflame,2022-11-29,4250,
Chroma Candleflame,2022-12-02,4350,
Chroma Candleflame,2022-12-04,4500,
Chroma Candleflame,2022-12-07,4700,
Chroma Candleflame,2022-12-08,4800,
Chroma Candleflame,2022-12-12,5000,
Chroma Candleflame,2022-12-18,4800,
Chroma Candleflame,2022-12-20,4700,
Chroma Candleflame,2022-12-23,4600,
Chroma Candleflame,2022-12-27,4500,
Chroma Candleflame,2022-12-31,4400,
Chroma Candleflame,2023-01-01,4250,
Chroma Candleflame,2023-01-06,4200,
Chroma Candleflame,2023-01-27,4250,
Chroma Candleflame,2023-02-05,4300,
Chroma Candleflame,2023-02-21,4200,
Chroma Candleflame,2023-02-25,3900,
Chroma Candleflame,2023-02-27,3600,
Chroma Candleflame,2023-03-03,3200,
Chroma Candleflame,2023-03-06,3000,
Chroma Candleflame,2023-03-09,2850,
Chroma Candleflame,2023-03-12,2750,
Chroma Candleflame,2023-03-15,2700,
Chroma Candleflame,2023-03-19,2600,
Chroma Candleflame,2023-03-21,2500,
Chroma Candleflame,2023-03-24,2400,
Chroma Candleflame,2023-04-04,2600,
Chroma Candleflame,2023-04-05,2800,
Chroma Candleflame,2023-04-07,3000,
Chroma Candleflame,2023-04-10,3200,
Chroma Candleflame,2023-04-12,3300,
Chroma Candleflame,2023-04-15,3400,
Chroma Candleflame,2023-04-18,3500,
Chroma Candleflame,2023-04-21,3350,
Chroma Candleflame,2023-04-23,3300,
Chroma Candleflame,2023-04-27,3200,
Chroma Candleflame,2023-04-30,3100,
Chroma Candleflame,2023-05-03,3000,
Chroma Candleflame,2023-05-08,2900,
Chroma Candleflame,2023-05-10,2800,
Chroma Candleflame,2023-05-13,2750,
Chroma Candleflame,2023-05-16,2700,
Chroma Candleflame,2023-05-22,2600,
Chroma Candleflame,2023-05-27,2500,
Chroma Candleflame,2023-06-01,2400,
Chroma Candleflame,2023-06-02,2300,
Chroma Candleflame,2023-06-07,2200,
Chroma Candleflame,2023-06-13,2100,
Chroma Candleflame,2023-06-18,2000,
Chroma Candleflame,2023-06-21,1800,
Chroma Candleflame,2023-07-06,1900,
Chroma Candleflame,2023-07-07,2000,
Chroma Candleflame,2023-07-09,2100,
Chroma Candleflame,2023-07-11,2150,
Chroma Candleflame,2023-07-12,2250,
Chroma Candleflame,2023-07-15,2300,
Chroma Candleflame,2023-07-19,2400,
Chroma Candleflame,2023-07-20,2500,
Chroma Candleflame,2023-07-23,2550,
Chroma Candleflame,2023-07-24,2600,
Chroma Candleflame,2023-07-27,2650,
Chroma Candleflame,2023-07-29,2700,
Chroma Candleflame,2023-08-01,2750,
Chroma Candleflame,2023-08-05,2800,
Chroma Candleflame,2023-08-16,2750,
Chroma Candleflame,2023-08-20,2700,
Chroma Candleflame,2023-08-21,2650,
Chroma Candleflame,2023-08-24,2600,
Chroma Candleflame,2023-08-25,2550,
Chroma Candleflame,2023-08-28,2500,
Chroma Candleflame,2023-08-29,2450,
Chroma Candleflame,2023-09-01,2400,
Chroma Candleflame,2023-09-05,2250,
Chroma Candleflame,2023-09-06,2150,
Chroma Candleflame,2023-09-08,2050,
Chroma Candleflame,2023-09-09,2000,
Chroma Candleflame,2023-09-11,1950,
Chroma Candleflame,2023-09-14,1900,
Chroma Candleflame,2023-09-16,1800,
Chroma Candleflame,2023-09-18,1750,
Chroma Candleflame,2023-09-20,1700,
Chroma Candleflame,2023-09-21,1650,
Chroma Candleflame,2023-09-23,1600,
Chroma Candleflame,2023-09-25,1550,
Chroma Candleflame,2023-09-27,1500,
Chroma Candleflame,2023-09-28,1450,
Chroma Candleflame,2023-10-01,1400,
Chroma Candleflame,2023-10-07,1350,
Chroma Candleflame,2023-10-08,1300,
Chroma Candleflame,2023-10-11,1200,
Chroma Candleflame,2023-10-16,1250,
Chroma Candleflame,2023-10-18,1300,
Chroma Candleflame,2023-10-21,1350,
Chroma Candleflame,2023-10-23,1450,
Chroma Candleflame,2023-10-24,1500,
Chroma Candleflame,2023-10-26,1600,
Chroma Candleflame,2023-10-28,1650,
Chroma Candleflame,2023-11-01,1700,
Chroma Candleflame,2023-11-05,1750,
Chroma Candleflame,2023-11-09,1700,
Chroma Candleflame,2023-11-14,1650,
Chroma Candleflame,2023-11-17,1550,
Chroma Candleflame,2023-11-22,1500,
Chroma Candleflame,2023-11-26,1450,
Chroma Candleflame,2023-12-03,1400,
Chroma Candleflame,2023-12-10,1350,
Chroma Candleflame,2023-12-14,1250,
Chroma Candleflame,2023-12-20,1200,
Chroma Candleflame,2023-12-22,1150,
Chroma Candleflame,2023-12-27,1100,
Chroma Candleflame,2023-12-31,1050,
Chroma Candleflame,2024-01-02,1000,
Chroma Candleflame,2024-01-08,950,
Chroma Candleflame,2024-01-12,900,
Chroma Candleflame,2024-01-16,850,
Chroma Candleflame,2024-01-19,800,
Chroma Candleflame,2024-02-02,750,
Chroma Candleflame,2024-02-07,725,
Chroma Candleflame,2024-02-10,700,
Chroma Candleflame,2024-02-20,625,
Chroma Candleflame,2024-03-06,580,
Chroma Candleflame,2024-03-11,550,
Chroma Candleflame,2024-03-14,530,
Chroma Candleflame,2024-03-18,485,
Chroma Candleflame,2024-03-29,435,
Chroma Candleflame,2024-03-31,410,
Chroma Candleflame,2024-04-03,385,
Chroma Candleflame,2024-04-10,340,
Chroma Candleflame,2024-05-07,315,
Chroma Candleflame,2024-05-10,290,
Chroma Candleflame,2024-05-15,260,
Chroma Candleflame,2024-05-20,245,
Chroma Candleflame,2024-05-26,210,
Chroma Candleflame,2024-05-29,195,
Chroma Candleflame,2024-06-08,180,
Chroma Candleflame,2024-06-14,175,
Chroma Candleflame,2024-06-15,165,
Chroma Candleflame,2024-06-19,150,
Chroma Candleflame,2024-07-11,135,
Chroma Candleflame,2024-07-14,140,
Chroma Candleflame,2024-07-18,145,
Chroma Candleflame,2024-07-21,150,
Chroma Candleflame,2024-07-25,160,
Chroma Candleflame,2024-07-27,175,
Chroma Candleflame,2024-07-29,200,
Chroma Candleflame,2024-07-31,250,
Chroma Candleflame,2024-08-02,275,
Chroma Candleflame,2024-08-08,260,
Chroma Candleflame,2024-08-11,250,
Chroma Candleflame,2024-08-14,235,
Chroma Candleflame,2024-08-18,225,
Chroma Candleflame,2024-08-22,205,
Chroma Candleflame,2024-08-26,175,
Chroma Candleflame,2024-08-29,160,
Chroma Candleflame,2024-08-31,150,
Chroma Candleflame,2024-09-05,145,
Chroma Candleflame,2024-09-18,140,
Chroma Candleflame,2024-09-27,145,
Chroma Candleflame,2024-10-06,150,
Chroma Candleflame,2024-10-11,155,
Chroma Candleflame,2024-10-13,160,
Chroma Candleflame,2024-10-16,155,
Chroma Candleflame,2024-11-18,150,
Chroma Candleflame,2024-12-06,145,
Chroma Candleflame,2024-12-29,140,
Chroma Candleflame,2025-01-06,135,
Chroma Candleflame,2025-01-10,130,
Chroma Candleflame,2025-01-13,125,
Chroma Candleflame,2025-01-15,120,
Chroma Candleflame,2025-01-18,115,
Chroma Candleflame,2025-01-26,110,
Chroma Candleflame,2025-01-29,105,
Chroma Candleflame,2025-02-03,100,
Chroma Candleflame,2025-02-07,95,
Chroma Candleflame,2025-02-09,90,
Chroma Candleflame,2025-03-04,85,
Chroma Candleflame,2025-03-09,75,
Chroma Candleflame,2025-03-19,70,
Chroma Candleflame,2025-04-06,68,
Chroma Candleflame,2025-04-15,65,
Chroma Candleflame,2025-07-05,68,
Chroma Candleflame,2025-09-03,70,
Chroma Candleflame,2025-11-24,70,2
Chroma Candleflame,2025-11-25,70,2
Chroma Candleflame,2025-11-30,70,2
Chroma Candleflame,2025-12-04,70,2
Chroma Candleflame,2025-12-21,70,2
Chroma Candleflame,2025-12-23,70,2
Chroma Candleflame,2025-12-24,70,2
Chroma Candleflame,2025-12-26,70,2
Chroma Candleflame,2025-12-30,70,2
Chroma Candleflame,2026-01-01,70,2
Chroma Candleflame,2026-01-17,70,2
Chroma Candleflame,2026-01-28,70,2
Chroma Candleflame,2026-03-06,70,2
Chroma Candleflame,2026-03-14,65,
Chroma Candleflame,2026-03-21,65,2
Chroma Candleflame,2026-04-11,60,
Chroma Candleflame,2026-04-14,60,2
Chroma Candleflame,2026-04-20,60,2
Chroma Candleflame,2026-04-22,60,2
Chroma Candleflame,2026-04-24,60,2
Chroma Candleflame,2026-04-26,55,
Chroma Candleflame,2026-04-27,55,2
Chroma Candleflame,2026-04-28,52,
Chroma Candleflame,2026-05-01,50,
Chroma Candleflame,2026-05-02,50,2
Chroma Candleflame,2026-05-03,50,2
Chroma Candleflame,2026-05-06,50,2
Chroma Candleflame,2026-05-09,50,2
Chroma Candleflame,2026-05-11,48,
Chroma Candleflame,2026-05-12,48,2
Chroma Candleflame,2026-05-14,48,2
Chroma Candleflame,2026-05-17,48,2
Chroma Candleflame,2026-05-19,48,2
Chroma Candleflame,2026-05-21,48,2
Chroma Candleflame,2026-05-24,45,
Chroma Candleflame,2026-06-14,45,1
Chroma Candleflame,2026-06-17,42,
Chroma Candleflame,2026-06-21,42,1
Chroma Candleflame,2026-06-22,42,1
Chroma Candleflame,2026-06-26,42,1
Chroma Candleflame,2026-06-28,42,1
Chroma Candleflame,2026-07-02,42,1
Chroma Candleflame,2026-07-03,42,1
Chroma Candleflame,2026-07-05,42,1
Chroma Candleflame,2026-07-06,42,1
Chroma Candleflame,2026-07-12,40,
Chroma Candleflame,2026-07-14,40,1
Chroma Candleflame,2026-07-24,40,1
Chroma Candleflame,2026-07-25,40,1
Chroma Candleflame,2026-07-27,40,1
Chroma Candleflame,2026-07-28,40,1
Chroma Candleflame,2026-07-30,40,1
Chroma Candleflame,2026-07-31,40,1
Chroma Candleflame,2026-08-03,40,1
Chroma Candleflame,2026-08-04,40,1
Chroma Candleflame,2026-08-05,40,1
Chroma Candleflame,2026-08-06,40,1
Chroma Candleflame,2026-08-07,40,1
Chroma Candleflame,2026-08-08,40,1
Chroma Candleflame,2026-08-09,40,1
Chroma Candleflame,2026-08-10,40,1
Chroma Candleflame,2026-08-11,40,1
Chroma Candleflame,2026-08-13,40,1
Chroma Candleflame,2026-08-14,40,1
Chroma Candleflame,2026-08-15,40,1
Chroma Candleflame,2026-08-16,40,1
Chroma Candleflame,2026-08-17,40,1
Chroma Candleflame,2026-08-18,40,1
Chroma Candleflame,2026-08-19,40,1
Chroma Candleflame,2026-08-20,40,1
Chroma Candleflame,2026-08-21,40,1
Chroma Candleflame,2026-08-22,40,1
Chroma Candleflame,2026-08-24,40,1
Chroma Candleflame,2026-08-25,40,1
Chroma Candleflame,2026-09-02,40,1
Chroma Candleflame,2026-09-03,40,1
Chroma Candleflame,2026-09-04,40,1
Chroma Candleflame,2026-09-05,40,1
Chroma Candleflame,2026-09-06,40,1
Chroma Candleflame,2026-09-07,40,1
Chroma Candleflame,2026-09-12,40,1
Chroma Candleflame,2026-09-17,40,1
Chroma Candleflame,2026-09-18,40,1
Chroma Candleflame,2026-09-19,40,1
Chroma Candleflame,2026-09-20,40,1
Chroma Constellation,2024-12-24,42000,
Chroma Constellation,2024-12-26,20000,
Chroma Constellation,2024-12-29,17000,
Chroma Constellation,2024-12-31,11500,
Chroma Constellation,2025-01-03,10000,
Chroma Constellation,2025-01-18,9700,
Chroma Constellation,2025-01-24,9400,
Chroma Constellation,2025-01-26,9100,
Chroma Constellation,2025-01-29,8500,
Chroma Constellation,2025-02-03,8300,
Chroma Constellation,2025-02-09,9000,
Chroma Constellation,2025-02-12,10000,
Chroma Constellation,2025-02-14,11000,
Chroma Constellation,2025-02-17,11250,
Chroma Constellation,2025-02-22,11500,
Chroma Constellation,2025-02-28,11000,
Chroma Constellation,2025-03-11,10500,
Chroma Constellation,2025-03-15,9500,
Chroma Constellation,2025-03-17,9000,
Chroma Constellation,2025-03-19,9500,
Chroma Constellation,2025-03-23,10000,
Chroma Constellation,2025-03-26,11000,
Chroma Constellation,2025-03-29,10500,
Chroma Constellation,2025-04-02,10000,
Chroma Constellation,2025-04-15,10500,
Chroma Constellation,2025-04-20,10000,
Chroma Constellation,2025-04-23,9500,
Chroma Constellation,2025-04-27,9700,
Chroma Constellation,2025-05-04,10000,
Chroma Constellation,2025-05-09,10500,
Chroma Constellation,2025-05-15,9500,
Chroma Constellation,2025-05-24,10000,
Chroma Constellation,2025-06-01,10500,
Chroma Constellation,2025-06-11,11000,
Chroma Constellation,2025-06-13,11500,
Chroma Constellation,2025-06-20,11000,
Chroma Constellation,2025-06-24,10500,
Chroma Constellation,2025-06-29,11000,
Chroma Constellation,2025-07-24,11500,
Chroma Constellation,2025-08-07,12000,
Chroma Constellation,2025-08-11,12250,
Chroma Constellation,2025-08-14,12500,
Chroma Constellation,2025-08-19,12750,
Chroma Constellation,2025-08-22,13000,
Chroma Constellation,2025-08-30,12500,
Chroma Constellation,2025-09-03,12000,
Chroma Constellation,2025-09-05,11750,
Chroma Constellation,2025-09-09,12000,
Chroma Constellation,2025-09-13,12500,
Chroma Constellation,2025-09-18,13000,
Chroma Constellation,2025-09-28,13500,
Chroma Constellation,2025-11-04,14000,
Chroma Constellation,2025-11-06,14500,
Chroma Constellation,2025-11-11,15000,
Chroma Constellation,2025-11-13,15500,
Chroma Constellation,2025-11-16,16000,
Chroma Constellation,2025-11-18,17000,
Chroma Constellation,2025-11-20,18000,
Chroma Constellation,2025-11-24,19000,
Chroma Constellation,2025-11-25,19000,7
Chroma Constellation,2025-11-27,20000,
Chroma Constellation,2025-11-30,21000,
Chroma Constellation,2025-12-01,22000,
Chroma Constellation,2025-12-04,23000,
Chroma Constellation,2025-12-08,24000,
Chroma Constellation,2025-12-11,24500,
Chroma Constellation,2025-12-19,25000,
Chroma Constellation,2025-12-21,26000,
Chroma Constellation,2025-12-23,26000,7
Chroma Constellation,2025-12-24,27000,
Chroma Constellation,2025-12-26,27000,7
Chroma Constellation,2025-12-27,28000,
Chroma Constellation,2025-12-29,29000,
Chroma Constellation,2025-12-30,29000,7
Chroma Constellation,2026-01-01,30000,
Chroma Constellation,2026-01-04,31000,
Chroma Constellation,2026-01-06,32000,
Chroma Constellation,2026-01-08,33000,
Chroma Constellation,2026-01-11,34000,
Chroma Constellation,2026-01-14,35000,
Chroma Constellation,2026-01-17,35000,7
Chroma Constellation,2026-01-20,36000,
Chroma Constellation,2026-01-27,37000,
Chroma Constellation,2026-01-28,37000,7
Chroma Constellation,2026-02-04,38000,
Chroma Constellation,2026-02-06,39000,
Chroma Constellation,2026-02-08,40000,
Chroma Constellation,2026-02-10,41000,
Chroma Constellation,2026-02-27,40000,
Chroma Constellation,2026-03-01,39000,
Chroma Constellation,2026-03-04,38000,
Chroma Constellation,2026-03-06,37000,
Chroma Constellation,2026-03-09,36000,
Chroma Constellation,2026-03-16,35000,
Chroma Constellation,2026-03-21,35000,7
Chroma Constellation,2026-03-26,36000,
Chroma Constellation,2026-03-30,37000,
Chroma Constellation,2026-03-31,38000,
Chroma Constellation,2026-04-11,38500,
Chroma Constellation,2026-04-13,38000,
Chroma Constellation,2026-04-14,38000,7
Chroma Constellation,2026-04-16,37000,
Chroma Constellation,2026-04-18,36000,
Chroma Constellation,2026-04-20,36000,7
Chroma Constellation,2026-04-22,36000,7
Chroma Constellation,2026-04-24,36000,7
Chroma Constellation,2026-04-27,36000,7
Chroma Constellation,2026-04-28,36000,7
Chroma Constellation,2026-05-02,36000,7
Chroma Constellation,2026-05-03,36000,7
Chroma Constellation,2026-05-06,36000,7
Chroma Constellation,2026-05-09,36000,7
Chroma Constellation,2026-05-12,36000,7
Chroma Constellation,2026-05-14,36000,7
Chroma Constellation,2026-05-17,36000,7
Chroma Constellation,2026-05-19,36000,7
Chroma Constellation,2026-05-21,36000,7
Chroma Constellation,2026-05-24,36000,7
Chroma Constellation,2026-06-03,35000,
Chroma Constellation,2026-06-06,34000,
Chroma Constellation,2026-06-07,33000,
Chroma Constellation,2026-06-14,33000,7
Chroma Constellation,2026-06-17,32000,
Chroma Constellation,2026-06-19,31000,
Chroma Constellation,2026-06-21,31000,7
Chroma Constellation,2026-06-22,30000,
Chroma Constellation,2026-06-24,29000,
Chroma Constellation,2026-06-26,29000,6
Chroma Constellation,2026-06-27,27000,
Chroma Constellation,2026-06-28,27000,6
Chroma Constellation,2026-06-29,26500,
Chroma Constellation,2026-07-02,26500,6
Chroma Constellation,2026-07-03,27000,
Chroma Constellation,2026-07-05,27000,7
Chroma Constellation,2026-07-06,27000,7
Chroma Constellation,2026-07-12,27000,7
Chroma Constellation,2026-07-14,27000,7
Chroma Constellation,2026-07-24,27000,7
Chroma Constellation,2026-07-25,27000,7
Chroma Constellation,2026-07-27,27000,7
Chroma Constellation,2026-07-28,27000,7
Chroma Constellation,2026-07-30,27000,7
Chroma Constellation,2026-07-31,27000,7
Chroma Constellation,2026-08-03,27000,7
Chroma Constellation,2026-08-04,27000,7
Chroma Constellation,2026-08-05,27000,7
Chroma Constellation,2026-08-06,27000,7
Chroma Constellation,2026-08-07,27000,7
Chroma Constellation,2026-08-08,27000,7
Chroma Constellation,2026-08-09,27000,7
Chroma Constellation,2026-08-10,27000,7
Chroma Constellation,2026-08-11,27000,7
Chroma Constellation,2026-08-13,27000,7
Chroma Constellation,2026-08-14,27000,7
Chroma Constellation,2026-08-15,27000,7
Chroma Constellation,2026-08-16,27000,7
Chroma Constellation,2026-08-17,27000,7
Chroma Constellation,2026-08-18,27500,
Chroma Constellation,2026-08-19,27500,7
Chroma Constellation,2026-08-20,28000,
Chroma Constellation,2026-08-21,28000,7
Chroma Constellation,2026-08-22,28000,7
Chroma Constellation,2026-08-23,29000,
Chroma Constellation,2026-08-24,29000,7
Chroma Constellation,2026-08-25,29000,7
Chroma Constellation,2026-08-26,30000,
Chroma Constellation,2026-08-28,31000,
Chroma Constellation,2026-08-30,32000,
Chroma Constellation,2026-09-01,32500,
Chroma Constellation,2026-09-02,33000,
Chroma Constellation,2026-09-03,33000,7
Chroma Constellation,2026-09-04,33000,7
Chroma Constellation,2026-09-05,33000,7
Chroma Constellation,2026-09-06,33000,7
Chroma Constellation,2026-09-07,33000,7
Chroma Constellation,2026-09-12,32500,
Chroma Constellation,2026-09-13,32000,
Chroma Constellation,2026-09-15,31000,
Chroma Constellation,2026-09-17,31000,7
Chroma Constellation,2026-09-18,31000,7
Chroma Constellation,2026-09-19,31000,7
Chroma Constellation,2026-09-20,31000,7
Chroma Cookiecane,2022-12-23,90000,
Chroma Cookiecane,2023-01-06,80000,
Chroma Cookiecane,2023-01-10,60000,
Chroma Cookiecane,2023-01-14,50000,
Chroma Cookiecane,2023-01-16,40000,
Chroma Cookiecane,2023-01-17,30000,
Chroma Cookiecane,2023-01-20,25000,
Chroma Cookiecane,2023-01-21,22000,
Chroma Cookiecane,2023-01-24,20000,
Chroma Cookiecane,2023-01-27,17500,
Chroma Cookiecane,2023-02-02,17000,
Chroma Cookiecane,2023-02-05,16000,
Chroma Cookiecane,2023-02-11,15000,
Chroma Cookiecane,2023-03-12,14000,
Chroma Cookiecane,2023-03-15,12000,
Chroma Cookiecane,2023-03-19,9000,
Chroma Cookiecane,2023-03-21,7000,
Chroma Cookiecane,2023-03-24,6000,
Chroma Cookiecane,2023-03-26,5000,
Chroma Cookiecane,2023-03-30,4500,
Chroma Cookiecane,2023-04-02,4200,
Chroma Cookiecane,2023-04-04,4250,
Chroma Cookiecane,2023-04-05,4500,
Chroma Cookiecane,2023-04-07,4700,
Chroma Cookiecane,2023-04-10,4900,
Chroma Cookiecane,2023-04-15,5000,
Chroma Cookiecane,2023-05-03,4900,
Chroma Cookiecane,2023-05-08,4750,
Chroma Cookiecane,2023-05-10,4500,
Chroma Cookiecane,2023-05-13,4300,
Chroma Cookiecane,2023-05-16,4100,
Chroma Cookiecane,2023-05-20,4000,
Chroma Cookiecane,2023-05-22,3900,
Chroma Cookiecane,2023-05-27,3750,
Chroma Cookiecane,2023-05-28,3700,
Chroma Cookiecane,2023-06-01,3500,
Chroma Cookiecane,2023-06-07,3400,
Chroma Cookiecane,2023-06-12,3200,
Chroma Cookiecane,2023-06-18,3000,
Chroma Cookiecane,2023-06-21,2900,
Chroma Cookiecane,2023-06-25,2800,
Chroma Cookiecane,2023-06-26,2700,
Chroma Cookiecane,2023-07-06,2750,
Chroma Cookiecane,2023-07-09,2800,
Chroma Cookiecane,2023-07-11,2850,
Chroma Cookiecane,2023-07-12,2900,
Chroma Cookiecane,2023-07-15,3000,
Chroma Cookiecane,2023-07-19,3100,
Chroma Cookiecane,2023-07-20,3200,
Chroma Cookiecane,2023-07-23,3300,
Chroma Cookiecane,2023-07-24,3400,
Chroma Cookiecane,2023-07-27,3500,
Chroma Cookiecane,2023-07-29,3600,
Chroma Cookiecane,2023-08-02,3500,
Chroma Cookiecane,2023-08-05,3300,
Chroma Cookiecane,2023-08-07,3150,
Chroma Cookiecane,2023-08-12,3050,
Chroma Cookiecane,2023-08-13,3000,
Chroma Cookiecane,2023-08-28,2950,
Chroma Cookiecane,2023-09-01,2900,
Chroma Cookiecane,2023-09-05,2800,
Chroma Cookiecane,2023-09-06,2700,
Chroma Cookiecane,2023-09-08,2600,
Chroma Cookiecane,2023-09-09,2500,
Chroma Cookiecane,2023-09-11,2400,
Chroma Cookiecane,2023-09-14,2300,
Chroma Cookiecane,2023-09-16,2250,
Chroma Cookiecane,2023-09-18,2200,
Chroma Cookiecane,2023-09-20,2150,
Chroma Cookiecane,2023-09-21,2100,
Chroma Cookiecane,2023-09-23,2050,
Chroma Cookiecane,2023-09-25,2000,
Chroma Cookiecane,2023-09-27,1950,
Chroma Cookiecane,2023-09-28,1900,
Chroma Cookiecane,2023-10-01,1850,
Chroma Cookiecane,2023-10-05,1750,
Chroma Cookiecane,2023-10-08,1700,
Chroma Cookiecane,2023-10-11,1600,
Chroma Cookiecane,2023-10-23,1650,
Chroma Cookiecane,2023-10-26,1700,
Chroma Cookiecane,2023-10-28,1750,
Chroma Cookiecane,2023-11-01,1800,
Chroma Cookiecane,2023-11-05,1850,
Chroma Cookiecane,2023-11-09,1800,
Chroma Cookiecane,2023-11-13,1750,
Chroma Cookiecane,2023-11-14,1700,
Chroma Cookiecane,2023-11-17,1600,
Chroma Cookiecane,2023-11-22,1550,
Chroma Cookiecane,2023-11-26,1500,
Chroma Cookiecane,2023-12-03,1450,
Chroma Cookiecane,2023-12-10,1400,
Chroma Cookiecane,2023-12-14,1300,
Chroma Cookiecane,2023-12-20,1250,
Chroma Cookiecane,2023-12-22,1200,
Chroma Cookiecane,2023-12-27,1150,
Chroma Cookiecane,2023-12-31,1100,
Chroma Cookiecane,2024-01-02,1025,
Chroma Cookiecane,2024-01-08,975,
Chroma Cookiecane,2024-01-12,925,
Chroma Cookiecane,2024-01-16,875,
Chroma Cookiecane,2024-01-19,825,
Chroma Cookiecane,2024-02-02,775,
Chroma Cookiecane,2024-02-07,750,
Chroma Cookiecane,2024-02-10,725,
Chroma Cookiecane,2024-02-20,625,
Chroma Cookiecane,2024-03-06,575,
Chroma Cookiecane,2024-03-11,540,
Chroma Cookiecane,2024-03-14,520,
Chroma Cookiecane,2024-03-18,475,
Chroma Cookiecane,2024-03-29,425,
Chroma Cookiecane,2024-03-31,400,
Chroma Cookiecane,2024-04-03,380,
Chroma Cookiecane,2024-04-10,340,
Chroma Cookiecane,2024-04-24,325,
Chroma Cookiecane,2024-05-07,300,
Chroma Cookiecane,2024-05-10,275,
Chroma Cookiecane,2024-05-15,250,
Chroma Cookiecane,2024-05-20,235,
Chroma Cookiecane,2024-05-26,200,
Chroma Cookiecane,2024-05-29,180,
Chroma Cookiecane,2024-06-08,170,
Chroma Cookiecane,2024-06-14,160,
Chroma Cookiecane,2024-06-15,150,
Chroma Cookiecane,2024-06-19,135,
Chroma Cookiecane,2024-07-18,140,
Chroma Cookiecane,2024-07-21,145,
Chroma Cookiecane,2024-07-25,155,
Chroma Cookiecane,2024-07-27,170,
Chroma Cookiecane,2024-07-29,195,
Chroma Cookiecane,2024-07-31,245,
Chroma Cookiecane,2024-08-02,270,
Chroma Cookiecane,2024-08-04,265,
Chroma Cookiecane,2024-08-08,250,
Chroma Cookiecane,2024-08-11,240,
Chroma Cookiecane,2024-08-14,225,
Chroma Cookiecane,2024-08-18,215,
Chroma Cookiecane,2024-08-22,200,
Chroma Cookiecane,2024-08-26,170,
Chroma Cookiecane,2024-08-29,155,
Chroma Cookiecane,2024-08-31,145,
Chroma Cookiecane,2024-09-05,140,
Chroma Cookiecane,2024-10-16,135,
Chroma Cookiecane,2024-12-29,130,
Chroma Cookiecane,2025-01-10,125,
Chroma Cookiecane,2025-01-13,120,
Chroma Cookiecane,2025-01-15,115,
Chroma Cookiecane,2025-01-18,110,
Chroma Cookiecane,2025-01-26,105,
Chroma Cookiecane,2025-02-03,100,
Chroma Cookiecane,2025-02-07,95,
Chroma Cookiecane,2025-02-09,90,
Chroma Cookiecane,2025-02-23,85,
Chroma Cookiecane,2025-03-04,80,
Chroma Cookiecane,2025-03-09,75,
Chroma Cookiecane,2025-03-19,68,
Chroma Cookiecane,2025-04-06,67,
Chroma Cookiecane,2025-04-15,63,
Chroma Cookiecane,2025-09-17,60,
Chroma Cookiecane,2025-11-24,60,2
Chroma Cookiecane,2025-11-25,60,2
Chroma Cookiecane,2025-11-30,60,2
Chroma Cookiecane,2025-12-04,60,2
Chroma Cookiecane,2025-12-21,60,2
Chroma Cookiecane,2025-12-23,60,2
Chroma Cookiecane,2025-12-24,60,2
Chroma Cookiecane,2025-12-26,60,2
Chroma Cookiecane,2025-12-30,60,2
Chroma Cookiecane,2026-01-01,60,2
Chroma Cookiecane,2026-01-17,60,2
Chroma Cookiecane,2026-01-28,60,2
Chroma Cookiecane,2026-03-06,60,2
Chroma Cookiecane,2026-03-11,55,
Chroma Cookiecane,2026-03-14,52,
Chroma Cookiecane,2026-03-16,50,
Chroma Cookiecane,2026-03-21,50,2
Chroma Cookiecane,2026-04-14,50,2
Chroma Cookiecane,2026-04-20,50,2
Chroma Cookiecane,2026-04-22,50,2
Chroma Cookiecane,2026-04-24,50,2
Chroma Cookiecane,2026-04-26,45,
Chroma Cookiecane,2026-04-27,45,2
Chroma Cookiecane,2026-04-28,42,
Chroma Cookiecane,2026-05-01,40,
Chroma Cookiecane,2026-05-02,40,2
Chroma Cookiecane,2026-05-03,40,2
Chroma Cookiecane,2026-05-06,40,2
Chroma Cookiecane,2026-05-09,40,2
Chroma Cookiecane,2026-05-12,40,2
Chroma Cookiecane,2026-05-14,40,2
Chroma Cookiecane,2026-05-17,40,2
Chroma Cookiecane,2026-05-19,40,2
Chroma Cookiecane,2026-05-21,40,2
Chroma Cookiecane,2026-05-24,38,
Chroma Cookiecane,2026-06-14,38,1
Chroma Cookiecane,2026-06-21,38,1
Chroma Cookiecane,2026-06-22,38,1
Chroma Cookiecane,2026-06-26,38,1
Chroma Cookiecane,2026-06-28,38,1
Chroma Cookiecane,2026-07-02,38,1
Chroma Cookiecane,2026-07-03,38,1
Chroma Cookiecane,2026-07-05,38,1
Chroma Cookiecane,2026-07-06,38,1
Chroma Cookiecane,2026-07-07,35,
Chroma Cookiecane,2026-07-12,33,
Chroma Cookiecane,2026-07-14,33,1
Chroma Cookiecane,2026-07-21,32,
Chroma Cookiecane,2026-07-24,32,1
Chroma Cookiecane,2026-07-25,32,1
Chroma Cookiecane,2026-07-27,32,1
Chroma Cookiecane,2026-07-28,32,1
Chroma Cookiecane,2026-07-30,32,1
Chroma Cookiecane,2026-07-31,32,1
Chroma Cookiecane,2026-08-03,32,1
Chroma Cookiecane,2026-08-04,32,1
Chroma Cookiecane,2026-08-05,32,1
Chroma Cookiecane,2026-08-06,32,1
Chroma Cookiecane,2026-08-07,32,1
Chroma Cookiecane,2026-08-08,32,1
Chroma Cookiecane,2026-08-09,32,1
Chroma Cookiecane,2026-08-10,32,1
Chroma Cookiecane,2026-08-11,32,1
Chroma Cookiecane,2026-08-13,32,1
Chroma Cookiecane,2026-08-14,32,1
Chroma Cookiecane,2026-08-15,32,1
Chroma Cookiecane,2026-08-16,32,1
Chroma Cookiecane,2026-08-17,32,1
Chroma Cookiecane,2026-08-18,32,1
Chroma Cookiecane,2026-08-19,32,1
Chroma Cookiecane,2026-08-20,32,1
Chroma Cookiecane,2026-08-21,32,1
Chroma Cookiecane,2026-08-22,32,1
Chroma Cookiecane,2026-08-24,32,1
Chroma Cookiecane,2026-08-25,32,1
Chroma Cookiecane,2026-09-02,32,1
Chroma Cookiecane,2026-09-03,32,1
Chroma Cookiecane,2026-09-04,32,1
Chroma Cookiecane,2026-09-05,32,1
Chroma Cookiecane,2026-09-06,32,1
Chroma Cookiecane,2026-09-07,32,1
Chroma Cookiecane,2026-09-12,32,1
Chroma Cookiecane,2026-09-17,32,1
Chroma Cookiecane,2026-09-18,32,1
Chroma Cookiecane,2026-09-19,32,1
Chroma Cookiecane,2026-09-20,32,1
Chroma Darkbringer,2020-08-26,775,
Chroma Darkbringer,2020-10-04,675,
Chroma Darkbringer,2020-10-15,575,
Chroma Darkbringer,2020-10-31,400,
Chroma Darkbringer,2020-11-10,350,
Chroma Darkbringer,2020-11-17,325,
Chroma Darkbringer,2020-11-26,270,
Chroma Darkbringer,2020-12-03,190,
Chroma Darkbringer,2020-12-14,145,
Chroma Darkbringer,2021-01-22,130,
Chroma Darkbringer,2021-01-26,110,
Chroma Darkbringer,2021-03-09,95,
Chroma Darkbringer,2021-03-20,115,
Chroma Darkbringer,2021-03-23,130,
Chroma Darkbringer,2021-04-08,150,
Chroma Darkbringer,2021-05-07,130,
Chroma Darkbringer,2021-05-12,125,
Chroma Darkbringer,2021-06-13,115,
Chroma Darkbringer,2021-06-18,100,
Chroma Darkbringer,2021-06-28,90,
Chroma Darkbringer,2021-07-18,75,
Chroma Darkbringer,2021-08-17,85,
Chroma Darkbringer,2021-08-23,110,
Chroma Darkbringer,2021-09-05,140,
Chroma Darkbringer,2021-09-09,160,
Chroma Darkbringer,2021-10-02,170,
Chroma Darkbringer,2021-10-25,185,
Chroma Darkbringer,2021-11-22,210,
Chroma Darkbringer,2021-11-23,225,
Chroma Darkbringer,2021-11-28,230,
Chroma Darkbringer,2021-12-13,235,
Chroma Darkbringer,2022-01-08,240,
Chroma Darkbringer,2022-01-16,250,
Chroma Darkbringer,2022-02-03,255,
Chroma Darkbringer,2022-02-16,265,
Chroma Darkbringer,2022-03-07,280,
Chroma Darkbringer,2022-03-14,300,
Chroma Darkbringer,2022-04-02,330,
Chroma Darkbringer,2022-04-06,350,
Chroma Darkbringer,2022-05-19,400,
Chroma Darkbringer,2022-05-26,415,
Chroma Darkbringer,2022-06-06,445,
Chroma Darkbringer,2022-06-18,480,
Chroma Darkbringer,2022-06-20,500,
Chroma Darkbringer,2022-07-06,550,
Chroma Darkbringer,2022-07-11,600,
Chroma Darkbringer,2022-07-28,630,
Chroma Darkbringer,2022-08-11,650,
Chroma Darkbringer,2022-08-27,630,
Chroma Darkbringer,2022-08-30,450,
Chroma Darkbringer,2022-09-03,420,
Chroma Darkbringer,2022-09-11,385,
Chroma Darkbringer,2022-09-14,360,
Chroma Darkbringer,2022-09-18,310,
Chroma Darkbringer,2022-10-03,320,
Chroma Darkbringer,2022-10-09,330,
Chroma Darkbringer,2022-10-12,340,
Chroma Darkbringer,2022-10-18,350,
Chroma Darkbringer,2022-10-20,360,
Chroma Darkbringer,2022-10-22,375,
Chroma Darkbringer,2022-10-29,385,
Chroma Darkbringer,2022-10-30,405,
Chroma Darkbringer,2023-02-02,400,
Chroma Darkbringer,2023-02-19,390,
Chroma Darkbringer,2023-03-19,380,
Chroma Darkbringer,2023-03-24,375,
Chroma Darkbringer,2023-04-27,380,
Chroma Darkbringer,2023-05-13,385,
Chroma Darkbringer,2023-05-27,390,
Chroma Darkbringer,2023-06-01,400,
Chroma Darkbringer,2023-06-02,415,
Chroma Darkbringer,2023-06-12,450,
Chroma Darkbringer,2023-06-13,465,
Chroma Darkbringer,2023-06-18,500,
Chroma Darkbringer,2023-06-21,540,
Chroma Darkbringer,2023-06-25,600,
Chroma Darkbringer,2023-06-26,615,
Chroma Darkbringer,2023-06-30,650,
Chroma Darkbringer,2023-07-06,640,
Chroma Darkbringer,2023-07-07,630,
Chroma Darkbringer,2023-07-09,620,
Chroma Darkbringer,2023-07-11,615,
Chroma Darkbringer,2023-07-12,610,
Chroma Darkbringer,2023-07-15,600,
Chroma Darkbringer,2023-07-19,575,
Chroma Darkbringer,2023-07-20,565,
Chroma Darkbringer,2023-07-24,550,
Chroma Darkbringer,2023-07-27,525,
Chroma Darkbringer,2023-07-29,515,
Chroma Darkbringer,2023-08-01,500,
Chroma Darkbringer,2023-08-02,490,
Chroma Darkbringer,2023-08-05,475,
Chroma Darkbringer,2023-08-07,450,
Chroma Darkbringer,2023-08-18,440,
Chroma Darkbringer,2023-08-24,435,
Chroma Darkbringer,2023-08-28,425,
Chroma Darkbringer,2023-09-05,420,
Chroma Darkbringer,2023-09-11,425,
Chroma Darkbringer,2023-09-27,415,
Chroma Darkbringer,2023-10-15,400,
Chroma Darkbringer,2023-10-23,375,
Chroma Darkbringer,2023-10-28,365,
Chroma Darkbringer,2023-11-09,355,
Chroma Darkbringer,2023-11-13,350,
Chroma Darkbringer,2023-11-22,340,
Chroma Darkbringer,2023-12-03,330,
Chroma Darkbringer,2023-12-05,325,
Chroma Darkbringer,2023-12-20,315,
Chroma Darkbringer,2024-01-02,300,
Chroma Darkbringer,2024-01-26,290,
Chroma Darkbringer,2024-02-02,275,
Chroma Darkbringer,2024-02-07,265,
Chroma Darkbringer,2024-02-20,250,
Chroma Darkbringer,2024-03-11,240,
Chroma Darkbringer,2024-03-29,200,
Chroma Darkbringer,2024-04-10,175,
Chroma Darkbringer,2024-04-21,165,
Chroma Darkbringer,2024-04-24,150,
Chroma Darkbringer,2024-05-20,140,
Chroma Darkbringer,2024-05-26,125,
Chroma Darkbringer,2024-05-31,110,
Chroma Darkbringer,2024-06-08,105,
Chroma Darkbringer,2024-06-10,100,
Chroma Darkbringer,2024-06-26,95,
Chroma Darkbringer,2024-07-01,90,
Chroma Darkbringer,2024-07-29,95,
Chroma Darkbringer,2024-08-02,100,
Chroma Darkbringer,2024-08-08,105,
Chroma Darkbringer,2024-08-14,110,
Chroma Darkbringer,2024-08-16,120,
Chroma Darkbringer,2024-08-18,125,
Chroma Darkbringer,2024-08-22,130,
Chroma Darkbringer,2024-08-31,140,
Chroma Darkbringer,2024-09-23,135,
Chroma Darkbringer,2024-10-06,130,
Chroma Darkbringer,2024-10-18,125,
Chroma Darkbringer,2025-03-09,120,
Chroma Darkbringer,2025-04-06,115,
Chroma Darkbringer,2025-04-13,110,
Chroma Darkbringer,2025-05-04,105,
Chroma Darkbringer,2025-05-21,100,
Chroma Darkbringer,2025-07-05,95,
Chroma Darkbringer,2025-11-24,95,2
Chroma Darkbringer,2025-11-25,95,2
Chroma Darkbringer,2025-11-30,95,2
Chroma Darkbringer,2025-12-04,95,2
Chroma Darkbringer,2025-12-21,95,2
Chroma Darkbringer,2025-12-23,95,2
Chroma Darkbringer,2025-12-24,95,2
Chroma Darkbringer,2025-12-26,95,2
Chroma Darkbringer,2025-12-30,95,2
Chroma Darkbringer,2026-01-01,95,2
Chroma Darkbringer,2026-01-17,95,2
Chroma Darkbringer,2026-01-28,95,2
Chroma Darkbringer,2026-03-06,95,2
Chroma Darkbringer,2026-03-14,90,
Chroma Darkbringer,2026-03-21,90,2
Chroma Darkbringer,2026-04-14,90,2
Chroma Darkbringer,2026-04-20,90,2
Chroma Darkbringer,2026-04-22,90,2
Chroma Darkbringer,2026-04-24,90,2
Chroma Darkbringer,2026-04-27,90,2
Chroma Darkbringer,2026-04-28,90,2
Chroma Darkbringer,2026-05-02,90,2
Chroma Darkbringer,2026-05-03,90,2
Chroma Darkbringer,2026-05-06,90,2
Chroma Darkbringer,2026-05-09,90,2
Chroma Darkbringer,2026-05-11,85,
Chroma Darkbringer,2026-05-12,85,2
Chroma Darkbringer,2026-05-14,85,2
Chroma Darkbringer,2026-05-17,80,
Chroma Darkbringer,2026-05-19,80,2
Chroma Darkbringer,2026-05-21,80,2
Chroma Darkbringer,2026-05-24,75,
Chroma Darkbringer,2026-06-14,75,1
Chroma Darkbringer,2026-06-17,70,
Chroma Darkbringer,2026-06-21,70,1
Chroma Darkbringer,2026-06-22,70,1
Chroma Darkbringer,2026-06-26,70,1
Chroma Darkbringer,2026-06-28,70,1
Chroma Darkbringer,2026-07-02,70,1
Chroma Darkbringer,2026-07-03,70,1
Chroma Darkbringer,2026-07-05,70,1
Chroma Darkbringer,2026-07-06,70,1
Chroma Darkbringer,2026-07-07,65,
Chroma Darkbringer,2026-07-12,65,1
Chroma Darkbringer,2026-07-14,65,1
Chroma Darkbringer,2026-07-24,65,1
Chroma Darkbringer,2026-07-25,65,1
Chroma Darkbringer,2026-07-27,65,1
Chroma Darkbringer,2026-07-28,65,1
Chroma Darkbringer,2026-07-30,65,1
Chroma Darkbringer,2026-07-31,65,1
Chroma Darkbringer,2026-08-03,65,1
Chroma Darkbringer,2026-08-04,65,1
Chroma Darkbringer,2026-08-05,65,1
Chroma Darkbringer,2026-08-06,65,1
Chroma Darkbringer,2026-08-07,65,1
Chroma Darkbringer,2026-08-08,65,1
Chroma Darkbringer,2026-08-09,65,1
Chroma Darkbringer,2026-08-10,65,1
Chroma Darkbringer,2026-08-11,65,1
Chroma Darkbringer,2026-08-13,65,1
Chroma Darkbringer,2026-08-14,65,1
Chroma Darkbringer,2026-08-15,65,1
Chroma Darkbringer,2026-08-16,65,1
Chroma Darkbringer,2026-08-17,65,1
Chroma Darkbringer,2026-08-18,65,1
Chroma Darkbringer,2026-08-19,65,1
Chroma Darkbringer,2026-08-20,65,1
Chroma Darkbringer,2026-08-21,65,1
Chroma Darkbringer,2026-08-22,65,1
Chroma Darkbringer,2026-08-24,65,1
Chroma Darkbringer,2026-08-25,65,1
Chroma Darkbringer,2026-09-02,65,1
Chroma Darkbringer,2026-09-03,65,1
Chroma Darkbringer,2026-09-04,65,1
Chroma Darkbringer,2026-09-05,65,1
Chroma Darkbringer,2026-09-06,65,1
Chroma Darkbringer,2026-09-07,65,1
Chroma Darkbringer,2026-09-12,65,1
Chroma Darkbringer,2026-09-17,65,1
Chroma Darkbringer,2026-09-18,65,1
Chroma Darkbringer,2026-09-19,65,1
Chroma Darkbringer,2026-09-20,65,1
Chroma Deathshard,2020-08-26,350,
Chroma Deathshard,2020-10-04,325,
Chroma Deathshard,2020-10-15,300,
Chroma Deathshard,2020-10-31,240,
Chroma Deathshard,2020-11-10,210,
Chroma Deathshard,2020-11-17,200,
Chroma Deathshard,2020-11-26,165,
Chroma Deathshard,2020-12-03,115,
Chroma Deathshard,2020-12-14,100,
Chroma Deathshard,2021-01-22,85,
Chroma Deathshard,2021-01-26,75,
Chroma Deathshard,2021-05-07,55,
Chroma Deathshard,2021-05-12,50,
Chroma Deathshard,2021-06-13,45,
Chroma Deathshard,2021-06-28,35,
Chroma Deathshard,2021-07-18,33,
Chroma Deathshard,2021-08-17,40,
Chroma Deathshard,2021-08-23,50,
Chroma Deathshard,2021-09-05,63,
Chroma Deathshard,2021-09-09,70,
Chroma Deathshard,2021-10-02,80,
Chroma Deathshard,2021-10-25,100,
Chroma Deathshard,2021-11-22,105,
Chroma Deathshard,2021-11-28,115,
Chroma Deathshard,2021-12-13,120,
Chroma Deathshard,2022-01-08,125,
Chroma Deathshard,2022-02-03,135,
Chroma Deathshard,2022-02-16,140,
Chroma Deathshard,2022-03-07,155,
Chroma Deathshard,2022-03-14,165,
Chroma Deathshard,2022-04-02,170,
Chroma Deathshard,2022-04-06,175,
Chroma Deathshard,2022-05-19,195,
Chroma Deathshard,2022-05-26,200,
Chroma Deathshard,2022-06-06,215,
Chroma Deathshard,2022-06-18,220,
Chroma Deathshard,2022-06-20,225,
Chroma Deathshard,2022-07-06,240,
Chroma Deathshard,2022-07-11,255,
Chroma Deathshard,2022-07-28,265,
Chroma Deathshard,2022-08-11,275,
Chroma Deathshard,2022-08-27,260,
Chroma Deathshard,2022-08-30,200,
Chroma Deathshard,2022-09-03,165,
Chroma Deathshard,2022-09-11,150,
Chroma Deathshard,2022-09-14,135,
Chroma Deathshard,2022-09-18,120,
Chroma Deathshard,2022-09-30,110,
Chroma Deathshard,2022-10-03,100,
Chroma Deathshard,2022-10-09,95,
Chroma Deathshard,2022-10-12,90,
Chroma Deathshard,2022-10-18,80,
Chroma Deathshard,2023-03-30,75,
Chroma Deathshard,2023-05-13,80,
Chroma Deathshard,2023-05-20,85,
Chroma Deathshard,2023-05-27,90,
Chroma Deathshard,2023-06-02,95,
Chroma Deathshard,2023-06-07,100,
Chroma Deathshard,2023-06-12,105,
Chroma Deathshard,2023-06-25,110,
Chroma Deathshard,2023-07-27,105,
Chroma Deathshard,2023-08-01,100,
Chroma Deathshard,2023-10-15,90,
Chroma Deathshard,2023-10-23,85,
Chroma Deathshard,2023-10-28,80,
Chroma Deathshard,2023-12-03,75,
Chroma Deathshard,2024-01-26,65,
Chroma Deathshard,2024-04-24,60,
Chroma Deathshard,2024-08-22,62,
Chroma Deathshard,2024-09-23,60,
Chroma Deathshard,2024-10-16,62,
Chroma Deathshard,2024-11-08,65,
Chroma Deathshard,2025-04-13,60,
Chroma Deathshard,2025-09-17,55,
Chroma Deathshard,2025-11-04,50,
Chroma Deathshard,2025-11-24,50,2
Chroma Deathshard,2025-11-25,50,2
Chroma Deathshard,2025-11-30,50,2
Chroma Deathshard,2025-12-04,50,2
Chroma Deathshard,2025-12-21,50,2
Chroma Deathshard,2025-12-23,50,2
Chroma Deathshard,2025-12-24,50,2
Chroma Deathshard,2025-12-26,50,2
Chroma Deathshard,2025-12-30,50,2
Chroma Deathshard,2026-01-01,50,2
Chroma Deathshard,2026-01-17,50,2
Chroma Deathshard,2026-01-28,50,2
Chroma Deathshard,2026-03-06,50,2
Chroma Deathshard,2026-03-14,45,
Chroma Deathshard,2026-03-21,45,2
Chroma Deathshard,2026-04-14,45,2
Chroma Deathshard,2026-04-20,45,2
Chroma Deathshard,2026-04-22,45,2
Chroma Deathshard,2026-04-24,45,2
Chroma Deathshard,2026-04-27,45,2
Chroma Deathshard,2026-04-28,42,
Chroma Deathshard,2026-05-02,42,2
Chroma Deathshard,2026-05-03,42,2
Chroma Deathshard,2026-05-06,42,2
Chroma Deathshard,2026-05-09,42,2
Chroma Deathshard,2026-05-12,42,2
Chroma Deathshard,2026-05-14,42,2
Chroma Deathshard,2026-05-17,42,2
Chroma Deathshard,2026-05-19,42,2
Chroma Deathshard,2026-05-21,42,2
Chroma Deathshard,2026-05-24,38,
Chroma Deathshard,2026-06-14,38,1
Chroma Deathshard,2026-06-17,35,
Chroma Deathshard,2026-06-21,35,1
Chroma Deathshard,2026-06-22,35,1
Chroma Deathshard,2026-06-26,35,1
Chroma Deathshard,2026-06-28,35,1
Chroma Deathshard,2026-07-02,35,1
Chroma Deathshard,2026-07-03,35,1
Chroma Deathshard,2026-07-05,35,1
Chroma Deathshard,2026-07-06,35,1
Chroma Deathshard,2026-07-12,35,1
Chroma Deathshard,2026-07-14,35,1
Chroma Deathshard,2026-07-24,35,1
Chroma Deathshard,2026-07-25,35,1
Chroma Deathshard,2026-07-27,35,1
Chroma Deathshard,2026-07-28,35,1
Chroma Deathshard,2026-07-30,35,1
Chroma Deathshard,2026-07-31,35,1
Chroma Deathshard,2026-08-03,35,1
Chroma Deathshard,2026-08-04,35,1
Chroma Deathshard,2026-08-05,35,1
Chroma Deathshard,2026-08-06,35,1
Chroma Deathshard,2026-08-07,35,1
Chroma Deathshard,2026-08-08,35,1
Chroma Deathshard,2026-08-09,35,1
Chroma Deathshard,2026-08-10,35,1
Chroma Deathshard,2026-08-11,35,1
Chroma Deathshard,2026-08-13,35,1
Chroma Deathshard,2026-08-14,35,1
Chroma Deathshard,2026-08-15,35,1
Chroma Deathshard,2026-08-16,35,1
Chroma Deathshard,2026-08-17,35,1
Chroma Deathshard,2026-08-18,35,1
Chroma Deathshard,2026-08-19,35,1
Chroma Deathshard,2026-08-20,35,1
Chroma Deathshard,2026-08-21,35,1
Chroma Deathshard,2026-08-22,35,1
Chroma Deathshard,2026-08-24,35,1
Chroma Deathshard,2026-08-25,35,1
Chroma Deathshard,2026-09-02,35,1
Chroma Deathshard,2026-09-03,35,1
Chroma Deathshard,2026-09-04,35,1
Chroma Deathshard,2026-09-05,35,1
Chroma Deathshard,2026-09-06,35,1
Chroma Deathshard,2026-09-07,35,1
Chroma Deathshard,2026-09-12,35,1
Chroma Deathshard,2026-09-17,35,1
Chroma Deathshard,2026-09-18,35,1
Chroma Deathshard,2026-09-19,35,1
Chroma Deathshard,2026-09-20,35,1
Chroma Elderwood Blade,2022-10-20,70000,
Chroma Elderwood Blade,2022-10-29,75000,
Chroma Elderwood Blade,2022-11-21,70000,
Chroma Elderwood Blade,2022-11-26,50000,
Chroma Elderwood Blade,2022-12-07,45000,
Chroma Elderwood Blade,2022-12-08,35000,
Chroma Elderwood Blade,2022-12-27,30000,
Chroma Elderwood Blade,2023-01-14,25000,
Chroma Elderwood Blade,2023-01-16,22000,
Chroma Elderwood Blade,2023-01-17,20000,
Chroma Elderwood Blade,2023-01-21,18000,
Chroma Elderwood Blade,2023-01-24,17000,
Chroma Elderwood Blade,2023-01-27,15000,
Chroma Elderwood Blade,2023-02-05,16000,
Chroma Elderwood Blade,2023-02-11,18000,
Chroma Elderwood Blade,2023-02-13,19000,
Chroma Elderwood Blade,2023-02-19,20000,
Chroma Elderwood Blade,2023-02-27,19000,
Chroma Elderwood Blade,2023-03-03,16000,
Chroma Elderwood Blade,2023-03-06,15000,
Chroma Elderwood Blade,2023-03-09,13500,
Chroma Elderwood Blade,2023-03-12,12000,
Chroma Elderwood Blade,2023-03-15,11000,
Chroma Elderwood Blade,2023-03-19,8500,
Chroma Elderwood Blade,2023-03-21,7000,
Chroma Elderwood Blade,2023-03-24,6500,
Chroma Elderwood Blade,2023-03-26,6000,
Chroma Elderwood Blade,2023-04-02,7000,
Chroma Elderwood Blade,2023-04-04,7250,
Chroma Elderwood Blade,2023-04-05,7400,
Chroma Elderwood Blade,2023-04-10,7200,
Chroma Elderwood Blade,2023-04-12,6900,
Chroma Elderwood Blade,2023-04-15,6500,
Chroma Elderwood Blade,2023-04-18,6000,
Chroma Elderwood Blade,2023-04-21,5200,
Chroma Elderwood Blade,2023-04-23,5000,
Chroma Elderwood Blade,2023-05-03,5100,
Chroma Elderwood Blade,2023-05-08,5200,
Chroma Elderwood Blade,2023-05-10,5300,
Chroma Elderwood Blade,2023-05-22,5250,
Chroma Elderwood Blade,2023-05-27,5200,
Chroma Elderwood Blade,2023-05-28,5000,
Chroma Elderwood Blade,2023-06-01,4500,
Chroma Elderwood Blade,2023-06-02,4250,
Chroma Elderwood Blade,2023-06-07,3900,
Chroma Elderwood Blade,2023-06-12,3600,
Chroma Elderwood Blade,2023-06-13,3500,
Chroma Elderwood Blade,2023-06-18,3400,
Chroma Elderwood Blade,2023-06-21,3300,
Chroma Elderwood Blade,2023-06-26,3500,
Chroma Elderwood Blade,2023-06-30,3750,
Chroma Elderwood Blade,2023-07-03,3900,
Chroma Elderwood Blade,2023-07-06,4100,
Chroma Elderwood Blade,2023-07-12,4050,
Chroma Elderwood Blade,2023-07-15,3900,
Chroma Elderwood Blade,2023-07-19,3850,
Chroma Elderwood Blade,2023-07-20,3750,
Chroma Elderwood Blade,2023-07-23,3700,
Chroma Elderwood Blade,2023-07-24,3650,
Chroma Elderwood Blade,2023-07-27,3550,
Chroma Elderwood Blade,2023-07-29,3500,
Chroma Elderwood Blade,2023-08-01,3400,
Chroma Elderwood Blade,2023-08-02,3350,
Chroma Elderwood Blade,2023-08-05,3250,
Chroma Elderwood Blade,2023-08-07,3150,
Chroma Elderwood Blade,2023-08-18,3200,
Chroma Elderwood Blade,2023-08-20,3300,
Chroma Elderwood Blade,2023-08-21,3350,
Chroma Elderwood Blade,2023-08-24,3400,
Chroma Elderwood Blade,2023-08-28,3500,
Chroma Elderwood Blade,2023-08-29,3400,
Chroma Elderwood Blade,2023-09-01,3300,
Chroma Elderwood Blade,2023-09-05,3200,
Chroma Elderwood Blade,2023-09-06,3100,
Chroma Elderwood Blade,2023-09-08,2950,
Chroma Elderwood Blade,2023-09-09,2800,
Chroma Elderwood Blade,2023-09-14,2750,
Chroma Elderwood Blade,2023-09-16,2700,
Chroma Elderwood Blade,2023-09-18,2650,
Chroma Elderwood Blade,2023-09-23,2700,
Chroma Elderwood Blade,2023-09-25,2750,
Chroma Elderwood Blade,2023-09-27,2800,
Chroma Elderwood Blade,2023-09-28,2850,
Chroma Elderwood Blade,2023-10-05,2800,
Chroma Elderwood Blade,2023-10-07,2750,
Chroma Elderwood Blade,2023-10-11,2700,
Chroma Elderwood Blade,2023-10-15,2600,
Chroma Elderwood Blade,2023-10-16,2500,
Chroma Elderwood Blade,2023-10-18,2400,
Chroma Elderwood Blade,2023-10-21,2250,
Chroma Elderwood Blade,2023-10-23,2200,
Chroma Elderwood Blade,2023-10-26,2100,
Chroma Elderwood Blade,2023-10-28,2000,
Chroma Elderwood Blade,2023-11-01,1800,
Chroma Elderwood Blade,2023-11-05,1700,
Chroma Elderwood Blade,2023-11-06,1750,
Chroma Elderwood Blade,2023-11-09,1850,
Chroma Elderwood Blade,2023-11-13,1900,
Chroma Elderwood Blade,2023-11-14,1950,
Chroma Elderwood Blade,2023-11-17,2000,
Chroma Elderwood Blade,2023-11-18,1950,
Chroma Elderwood Blade,2023-11-22,1850,
Chroma Elderwood Blade,2023-11-26,1750,
Chroma Elderwood Blade,2023-11-27,1700,
Chroma Elderwood Blade,2023-11-29,1650,
Chroma Elderwood Blade,2023-12-03,1600,
Chroma Elderwood Blade,2023-12-05,1550,
Chroma Elderwood Blade,2023-12-10,1500,
Chroma Elderwood Blade,2023-12-14,1400,
Chroma Elderwood Blade,2023-12-20,1300,
Chroma Elderwood Blade,2023-12-22,1250,
Chroma Elderwood Blade,2023-12-27,1200,
Chroma Elderwood Blade,2023-12-31,1100,
Chroma Elderwood Blade,2024-01-02,1050,
Chroma Elderwood Blade,2024-01-08,1000,
Chroma Elderwood Blade,2024-01-12,950,
Chroma Elderwood Blade,2024-01-16,900,
Chroma Elderwood Blade,2024-01-19,850,
Chroma Elderwood Blade,2024-02-02,800,
Chroma Elderwood Blade,2024-02-07,775,
Chroma Elderwood Blade,2024-02-10,750,
Chroma Elderwood Blade,2024-02-20,650,
Chroma Elderwood Blade,2024-03-06,600,
Chroma Elderwood Blade,2024-03-11,570,
Chroma Elderwood Blade,2024-03-14,550,
Chroma Elderwood Blade,2024-03-18,500,
Chroma Elderwood Blade,2024-03-29,450,
Chroma Elderwood Blade,2024-03-31,425,
Chroma Elderwood Blade,2024-04-03,400,
Chroma Elderwood Blade,2024-04-10,350,
Chroma Elderwood Blade,2024-05-07,325,
Chroma Elderwood Blade,2024-05-10,300,
Chroma Elderwood Blade,2024-05-15,275,
Chroma Elderwood Blade,2024-05-20,250,
Chroma Elderwood Blade,2024-05-26,215,
Chroma Elderwood Blade,2024-05-29,200,
Chroma Elderwood Blade,2024-06-08,180,
Chroma Elderwood Blade,2024-06-14,170,
Chroma Elderwood Blade,2024-06-15,160,
Chroma Elderwood Blade,2024-06-19,145,
Chroma Elderwood Blade,2024-07-11,135,
Chroma Elderwood Blade,2024-07-14,140,
Chroma Elderwood Blade,2024-07-18,145,
Chroma Elderwood Blade,2024-07-21,150,
Chroma Elderwood Blade,2024-07-25,160,
Chroma Elderwood Blade,2024-07-27,175,
Chroma Elderwood Blade,2024-07-29,200,
Chroma Elderwood Blade,2024-07-31,250,
Chroma Elderwood Blade,2024-08-02,275,
Chroma Elderwood Blade,2024-08-04,270,
Chroma Elderwood Blade,2024-08-08,255,
Chroma Elderwood Blade,2024-08-11,245,
Chroma Elderwood Blade,2024-08-14,230,
Chroma Elderwood Blade,2024-08-18,220,
Chroma Elderwood Blade,2024-08-22,205,
Chroma Elderwood Blade,2024-08-26,175,
Chroma Elderwood Blade,2024-08-29,160,
Chroma Elderwood Blade,2024-08-31,150,
Chroma Elderwood Blade,2024-09-05,145,
Chroma Elderwood Blade,2024-09-12,140,
Chroma Elderwood Blade,2024-09-27,145,
Chroma Elderwood Blade,2024-10-06,150,
Chroma Elderwood Blade,2024-10-13,155,
Chroma Elderwood Blade,2024-10-16,150,
Chroma Elderwood Blade,2024-11-18,145,
Chroma Elderwood Blade,2024-12-06,140,
Chroma Elderwood Blade,2024-12-29,135,
Chroma Elderwood Blade,2025-01-10,130,
Chroma Elderwood Blade,2025-01-13,125,
Chroma Elderwood Blade,2025-01-15,120,
Chroma Elderwood Blade,2025-01-18,115,
Chroma Elderwood Blade,2025-01-26,110,
Chroma Elderwood Blade,2025-01-29,105,
Chroma Elderwood Blade,2025-02-03,100,
Chroma Elderwood Blade,2025-02-07,95,
Chroma Elderwood Blade,2025-02-09,90,
Chroma Elderwood Blade,2025-02-23,85,
Chroma Elderwood Blade,2025-03-04,80,
Chroma Elderwood Blade,2025-03-09,75,
Chroma Elderwood Blade,2025-03-19,70,
Chroma Elderwood Blade,2025-04-06,68,
Chroma Elderwood Blade,2025-04-15,65,
Chroma Elderwood Blade,2025-09-17,63,
Chroma Elderwood Blade,2025-09-18,62,
Chroma Elderwood Blade,2025-09-25,60,
Chroma Elderwood Blade,2025-11-24,60,2
Chroma Elderwood Blade,2025-11-25,60,2
Chroma Elderwood Blade,2025-11-30,60,2
Chroma Elderwood Blade,2025-12-04,60,2
Chroma Elderwood Blade,2025-12-21,60,2
Chroma Elderwood Blade,2025-12-23,60,2
Chroma Elderwood Blade,2025-12-24,60,2
Chroma Elderwood Blade,2025-12-26,60,2
Chroma Elderwood Blade,2025-12-30,60,2
Chroma Elderwood Blade,2026-01-01,60,2
Chroma Elderwood Blade,2026-01-17,60,2
Chroma Elderwood Blade,2026-01-28,60,2
Chroma Elderwood Blade,2026-03-06,60,2
Chroma Elderwood Blade,2026-03-14,55,
Chroma Elderwood Blade,2026-03-21,55,2
Chroma Elderwood Blade,2026-04-14,55,2
Chroma Elderwood Blade,2026-04-20,55,2
Chroma Elderwood Blade,2026-04-22,55,2
Chroma Elderwood Blade,2026-04-24,55,2
Chroma Elderwood Blade,2026-04-26,52,
Chroma Elderwood Blade,2026-04-27,52,2
Chroma Elderwood Blade,2026-04-28,50,
Chroma Elderwood Blade,2026-05-02,50,2
Chroma Elderwood Blade,2026-05-03,50,2
Chroma Elderwood Blade,2026-05-06,50,2
Chroma Elderwood Blade,2026-05-09,50,2
Chroma Elderwood Blade,2026-05-11,48,
Chroma Elderwood Blade,2026-05-12,48,2
Chroma Elderwood Blade,2026-05-14,48,2
Chroma Elderwood Blade,2026-05-17,47,
Chroma Elderwood Blade,2026-05-19,47,2
Chroma Elderwood Blade,2026-05-21,47,2
Chroma Elderwood Blade,2026-05-24,45,
Chroma Elderwood Blade,2026-06-14,45,1
Chroma Elderwood Blade,2026-06-17,42,
Chroma Elderwood Blade,2026-06-21,42,1
Chroma Elderwood Blade,2026-06-22,42,1
Chroma Elderwood Blade,2026-06-26,42,1
Chroma Elderwood Blade,2026-06-28,42,1
Chroma Elderwood Blade,2026-07-02,42,1
Chroma Elderwood Blade,2026-07-03,42,1
Chroma Elderwood Blade,2026-07-05,42,1
Chroma Elderwood Blade,2026-07-06,42,1
Chroma Elderwood Blade,2026-07-07,40,
Chroma Elderwood Blade,2026-07-12,38,
Chroma Elderwood Blade,2026-07-14,38,1
Chroma Elderwood Blade,2026-07-21,37,
Chroma Elderwood Blade,2026-07-24,37,1
Chroma Elderwood Blade,2026-07-25,37,1
Chroma Elderwood Blade,2026-07-27,37,1
Chroma Elderwood Blade,2026-07-28,37,1
Chroma Elderwood Blade,2026-07-30,37,1
Chroma Elderwood Blade,2026-07-31,37,1
Chroma Elderwood Blade,2026-08-03,37,1
Chroma Elderwood Blade,2026-08-04,37,1
Chroma Elderwood Blade,2026-08-05,37,1
Chroma Elderwood Blade,2026-08-06,37,1
Chroma Elderwood Blade,2026-08-07,37,1
Chroma Elderwood Blade,2026-08-08,37,1
Chroma Elderwood Blade,2026-08-09,37,1
Chroma Elderwood Blade,2026-08-10,37,1
Chroma Elderwood Blade,2026-08-11,37,1
Chroma Elderwood Blade,2026-08-13,37,1
Chroma Elderwood Blade,2026-08-14,37,1
Chroma Elderwood Blade,2026-08-15,37,1
Chroma Elderwood Blade,2026-08-16,37,1
Chroma Elderwood Blade,2026-08-17,37,1
Chroma Elderwood Blade,2026-08-18,37,1
Chroma Elderwood Blade,2026-08-19,37,1
Chroma Elderwood Blade,2026-08-20,37,1
Chroma Elderwood Blade,2026-08-21,37,1
Chroma Elderwood Blade,2026-08-22,37,1
Chroma Elderwood Blade,2026-08-24,37,1
Chroma Elderwood Blade,2026-08-25,37,1
Chroma Elderwood Blade,2026-09-02,37,1
Chroma Elderwood Blade,2026-09-03,37,1
Chroma Elderwood Blade,2026-09-04,37,1
Chroma Elderwood Blade,2026-09-05,37,1
Chroma Elderwood Blade,2026-09-06,37,1
Chroma Elderwood Blade,2026-09-07,37,1
Chroma Elderwood Blade,2026-09-12,37,1
Chroma Elderwood Blade,2026-09-17,37,1
Chroma Elderwood Blade,2026-09-18,37,1
Chroma Elderwood Blade,2026-09-19,37,1
Chroma Elderwood Blade,2026-09-20,37,1
Chroma Evergreen,2023-12-22,50000,
Chroma Evergreen,2023-12-28,40000,
Chroma Evergreen,2023-12-31,29000,
Chroma Evergreen,2024-01-02,26000,
Chroma Evergreen,2024-01-03,23000,
Chroma Evergreen,2024-01-08,17000,
Chroma Evergreen,2024-01-12,16000,
Chroma Evergreen,2024-01-16,15000,
Chroma Evergreen,2024-01-19,13000,
Chroma Evergreen,2024-01-22,12500,
Chroma Evergreen,2024-01-26,12000,
Chroma Evergreen,2024-01-29,11500,
Chroma Evergreen,2024-02-02,9000,
Chroma Evergreen,2024-02-03,7000,
Chroma Evergreen,2024-02-07,6600,
Chroma Evergreen,2024-02-10,7000,
Chroma Evergreen,2024-02-14,13000,
Chroma Evergreen,2024-02-17,15000,
Chroma Evergreen,2024-03-04,14000,
Chroma Evergreen,2024-03-25,13000,
Chroma Evergreen,2024-03-29,12000,
Chroma Evergreen,2024-04-10,11000,
Chroma Evergreen,2024-04-11,10000,
Chroma Evergreen,2024-04-24,9000,
Chroma Evergreen,2024-05-01,8500,
Chroma Evergreen,2024-05-17,9000,
Chroma Evergreen,2024-05-20,10000,
Chroma Evergreen,2024-05-26,11000,
Chroma Evergreen,2024-05-29,12000,
Chroma Evergreen,2024-06-08,12500,
Chroma Evergreen,2024-06-14,13000,
Chroma Evergreen,2024-06-15,14000,
Chroma Evergreen,2024-06-23,15000,
Chroma Evergreen,2024-07-14,14000,
Chroma Evergreen,2024-07-15,13000,
Chroma Evergreen,2024-07-18,12000,
Chroma Evergreen,2024-07-21,11000,
Chroma Evergreen,2024-07-25,10000,
Chroma Evergreen,2024-07-29,9000,
Chroma Evergreen,2024-08-02,8500,
Chroma Evergreen,2024-08-04,8000,
Chroma Evergreen,2024-08-14,9000,
Chroma Evergreen,2024-08-18,9500,
Chroma Evergreen,2024-08-22,10000,
Chroma Evergreen,2024-08-29,10500,
Chroma Evergreen,2024-08-31,11000,
Chroma Evergreen,2024-09-23,10500,
Chroma Evergreen,2024-09-27,10000,
Chroma Evergreen,2024-10-13,10500,
Chroma Evergreen,2024-10-16,11000,
Chroma Evergreen,2024-10-20,11250,
Chroma Evergreen,2024-10-23,11500,
Chroma Evergreen,2024-10-28,12000,
Chroma Evergreen,2024-11-02,12500,
Chroma Evergreen,2024-11-03,13000,
Chroma Evergreen,2024-11-18,15000,
Chroma Evergreen,2024-11-22,18000,
Chroma Evergreen,2024-11-24,19000,
Chroma Evergreen,2024-12-02,20000,
Chroma Evergreen,2024-12-20,21000,
Chroma Evergreen,2024-12-23,22000,
Chroma Evergreen,2024-12-24,25000,
Chroma Evergreen,2024-12-26,26000,
Chroma Evergreen,2024-12-29,27000,
Chroma Evergreen,2025-01-03,28000,
Chroma Evergreen,2025-01-06,30000,
Chroma Evergreen,2025-01-26,29000,
Chroma Evergreen,2025-02-28,30000,
Chroma Evergreen,2025-03-17,31000,
Chroma Evergreen,2025-03-19,32000,
Chroma Evergreen,2025-03-26,33000,
Chroma Evergreen,2025-04-06,34000,
Chroma Evergreen,2025-06-20,33000,
Chroma Evergreen,2025-06-29,32000,
Chroma Evergreen,2025-07-19,31000,
Chroma Evergreen,2025-07-21,30000,
Chroma Evergreen,2025-08-07,29000,
Chroma Evergreen,2025-08-11,28000,
Chroma Evergreen,2025-08-14,27000,
Chroma Evergreen,2025-08-19,26000,
Chroma Evergreen,2025-08-22,25000,
Chroma Evergreen,2025-08-26,26000,
Chroma Evergreen,2025-09-03,27000,
Chroma Evergreen,2025-11-11,28000,
Chroma Evergreen,2025-11-13,28500,
Chroma Evergreen,2025-11-16,29000,
Chroma Evergreen,2025-11-18,30000,
Chroma Evergreen,2025-11-20,31000,
Chroma Evergreen,2025-11-24,32000,
Chroma Evergreen,2025-11-25,32000,7
Chroma Evergreen,2025-11-27,33000,
Chroma Evergreen,2025-11-30,34000,
Chroma Evergreen,2025-12-01,35000,
Chroma Evergreen,2025-12-04,36000,
Chroma Evergreen,2025-12-08,37000,
Chroma Evergreen,2025-12-11,38000,
Chroma Evergreen,2025-12-15,39000,
Chroma Evergreen,2025-12-17,40000,
Chroma Evergreen,2025-12-18,41000,
Chroma Evergreen,2025-12-19,42000,
Chroma Evergreen,2025-12-21,43000,
Chroma Evergreen,2025-12-23,43000,7
Chroma Evergreen,2025-12-24,44000,
Chroma Evergreen,2025-12-26,44000,7
Chroma Evergreen,2025-12-27,45000,
Chroma Evergreen,2025-12-29,46000,
Chroma Evergreen,2025-12-30,46000,7
Chroma Evergreen,2026-01-01,47000,
Chroma Evergreen,2026-01-04,48000,
Chroma Evergreen,2026-01-06,49000,
Chroma Evergreen,2026-01-14,50000,
Chroma Evergreen,2026-01-16,51000,
Chroma Evergreen,2026-01-17,51000,7
Chroma Evergreen,2026-01-18,52000,
Chroma Evergreen,2026-01-20,53000,
Chroma Evergreen,2026-01-22,54000,
Chroma Evergreen,2026-01-24,55000,
Chroma Evergreen,2026-01-27,56000,
Chroma Evergreen,2026-01-28,56000,7
Chroma Evergreen,2026-02-01,57000,
Chroma Evergreen,2026-02-06,58000,
Chroma Evergreen,2026-02-21,59000,
Chroma Evergreen,2026-02-23,60000,
Chroma Evergreen,2026-02-27,61000,
Chroma Evergreen,2026-03-01,62000,
Chroma Evergreen,2026-03-04,63000,
Chroma Evergreen,2026-03-06,64000,
Chroma Evergreen,2026-03-09,65000,
Chroma Evergreen,2026-03-11,66000,
Chroma Evergreen,2026-03-14,67000,
Chroma Evergreen,2026-03-16,68000,
Chroma Evergreen,2026-03-19,69000,
Chroma Evergreen,2026-03-21,70000,
Chroma Evergreen,2026-03-30,71000,
Chroma Evergreen,2026-04-04,72000,
Chroma Evergreen,2026-04-07,70000,
Chroma Evergreen,2026-04-11,69000,
Chroma Evergreen,2026-04-13,67000,
Chroma Evergreen,2026-04-14,67000,7
Chroma Evergreen,2026-04-16,66000,
Chroma Evergreen,2026-04-18,65000,
Chroma Evergreen,2026-04-20,65000,7
Chroma Evergreen,2026-04-21,64000,
Chroma Evergreen,2026-04-22,64000,7
Chroma Evergreen,2026-04-23,63000,
Chroma Evergreen,2026-04-24,63000,7
Chroma Evergreen,2026-04-26,62000,
Chroma Evergreen,2026-04-27,62000,7
Chroma Evergreen,2026-04-28,61000,
Chroma Evergreen,2026-05-01,60000,
Chroma Evergreen,2026-05-02,60000,7
Chroma Evergreen,2026-05-03,60000,7
Chroma Evergreen,2026-05-06,60000,7
Chroma Evergreen,2026-05-09,60000,7
Chroma Evergreen,2026-05-12,60000,7
Chroma Evergreen,2026-05-14,60000,7
Chroma Evergreen,2026-05-17,60000,7
Chroma Evergreen,2026-05-19,60000,7
Chroma Evergreen,2026-05-21,60000,7
Chroma Evergreen,2026-05-24,60000,7
Chroma Evergreen,2026-06-14,60000,7
Chroma Evergreen,2026-06-21,60000,7
Chroma Evergreen,2026-06-22,60000,7
Chroma Evergreen,2026-06-26,60000,7
Chroma Evergreen,2026-06-28,60000,7
Chroma Evergreen,2026-07-02,60000,7
Chroma Evergreen,2026-07-03,60000,7
Chroma Evergreen,2026-07-05,60000,7
Chroma Evergreen,2026-07-06,60000,7
Chroma Evergreen,2026-07-07,59000,
Chroma Evergreen,2026-07-09,58000,
Chroma Evergreen,2026-07-12,57000,
Chroma Evergreen,2026-07-13,55000,
Chroma Evergreen,2026-07-14,55000,7
Chroma Evergreen,2026-07-16,54000,
Chroma Evergreen,2026-07-18,53000,
Chroma Evergreen,2026-07-21,52000,
Chroma Evergreen,2026-07-24,51000,
Chroma Evergreen,2026-07-25,51000,7
Chroma Evergreen,2026-07-27,51000,7
Chroma Evergreen,2026-07-28,50000,
Chroma Evergreen,2026-07-30,50000,7
Chroma Evergreen,2026-07-31,49000,
Chroma Evergreen,2026-08-03,49000,7
Chroma Evergreen,2026-08-04,49000,7
Chroma Evergreen,2026-08-05,49000,7
Chroma Evergreen,2026-08-06,48000,
Chroma Evergreen,2026-08-07,48000,7
Chroma Evergreen,2026-08-08,48000,7
Chroma Evergreen,2026-08-09,48000,7
Chroma Evergreen,2026-08-10,48000,7
Chroma Evergreen,2026-08-11,48000,7
Chroma Evergreen,2026-08-13,48000,7
Chroma Evergreen,2026-08-14,48000,7
Chroma Evergreen,2026-08-15,48000,7
Chroma Evergreen,2026-08-16,48000,7
Chroma Evergreen,2026-08-17,48000,7
Chroma Evergreen,2026-08-18,48000,7
Chroma Evergreen,2026-08-19,48000,7
Chroma Evergreen,2026-08-20,48000,7
Chroma Evergreen,2026-08-21,48000,7
Chroma Evergreen,2026-08-22,48000,7
Chroma Evergreen,2026-08-24,48000,7
Chroma Evergreen,2026-08-25,48000,7
Chroma Evergreen,2026-09-02,48000,7
Chroma Evergreen,2026-09-03,48000,7
Chroma Evergreen,2026-09-04,48000,7
Chroma Evergreen,2026-09-05,48000,7
Chroma Evergreen,2026-09-06,48000,7
Chroma Evergreen,2026-09-07,48000,7
Chroma Evergreen,2026-09-09,47000,
Chroma Evergreen,2026-09-12,45000,
Chroma Evergreen,2026-09-13,44000,
Chroma Evergreen,2026-09-15,43000,
Chroma Evergreen,2026-09-17,43000,7
Chroma Evergreen,2026-09-18,43000,7
Chroma Evergreen,2026-09-19,42000,7
Chroma Evergreen,2026-09-20,42000,7
Chroma Evergun,2023-12-22,25000,
Chroma Evergun,2023-12-28,24000,
Chroma Evergun,2023-12-31,21000,
Chroma Evergun,2024-01-02,19000,
Chroma Evergun,2024-01-03,15000,
Chroma Evergun,2024-01-08,13000,
Chroma Evergun,2024-01-12,12000,
Chroma Evergun,2024-01-22,11500,
Chroma Evergun,2024-01-26,11000,
Chroma Evergun,2024-02-02,12000,
Chroma Evergun,2024-02-03,13000,
Chroma Evergun,2024-02-07,17000,
Chroma Evergun,2024-02-10,24000,
Chroma Evergun,2024-02-14,32000,
Chroma Evergun,2024-02-17,35000,
Chroma Evergun,2024-02-22,36000,
Chroma Evergun,2024-02-26,37000,
Chroma Evergun,2024-03-06,36000,
Chroma Evergun,2024-03-11,34000,
Chroma Evergun,2024-03-14,33000,
Chroma Evergun,2024-03-18,31000,
Chroma Evergun,2024-03-25,30000,
Chroma Evergun,2024-03-29,28000,
Chroma Evergun,2024-04-03,26000,
Chroma Evergun,2024-04-08,25000,
Chroma Evergun,2024-04-10,24000,
Chroma Evergun,2024-04-11,23000,
Chroma Evergun,2024-04-15,22000,
Chroma Evergun,2024-04-21,21000,
Chroma Evergun,2024-04-24,18000,
Chroma Evergun,2024-05-01,17500,
Chroma Evergun,2024-05-22,18000,
Chroma Evergun,2024-06-03,18500,
Chroma Evergun,2024-06-08,19500,
Chroma Evergun,2024-06-10,20000,
Chroma Evergun,2024-06-14,22000,
Chroma Evergun,2024-06-15,23000,
Chroma Evergun,2024-06-19,24000,
Chroma Evergun,2024-06-28,25000,
Chroma Evergun,2024-07-14,24000,
Chroma Evergun,2024-07-15,22000,
Chroma Evergun,2024-07-21,21000,
Chroma Evergun,2024-07-25,20000,
Chroma Evergun,2024-07-29,18000,
Chroma Evergun,2024-07-31,16000,
Chroma Evergun,2024-08-02,15500,
Chroma Evergun,2024-08-04,15000,
Chroma Evergun,2024-08-11,16000,
Chroma Evergun,2024-08-14,18000,
Chroma Evergun,2024-08-16,20000,
Chroma Evergun,2024-08-18,20500,
Chroma Evergun,2024-08-22,21000,
Chroma Evergun,2024-08-26,22000,
Chroma Evergun,2024-08-29,23000,
Chroma Evergun,2024-08-31,24000,
Chroma Evergun,2024-09-12,25000,
Chroma Evergun,2024-09-27,24500,
Chroma Evergun,2024-09-29,24000,
Chroma Evergun,2024-10-11,25000,
Chroma Evergun,2024-10-28,26000,
Chroma Evergun,2024-11-02,26500,
Chroma Evergun,2024-11-08,27000,
Chroma Evergun,2024-11-15,30000,
Chroma Evergun,2024-11-18,35000,
Chroma Evergun,2024-11-24,37000,
Chroma Evergun,2024-11-26,38000,
Chroma Evergun,2024-12-02,40000,
Chroma Evergun,2024-12-20,42000,
Chroma Evergun,2024-12-24,43000,
Chroma Evergun,2024-12-26,44000,
Chroma Evergun,2024-12-29,46000,
Chroma Evergun,2025-01-03,47000,
Chroma Evergun,2025-01-06,48000,
Chroma Evergun,2025-02-28,49000,
Chroma Evergun,2025-03-19,50000,
Chroma Evergun,2025-03-29,51000,
Chroma Evergun,2025-04-06,53000,
Chroma Evergun,2025-04-15,54000,
Chroma Evergun,2025-04-20,55000,
Chroma Evergun,2025-05-21,56000,
Chroma Evergun,2025-06-17,57000,
Chroma Evergun,2025-11-24,57000,8
Chroma Evergun,2025-11-25,57000,8
Chroma Evergun,2025-11-30,57000,8
Chroma Evergun,2025-12-04,58000,
Chroma Evergun,2025-12-11,60000,
Chroma Evergun,2025-12-15,61000,
Chroma Evergun,2025-12-17,62000,
Chroma Evergun,2025-12-18,63000,
Chroma Evergun,2025-12-19,64000,
Chroma Evergun,2025-12-21,65000,
Chroma Evergun,2025-12-23,65000,8
Chroma Evergun,2025-12-24,66000,
Chroma Evergun,2025-12-26,66000,8
Chroma Evergun,2025-12-27,67000,
Chroma Evergun,2025-12-29,68000,
Chroma Evergun,2025-12-30,68000,8
Chroma Evergun,2026-01-01,69000,
Chroma Evergun,2026-01-04,70000,
Chroma Evergun,2026-01-06,71000,
Chroma Evergun,2026-01-14,72000,
Chroma Evergun,2026-01-16,73000,
Chroma Evergun,2026-01-17,73000,8
Chroma Evergun,2026-01-18,74000,
Chroma Evergun,2026-01-20,75000,
Chroma Evergun,2026-01-22,76000,
Chroma Evergun,2026-01-24,77000,
Chroma Evergun,2026-01-27,78000,
Chroma Evergun,2026-01-28,78000,8
Chroma Evergun,2026-01-31,79000,
Chroma Evergun,2026-02-01,80000,
Chroma Evergun,2026-02-04,81000,
Chroma Evergun,2026-02-06,82000,
Chroma Evergun,2026-02-08,83000,
Chroma Evergun,2026-02-10,84000,
Chroma Evergun,2026-02-15,85000,
Chroma Evergun,2026-02-16,87000,
Chroma Evergun,2026-02-17,88000,
Chroma Evergun,2026-02-19,89000,
Chroma Evergun,2026-02-21,90000,
Chroma Evergun,2026-02-23,91000,
Chroma Evergun,2026-02-27,92000,
Chroma Evergun,2026-03-01,93000,
Chroma Evergun,2026-03-04,94000,
Chroma Evergun,2026-03-06,95000,
Chroma Evergun,2026-03-09,96000,
Chroma Evergun,2026-03-11,97000,
Chroma Evergun,2026-03-14,98000,
Chroma Evergun,2026-03-16,99000,
Chroma Evergun,2026-03-19,100000,
Chroma Evergun,2026-03-21,101000,
Chroma Evergun,2026-03-24,102000,
Chroma Evergun,2026-03-26,103000,
Chroma Evergun,2026-03-30,104000,
Chroma Evergun,2026-04-14,104000,8
Chroma Evergun,2026-04-20,104000,8
Chroma Evergun,2026-04-22,104000,8
Chroma Evergun,2026-04-24,104000,8
Chroma Evergun,2026-04-27,104000,8
Chroma Evergun,2026-04-28,103000,
Chroma Evergun,2026-05-01,102000,
Chroma Evergun,2026-05-02,102000,8
Chroma Evergun,2026-05-03,101000,
Chroma Evergun,2026-05-06,100000,
Chroma Evergun,2026-05-08,98000,
Chroma Evergun,2026-05-09,98000,8
Chroma Evergun,2026-05-11,90000,
Chroma Evergun,2026-05-12,90000,8
Chroma Evergun,2026-05-14,85000,
Chroma Evergun,2026-05-17,83000,
Chroma Evergun,2026-05-18,80000,
Chroma Evergun,2026-05-19,80000,8
Chroma Evergun,2026-05-21,78000,
Chroma Evergun,2026-05-24,77000,
Chroma Evergun,2026-05-25,76000,
Chroma Evergun,2026-06-14,76000,8
Chroma Evergun,2026-06-21,76000,8
Chroma Evergun,2026-06-22,76000,8
Chroma Evergun,2026-06-26,76000,8
Chroma Evergun,2026-06-28,76000,8
Chroma Evergun,2026-07-02,76000,8
Chroma Evergun,2026-07-03,76000,8
Chroma Evergun,2026-07-05,76000,8
Chroma Evergun,2026-07-06,76000,8
Chroma Evergun,2026-07-12,75000,
Chroma Evergun,2026-07-14,75000,8
Chroma Evergun,2026-07-24,75000,8
Chroma Evergun,2026-07-25,75000,8
Chroma Evergun,2026-07-27,75000,8
Chroma Evergun,2026-07-28,75000,8
Chroma Evergun,2026-07-30,75000,8
Chroma Evergun,2026-07-31,75000,8
Chroma Evergun,2026-08-03,75000,8
Chroma Evergun,2026-08-04,75000,8
Chroma Evergun,2026-08-05,75000,8
Chroma Evergun,2026-08-06,75000,8
Chroma Evergun,2026-08-07,75000,8
Chroma Evergun,2026-08-08,75000,8
Chroma Evergun,2026-08-09,75000,8
Chroma Evergun,2026-08-10,75000,8
Chroma Evergun,2026-08-11,75000,8
Chroma Evergun,2026-08-13,75000,8
Chroma Evergun,2026-08-14,75000,8
Chroma Evergun,2026-08-15,75000,8
Chroma Evergun,2026-08-16,75000,8
Chroma Evergun,2026-08-17,75000,8
Chroma Evergun,2026-08-18,75000,8
Chroma Evergun,2026-08-19,75000,8
Chroma Evergun,2026-08-20,75000,8
Chroma Evergun,2026-08-21,75000,8
Chroma Evergun,2026-08-22,75000,8
Chroma Evergun,2026-08-24,75000,8
Chroma Evergun,2026-08-25,75000,8
Chroma Evergun,2026-09-01,74000,
Chroma Evergun,2026-09-02,73000,
Chroma Evergun,2026-09-03,73000,8
Chroma Evergun,2026-09-04,72000,
Chroma Evergun,2026-09-05,72000,8
Chroma Evergun,2026-09-06,72000,8
Chroma Evergun,2026-09-07,70000,
Chroma Evergun,2026-09-09,68000,
Chroma Evergun,2026-09-12,66000,
Chroma Evergun,2026-09-13,64000,
Chroma Evergun,2026-09-15,62000,
Chroma Evergun,2026-09-16,60000,
Chroma Evergun,2026-09-17,60000,7
Chroma Evergun,2026-09-18,60000,7
Chroma Evergun,2026-09-19,58000,7
Chroma Evergun,2026-09-20,58000,7
Chroma Fang,2020-08-26,400,
Chroma Fang,2020-10-04,380,
Chroma Fang,2020-10-15,350,
Chroma Fang,2020-10-31,280,
Chroma Fang,2020-11-10,250,
Chroma Fang,2020-11-17,230,
Chroma Fang,2020-11-26,190,
Chroma Fang,2020-12-03,140,
Chroma Fang,2020-12-14,115,
Chroma Fang,2021-01-22,100,
Chroma Fang,2021-01-26,85,
Chroma Fang,2021-05-07,65,
Chroma Fang,2021-05-12,60,
Chroma Fang,2021-06-13,55,
Chroma Fang,2021-06-28,45,
Chroma Fang,2021-07-18,38,
Chroma Fang,2021-08-17,45,
Chroma Fang,2021-08-23,55,
Chroma Fang,2021-09-05,75,
Chroma Fang,2021-09-09,85,
Chroma Fang,2021-10-02,95,
Chroma Fang,2021-10-25,115,
Chroma Fang,2021-11-22,130,
Chroma Fang,2021-11-28,140,
Chroma Fang,2021-12-13,150,
Chroma Fang,2022-01-08,155,
Chroma Fang,2022-02-03,165,
Chroma Fang,2022-02-16,170,
Chroma Fang,2022-03-07,185,
Chroma Fang,2022-03-14,195,
Chroma Fang,2022-04-02,210,
Chroma Fang,2022-04-06,215,
Chroma Fang,2022-05-19,235,
Chroma Fang,2022-05-26,240,
Chroma Fang,2022-06-06,250,
Chroma Fang,2022-06-18,260,
Chroma Fang,2022-06-20,265,
Chroma Fang,2022-07-06,285,
Chroma Fang,2022-07-11,305,
Chroma Fang,2022-07-28,320,
Chroma Fang,2022-08-11,330,
Chroma Fang,2022-08-27,315,
Chroma Fang,2022-08-30,300,
Chroma Fang,2022-09-03,280,
Chroma Fang,2022-09-11,250,
Chroma Fang,2022-09-14,225,
Chroma Fang,2022-09-18,200,
Chroma Fang,2022-09-30,180,
Chroma Fang,2022-10-12,185,
Chroma Fang,2022-10-18,195,
Chroma Fang,2022-10-20,200,
Chroma Fang,2022-10-22,205,
Chroma Fang,2022-10-29,210,
Chroma Fang,2022-10-30,220,
Chroma Fang,2022-11-26,225,
Chroma Fang,2022-12-17,220,
Chroma Fang,2022-12-18,210,
Chroma Fang,2022-12-23,205,
Chroma Fang,2022-12-27,200,
Chroma Fang,2023-01-17,180,
Chroma Fang,2023-01-21,175,
Chroma Fang,2023-03-19,170,
Chroma Fang,2023-03-30,160,
Chroma Fang,2023-05-13,165,
Chroma Fang,2023-05-20,170,
Chroma Fang,2023-05-27,175,
Chroma Fang,2023-06-01,180,
Chroma Fang,2023-06-07,185,
Chroma Fang,2023-06-12,190,
Chroma Fang,2023-07-11,185,
Chroma Fang,2023-07-15,175,
Chroma Fang,2023-07-19,170,
Chroma Fang,2023-07-27,160,
Chroma Fang,2023-08-01,150,
Chroma Fang,2023-09-06,140,
Chroma Fang,2023-09-11,135,
Chroma Fang,2023-09-27,130,
Chroma Fang,2023-10-01,120,
Chroma Fang,2023-10-15,110,
Chroma Fang,2023-11-09,105,
Chroma Fang,2023-12-03,100,
Chroma Fang,2024-01-02,90,
Chroma Fang,2024-01-26,80,
Chroma Fang,2024-03-29,65,
Chroma Fang,2024-07-06,60,
Chroma Fang,2024-09-23,58,
Chroma Fang,2024-10-16,55,
Chroma Fang,2025-02-07,60,
Chroma Fang,2025-05-21,55,
Chroma Fang,2025-09-28,50,
Chroma Fang,2025-11-04,45,
Chroma Fang,2025-11-24,45,2
Chroma Fang,2025-11-25,45,2
Chroma Fang,2025-11-30,45,2
Chroma Fang,2025-12-04,45,2
Chroma Fang,2025-12-21,45,2
Chroma Fang,2025-12-23,45,2
Chroma Fang,2025-12-24,45,2
Chroma Fang,2025-12-26,45,2
Chroma Fang,2025-12-30,45,2
Chroma Fang,2026-01-01,45,2
Chroma Fang,2026-01-17,45,2
Chroma Fang,2026-01-28,45,2
Chroma Fang,2026-03-06,45,2
Chroma Fang,2026-03-14,42,
Chroma Fang,2026-03-21,42,2
Chroma Fang,2026-04-14,42,2
Chroma Fang,2026-04-20,42,2
Chroma Fang,2026-04-22,42,2
Chroma Fang,2026-04-24,42,2
Chroma Fang,2026-04-27,42,2
Chroma Fang,2026-04-28,38,
Chroma Fang,2026-05-02,38,2
Chroma Fang,2026-05-03,38,2
Chroma Fang,2026-05-06,38,2
Chroma Fang,2026-05-09,38,2
Chroma Fang,2026-05-12,38,2
Chroma Fang,2026-05-14,38,2
Chroma Fang,2026-05-17,38,2
Chroma Fang,2026-05-19,38,2
Chroma Fang,2026-05-21,38,2
Chroma Fang,2026-05-24,35,
Chroma Fang,2026-06-14,35,1
Chroma Fang,2026-06-17,32,
Chroma Fang,2026-06-21,32,1
Chroma Fang,2026-06-22,32,1
Chroma Fang,2026-06-26,32,1
Chroma Fang,2026-06-28,32,1
Chroma Fang,2026-07-02,32,1
Chroma Fang,2026-07-03,32,1
Chroma Fang,2026-07-05,32,1
Chroma Fang,2026-07-06,32,1
Chroma Fang,2026-07-12,32,1
Chroma Fang,2026-07-14,32,1
Chroma Fang,2026-07-24,32,1
Chroma Fang,2026-07-25,32,1
Chroma Fang,2026-07-27,32,1
Chroma Fang,2026-07-28,32,1
Chroma Fang,2026-07-30,32,1
Chroma Fang,2026-07-31,32,1
Chroma Fang,2026-08-03,32,1
Chroma Fang,2026-08-04,32,1
Chroma Fang,2026-08-05,32,1
Chroma Fang,2026-08-06,32,1
Chroma Fang,2026-08-07,32,1
Chroma Fang,2026-08-08,32,1
Chroma Fang,2026-08-09,32,1
Chroma Fang,2026-08-10,32,1
Chroma Fang,2026-08-11,32,1
Chroma Fang,2026-08-13,32,1
Chroma Fang,2026-08-14,32,1
Chroma Fang,2026-08-15,32,1
Chroma Fang,2026-08-16,32,1
Chroma Fang,2026-08-17,32,1
Chroma Fang,2026-08-18,32,1
Chroma Fang,2026-08-19,32,1
Chroma Fang,2026-08-20,32,1
Chroma Fang,2026-08-21,32,1
Chroma Fang,2026-08-22,32,1
Chroma Fang,2026-08-24,32,1
Chroma Fang,2026-08-25,32,1
Chroma Fang,2026-09-02,32,1
Chroma Fang,2026-09-03,32,1
Chroma Fang,2026-09-04,32,1
Chroma Fang,2026-09-05,32,1
Chroma Fang,2026-09-06,32,1
Chroma Fang,2026-09-07,32,1
Chroma Fang,2026-09-12,32,1
Chroma Fang,2026-09-17,32,1
Chroma Fang,2026-09-18,32,1
Chroma Fang,2026-09-19,32,1
Chroma Fang,2026-09-20,32,1
Chroma Fire Bat,2020-08-26,2500,
Chroma Fire Bat,2020-09-19,750,
Chroma Fire Bat,2020-10-04,600,
Chroma Fire Bat,2020-10-15,500,
Chroma Fire Bat,2020-11-17,340,
Chroma Fire Bat,2020-11-26,290,
Chroma Fire Bat,2020-12-03,240,
Chroma Fire Bat,2020-12-14,220,
Chroma Fire Bat,2021-01-26,185,
Chroma Fire Bat,2021-09-05,125,
Chroma Fire Bat,2021-11-22,100,
Chroma Fire Bat,2021-11-23,90,
Chroma Fire Bat,2021-11-28,75,
Chroma Fire Bat,2021-12-13,50,
Chroma Fire Bat,2022-01-08,40,
Chroma Fire Bat,2022-02-03,35,
Chroma Fire Bat,2022-12-02,28,
Chroma Fire Bat,2023-06-01,22,
Chroma Fire Bat,2023-09-08,18,
Chroma Fire Bat,2024-03-29,15,
Chroma Fire Bat,2025-04-13,17,
Chroma Fire Bat,2025-09-17,15,
Chroma Fire Bat,2026-01-11,13,
Chroma Fire Bat,2026-01-14,10,
Chroma Fire Bat,2026-02-15,8,
Chroma Fire Bat,2026-03-14,7,
Chroma Fire Bat,2026-05-24,5,
Chroma Fire Bat,2026-07-07,4,
Chroma Fire Bat,2026-07-21,3,
Chroma Fire Bear,2020-08-26,700,
Chroma Fire Bear,2020-09-19,400,
Chroma Fire Bear,2020-10-04,350,
Chroma Fire Bear,2020-10-15,260,
Chroma Fire Bear,2020-11-17,200,
Chroma Fire Bear,2020-11-26,190,
Chroma Fire Bear,2020-12-03,160,
Chroma Fire Bear,2020-12-14,150,
Chroma Fire Bear,2021-01-26,115,
Chroma Fire Bear,2021-09-05,90,
Chroma Fire Bear,2021-11-22,70,
Chroma Fire Bear,2021-11-23,60,
Chroma Fire Bear,2021-11-28,45,
Chroma Fire Bear,2021-12-13,30,
Chroma Fire Bear,2022-01-08,25,
Chroma Fire Bear,2022-09-03,20,
Chroma Fire Bear,2023-06-01,15,
Chroma Fire Bear,2023-09-08,10,
Chroma Fire Bear,2024-03-29,12,
Chroma Fire Bear,2025-09-17,10,
Chroma Fire Bear,2026-02-15,8,
Chroma Fire Bear,2026-03-14,7,
Chroma Fire Bear,2026-05-24,5,
Chroma Fire Bear,2026-07-07,4,
Chroma Fire Bear,2026-07-21,3,
Chroma Fire Bunny,2020-08-26,3400,
Chroma Fire Bunny,2020-09-19,1100,
Chroma Fire Bunny,2020-10-04,1000,
Chroma Fire Bunny,2020-10-15,650,
Chroma Fire Bunny,2020-11-17,500,
Chroma Fire Bunny,2020-11-26,420,
Chroma Fire Bunny,2020-12-03,350,
Chroma Fire Bunny,2020-12-14,320,
Chroma Fire Bunny,2021-01-26,215,
Chroma Fire Bunny,2021-09-05,150,
Chroma Fire Bunny,2021-11-22,120,
Chroma Fire Bunny,2021-11-23,110,
Chroma Fire Bunny,2021-11-28,90,
Chroma Fire Bunny,2021-12-13,65,
Chroma Fire Bunny,2022-01-08,55,
Chroma Fire Bunny,2022-02-03,45,
Chroma Fire Bunny,2022-09-03,40,
Chroma Fire Bunny,2022-12-02,32,
Chroma Fire Bunny,2023-06-01,28,
Chroma Fire Bunny,2023-09-08,22,
Chroma Fire Bunny,2024-03-29,20,
Chroma Fire Bunny,2025-04-13,18,
Chroma Fire Bunny,2025-07-05,17,
Chroma Fire Bunny,2025-09-17,15,
Chroma Fire Bunny,2025-09-23,13,
Chroma Fire Bunny,2026-01-11,12,
Chroma Fire Bunny,2026-01-14,10,
Chroma Fire Bunny,2026-02-15,8,
Chroma Fire Bunny,2026-03-14,7,
Chroma Fire Bunny,2026-05-24,5,
Chroma Fire Bunny,2026-07-07,4,
Chroma Fire Bunny,2026-07-21,3,
Chroma Fire Cat,2020-08-26,1500,
Chroma Fire Cat,2020-09-19,700,
Chroma Fire Cat,2020-10-04,600,
Chroma Fire Cat,2020-10-15,500,
Chroma Fire Cat,2020-11-17,340,
Chroma Fire Cat,2020-11-26,290,
Chroma Fire Cat,2020-12-03,240,
Chroma Fire Cat,2020-12-14,220,
Chroma Fire Cat,2021-01-26,185,
Chroma Fire Cat,2021-09-05,130,
Chroma Fire Cat,2021-11-22,110,
Chroma Fire Cat,2021-11-23,105,
Chroma Fire Cat,2021-11-28,85,
Chroma Fire Cat,2021-12-13,55,
Chroma Fire Cat,2022-01-08,45,
Chroma Fire Cat,2022-02-03,40,
Chroma Fire Cat,2022-09-03,35,
Chroma Fire Cat,2023-06-01,30,
Chroma Fire Cat,2023-09-08,25,
Chroma Fire Cat,2024-03-29,20,
Chroma Fire Cat,2025-07-05,18,
Chroma Fire Cat,2025-09-17,13,
Chroma Fire Cat,2026-01-11,12,
Chroma Fire Cat,2026-01-14,10,
Chroma Fire Cat,2026-02-15,8,
Chroma Fire Cat,2026-03-14,7,
Chroma Fire Cat,2026-05-24,5,
Chroma Fire Cat,2026-07-07,4,
Chroma Fire Cat,2026-07-21,3,
Chroma Fire Dog,2020-08-26,400,
Chroma Fire Dog,2020-09-19,275,
Chroma Fire Dog,2020-10-04,250,
Chroma Fire Dog,2020-10-15,210,
Chroma Fire Dog,2020-10-31,235,
Chroma Fire Dog,2020-11-01,225,
Chroma Fire Dog,2020-11-17,180,
Chroma Fire Dog,2020-11-26,175,
Chroma Fire Dog,2020-12-03,150,
Chroma Fire Dog,2020-12-14,140,
Chroma Fire Dog,2021-01-26,100,
Chroma Fire Dog,2021-09-05,80,
Chroma Fire Dog,2021-11-22,50,
Chroma Fire Dog,2021-11-23,40,
Chroma Fire Dog,2021-11-28,30,
Chroma Fire Dog,2021-12-13,25,
Chroma Fire Dog,2022-01-08,20,
Chroma Fire Dog,2022-08-11,18,
Chroma Fire Dog,2022-09-03,15,
Chroma Fire Dog,2022-12-02,25,
Chroma Fire Dog,2023-06-01,20,
Chroma Fire Dog,2023-09-08,15,
Chroma Fire Dog,2024-03-29,18,
Chroma Fire Dog,2025-07-05,17,
Chroma Fire Dog,2025-09-17,15,
Chroma Fire Dog,2026-01-11,13,
Chroma Fire Dog,2026-01-14,10,
Chroma Fire Dog,2026-02-15,8,
Chroma Fire Dog,2026-03-14,7,
Chroma Fire Dog,2026-05-24,5,
Chroma Fire Dog,2026-07-07,4,
Chroma Fire Dog,2026-07-21,3,
Chroma Fire Fox,2020-08-26,1000,
Chroma Fire Fox,2020-09-19,500,
Chroma Fire Fox,2020-10-04,450,
Chroma Fire Fox,2020-10-15,350,
Chroma Fire Fox,2020-11-17,250,
Chroma Fire Fox,2020-11-26,230,
Chroma Fire Fox,2020-12-03,215,
Chroma Fire Fox,2020-12-14,200,
Chroma Fire Fox,2021-01-26,155,
Chroma Fire Fox,2021-09-05,115,
Chroma Fire Fox,2021-11-22,90,
Chroma Fire Fox,2021-11-23,80,
Chroma Fire Fox,2021-11-28,65,
Chroma Fire Fox,2021-12-13,40,
Chroma Fire Fox,2022-01-08,30,
Chroma Fire Fox,2023-06-01,25,
Chroma Fire Fox,2023-09-08,20,
Chroma Fire Fox,2024-03-29,17,
Chroma Fire Fox,2025-04-13,15,
Chroma Fire Fox,2025-07-05,13,
Chroma Fire Fox,2025-09-17,12,
Chroma Fire Fox,2026-01-11,10,
Chroma Fire Fox,2026-02-15,8,
Chroma Fire Fox,2026-03-14,7,
Chroma Fire Fox,2026-05-24,5,
Chroma Fire Fox,2026-07-07,4,
Chroma Fire Fox,2026-07-21,3,
Chroma Fire Pig,2020-08-26,750,
Chroma Fire Pig,2020-09-19,450,
Chroma Fire Pig,2020-10-04,400,
Chroma Fire Pig,2020-10-15,300,
Chroma Fire Pig,2020-11-17,210,
Chroma Fire Pig,2020-11-26,200,
Chroma Fire Pig,2020-12-03,180,
Chroma Fire Pig,2020-12-14,170,
Chroma Fire Pig,2021-01-26,135,
Chroma Fire Pig,2021-09-05,105,
Chroma Fire Pig,2021-11-22,85,
Chroma Fire Pig,2021-11-23,75,
Chroma Fire Pig,2021-11-28,60,
Chroma Fire Pig,2021-12-13,40,
Chroma Fire Pig,2022-01-08,30,
Chroma Fire Pig,2022-08-11,25,
Chroma Fire Pig,2022-12-02,22,
Chroma Fire Pig,2023-06-01,18,
Chroma Fire Pig,2023-09-08,12,
Chroma Fire Pig,2024-03-29,13,
Chroma Fire Pig,2025-09-17,10,
Chroma Fire Pig,2026-02-15,8,
Chroma Fire Pig,2026-03-14,7,
Chroma Fire Pig,2026-05-24,5,
Chroma Fire Pig,2026-07-07,4,
Chroma Fire Pig,2026-07-21,3,
Chroma Gemstone,2020-08-26,310,
Chroma Gemstone,2020-10-04,290,
Chroma Gemstone,2020-10-15,270,
Chroma Gemstone,2020-10-31,220,
Chroma Gemstone,2020-11-10,200,
Chroma Gemstone,2020-11-17,190,
Chroma Gemstone,2020-11-26,160,
Chroma Gemstone,2020-12-03,110,
Chroma Gemstone,2020-12-14,95,
Chroma Gemstone,2021-01-22,80,
Chroma Gemstone,2021-01-26,65,
Chroma Gemstone,2021-04-26,60,
Chroma Gemstone,2021-05-07,55,
Chroma Gemstone,2021-06-28,45,
Chroma Gemstone,2021-07-18,40,
Chroma Gemstone,2021-08-17,60,
Chroma Gemstone,2021-08-23,80,
Chroma Gemstone,2021-09-05,115,
Chroma Gemstone,2021-09-09,125,
Chroma Gemstone,2021-10-02,140,
Chroma Gemstone,2021-10-25,160,
Chroma Gemstone,2021-11-22,175,
Chroma Gemstone,2021-11-23,190,
Chroma Gemstone,2021-11-28,195,
Chroma Gemstone,2021-12-13,205,
Chroma Gemstone,2022-01-08,215,
Chroma Gemstone,2022-01-16,220,
Chroma Gemstone,2022-02-03,225,
Chroma Gemstone,2022-02-16,235,
Chroma Gemstone,2022-03-07,250,
Chroma Gemstone,2022-03-14,270,
Chroma Gemstone,2022-04-02,290,
Chroma Gemstone,2022-04-06,300,
Chroma Gemstone,2022-05-19,325,
Chroma Gemstone,2022-05-26,335,
Chroma Gemstone,2022-06-06,350,
Chroma Gemstone,2022-06-18,370,
Chroma Gemstone,2022-06-20,380,
Chroma Gemstone,2022-07-06,400,
Chroma Gemstone,2022-07-11,425,
Chroma Gemstone,2022-07-28,450,
Chroma Gemstone,2022-08-11,460,
Chroma Gemstone,2022-08-27,440,
Chroma Gemstone,2022-08-30,420,
Chroma Gemstone,2022-09-03,400,
Chroma Gemstone,2022-09-11,375,
Chroma Gemstone,2022-09-14,350,
Chroma Gemstone,2022-09-18,260,
Chroma Gemstone,2022-09-30,240,
Chroma Gemstone,2022-10-18,245,
Chroma Gemstone,2022-10-20,250,
Chroma Gemstone,2022-10-22,265,
Chroma Gemstone,2022-10-29,275,
Chroma Gemstone,2022-10-30,290,
Chroma Gemstone,2022-12-18,275,
Chroma Gemstone,2023-01-06,270,
Chroma Gemstone,2023-01-17,250,
Chroma Gemstone,2023-01-21,240,
Chroma Gemstone,2023-02-05,230,
Chroma Gemstone,2023-03-09,220,
Chroma Gemstone,2023-03-19,210,
Chroma Gemstone,2023-03-30,200,
Chroma Gemstone,2023-05-13,205,
Chroma Gemstone,2023-05-20,210,
Chroma Gemstone,2023-05-27,220,
Chroma Gemstone,2023-06-01,225,
Chroma Gemstone,2023-06-02,230,
Chroma Gemstone,2023-06-07,250,
Chroma Gemstone,2023-06-12,260,
Chroma Gemstone,2023-06-13,270,
Chroma Gemstone,2023-06-21,275,
Chroma Gemstone,2023-06-25,280,
Chroma Gemstone,2023-07-15,270,
Chroma Gemstone,2023-07-19,260,
Chroma Gemstone,2023-07-27,250,
Chroma Gemstone,2023-08-01,240,
Chroma Gemstone,2023-08-05,230,
Chroma Gemstone,2023-08-20,225,
Chroma Gemstone,2023-09-11,220,
Chroma Gemstone,2023-09-27,210,
Chroma Gemstone,2023-10-15,200,
Chroma Gemstone,2023-10-26,190,
Chroma Gemstone,2023-10-28,175,
Chroma Gemstone,2023-11-09,160,
Chroma Gemstone,2023-12-20,150,
Chroma Gemstone,2024-01-02,140,
Chroma Gemstone,2024-03-11,135,
Chroma Gemstone,2024-03-18,130,
Chroma Gemstone,2024-03-29,110,
Chroma Gemstone,2024-04-15,105,
Chroma Gemstone,2024-04-24,90,
Chroma Gemstone,2024-05-07,85,
Chroma Gemstone,2024-05-15,80,
Chroma Gemstone,2024-05-20,75,
Chroma Gemstone,2024-07-06,70,
Chroma Gemstone,2024-08-08,72,
Chroma Gemstone,2024-08-22,73,
Chroma Gemstone,2024-09-23,70,
Chroma Gemstone,2024-10-16,65,
Chroma Gemstone,2025-02-09,60,
Chroma Gemstone,2025-04-13,55,
Chroma Gemstone,2025-05-21,50,
Chroma Gemstone,2025-11-04,45,
Chroma Gemstone,2025-11-24,45,2
Chroma Gemstone,2025-11-25,45,2
Chroma Gemstone,2025-11-30,45,2
Chroma Gemstone,2025-12-04,45,2
Chroma Gemstone,2025-12-21,45,2
Chroma Gemstone,2025-12-23,45,2
Chroma Gemstone,2025-12-24,45,2
Chroma Gemstone,2025-12-26,45,2
Chroma Gemstone,2025-12-30,45,2
Chroma Gemstone,2026-01-01,45,2
Chroma Gemstone,2026-01-17,45,2
Chroma Gemstone,2026-01-28,45,2
Chroma Gemstone,2026-03-06,45,2
Chroma Gemstone,2026-03-11,42,
Chroma Gemstone,2026-03-14,38,
Chroma Gemstone,2026-03-21,38,2
Chroma Gemstone,2026-04-14,38,2
Chroma Gemstone,2026-04-20,38,2
Chroma Gemstone,2026-04-22,38,2
Chroma Gemstone,2026-04-24,38,2
Chroma Gemstone,2026-04-27,38,2
Chroma Gemstone,2026-04-28,35,
Chroma Gemstone,2026-05-02,35,2
Chroma Gemstone,2026-05-03,35,2
Chroma Gemstone,2026-05-06,35,2
Chroma Gemstone,2026-05-09,35,2
Chroma Gemstone,2026-05-12,35,2
Chroma Gemstone,2026-05-14,35,2
Chroma Gemstone,2026-05-17,35,2
Chroma Gemstone,2026-05-19,35,2
Chroma Gemstone,2026-05-21,35,2
Chroma Gemstone,2026-05-24,32,
Chroma Gemstone,2026-06-14,32,1
Chroma Gemstone,2026-06-21,32,1
Chroma Gemstone,2026-06-22,32,1
Chroma Gemstone,2026-06-26,32,1
Chroma Gemstone,2026-06-28,32,1
Chroma Gemstone,2026-07-02,32,1
Chroma Gemstone,2026-07-03,32,1
Chroma Gemstone,2026-07-05,32,1
Chroma Gemstone,2026-07-06,32,1
Chroma Gemstone,2026-07-12,32,1
Chroma Gemstone,2026-07-14,32,1
Chroma Gemstone,2026-07-24,32,1
Chroma Gemstone,2026-07-25,32,1
Chroma Gemstone,2026-07-27,32,1
Chroma Gemstone,2026-07-28,32,1
Chroma Gemstone,2026-07-30,32,1
Chroma Gemstone,2026-07-31,32,1
Chroma Gemstone,2026-08-03,32,1
Chroma Gemstone,2026-08-04,32,1
Chroma Gemstone,2026-08-05,32,1
Chroma Gemstone,2026-08-06,32,1
Chroma Gemstone,2026-08-07,32,1
Chroma Gemstone,2026-08-08,32,1
Chroma Gemstone,2026-08-09,32,1
Chroma Gemstone,2026-08-10,32,1
Chroma Gemstone,2026-08-11,32,1
Chroma Gemstone,2026-08-13,32,1
Chroma Gemstone,2026-08-14,32,1
Chroma Gemstone,2026-08-15,32,1
Chroma Gemstone,2026-08-16,32,1
Chroma Gemstone,2026-08-17,32,1
Chroma Gemstone,2026-08-18,32,1
Chroma Gemstone,2026-08-19,32,1
Chroma Gemstone,2026-08-20,32,1
Chroma Gemstone,2026-08-21,32,1
Chroma Gemstone,2026-08-22,32,1
Chroma Gemstone,2026-08-24,32,1
Chroma Gemstone,2026-08-25,32,1
Chroma Gemstone,2026-09-02,32,1
Chroma Gemstone,2026-09-03,32,1
Chroma Gemstone,2026-09-04,32,1
Chroma Gemstone,2026-09-05,32,1
Chroma Gemstone,2026-09-06,32,1
Chroma Gemstone,2026-09-07,32,1
Chroma Gemstone,2026-09-12,32,1
Chroma Gemstone,2026-09-17,32,1
Chroma Gemstone,2026-09-18,32,1
Chroma Gemstone,2026-09-19,32,1
Chroma Gemstone,2026-09-20,32,1
Chroma Gingerblade,2020-08-26,150,
Chroma Gingerblade,2020-10-31,130,
Chroma Gingerblade,2020-11-17,120,
Chroma Gingerblade,2020-11-26,105,
Chroma Gingerblade,2020-12-03,80,
Chroma Gingerblade,2020-12-14,65,
Chroma Gingerblade,2021-01-22,60,
Chroma Gingerblade,2021-01-26,45,
Chroma Gingerblade,2021-05-07,35,
Chroma Gingerblade,2021-06-13,30,
Chroma Gingerblade,2021-06-28,25,
Chroma Gingerblade,2021-09-09,30,
Chroma Gingerblade,2021-10-02,33,
Chroma Gingerblade,2021-10-25,45,
Chroma Gingerblade,2021-11-22,50,
Chroma Gingerblade,2022-01-08,55,
Chroma Gingerblade,2022-02-03,60,
Chroma Gingerblade,2022-03-07,65,
Chroma Gingerblade,2022-03-14,70,
Chroma Gingerblade,2022-04-02,80,
Chroma Gingerblade,2022-04-06,85,
Chroma Gingerblade,2022-05-19,105,
Chroma Gingerblade,2022-05-26,110,
Chroma Gingerblade,2022-06-06,115,
Chroma Gingerblade,2022-06-18,130,
Chroma Gingerblade,2022-06-20,135,
Chroma Gingerblade,2022-07-06,140,
Chroma Gingerblade,2022-07-11,145,
Chroma Gingerblade,2022-07-28,155,
Chroma Gingerblade,2022-08-27,135,
Chroma Gingerblade,2022-08-30,100,
Chroma Gingerblade,2022-09-03,80,
Chroma Gingerblade,2022-09-11,70,
Chroma Gingerblade,2022-09-14,65,
Chroma Gingerblade,2022-09-18,55,
Chroma Gingerblade,2022-09-30,50,
Chroma Gingerblade,2022-10-03,45,
Chroma Gingerblade,2022-10-09,40,
Chroma Gingerblade,2022-10-29,45,
Chroma Gingerblade,2022-10-30,50,
Chroma Gingerblade,2023-05-13,55,
Chroma Gingerblade,2023-05-20,60,
Chroma Gingerblade,2023-06-01,65,
Chroma Gingerblade,2023-06-02,70,
Chroma Gingerblade,2023-06-07,80,
Chroma Gingerblade,2023-06-12,85,
Chroma Gingerblade,2023-06-18,90,
Chroma Gingerblade,2023-06-25,95,
Chroma Gingerblade,2023-07-27,90,
Chroma Gingerblade,2023-08-01,85,
Chroma Gingerblade,2023-10-01,80,
Chroma Gingerblade,2023-10-15,75,
Chroma Gingerblade,2023-12-03,70,
Chroma Gingerblade,2024-01-02,65,
Chroma Gingerblade,2024-01-26,55,
Chroma Gingerblade,2024-09-23,57,
Chroma Gingerblade,2024-10-16,58,
Chroma Gingerblade,2024-11-08,55,
Chroma Gingerblade,2025-04-15,50,
Chroma Gingerblade,2025-05-09,45,
Chroma Gingerblade,2025-09-17,40,
Chroma Gingerblade,2025-11-24,40,2
Chroma Gingerblade,2025-11-25,40,2
Chroma Gingerblade,2025-11-30,40,2
Chroma Gingerblade,2025-12-04,40,2
Chroma Gingerblade,2025-12-21,40,2
Chroma Gingerblade,2025-12-23,40,2
Chroma Gingerblade,2025-12-24,40,2
Chroma Gingerblade,2025-12-26,40,2
Chroma Gingerblade,2025-12-30,40,2
Chroma Gingerblade,2026-01-01,40,2
Chroma Gingerblade,2026-01-17,40,2
Chroma Gingerblade,2026-01-28,40,2
Chroma Gingerblade,2026-03-06,40,2
Chroma Gingerblade,2026-03-14,37,
Chroma Gingerblade,2026-03-21,37,2
Chroma Gingerblade,2026-04-14,37,2
Chroma Gingerblade,2026-04-20,37,2
Chroma Gingerblade,2026-04-22,37,2
Chroma Gingerblade,2026-04-24,37,2
Chroma Gingerblade,2026-04-27,37,2
Chroma Gingerblade,2026-04-28,33,
Chroma Gingerblade,2026-05-02,33,2
Chroma Gingerblade,2026-05-03,33,2
Chroma Gingerblade,2026-05-06,33,2
Chroma Gingerblade,2026-05-09,33,2
Chroma Gingerblade,2026-05-12,33,2
Chroma Gingerblade,2026-05-14,33,2
Chroma Gingerblade,2026-05-17,33,2
Chroma Gingerblade,2026-05-19,33,2
Chroma Gingerblade,2026-05-21,33,2
Chroma Gingerblade,2026-05-24,32,
Chroma Gingerblade,2026-06-14,32,1
Chroma Gingerblade,2026-06-21,32,1
Chroma Gingerblade,2026-06-22,32,1
Chroma Gingerblade,2026-06-26,32,1
Chroma Gingerblade,2026-06-28,32,1
Chroma Gingerblade,2026-07-02,32,1
Chroma Gingerblade,2026-07-03,32,1
Chroma Gingerblade,2026-07-05,32,1
Chroma Gingerblade,2026-07-06,32,1
Chroma Gingerblade,2026-07-07,30,
Chroma Gingerblade,2026-07-12,28,
Chroma Gingerblade,2026-07-14,28,1
Chroma Gingerblade,2026-07-21,27,
Chroma Gingerblade,2026-07-24,27,1
Chroma Gingerblade,2026-07-25,27,1
Chroma Gingerblade,2026-07-27,27,1
Chroma Gingerblade,2026-07-28,27,1
Chroma Gingerblade,2026-07-30,27,1
Chroma Gingerblade,2026-07-31,27,1
Chroma Gingerblade,2026-08-03,27,1
Chroma Gingerblade,2026-08-04,27,1
Chroma Gingerblade,2026-08-05,27,1
Chroma Gingerblade,2026-08-06,27,1
Chroma Gingerblade,2026-08-07,27,1
Chroma Gingerblade,2026-08-08,27,1
Chroma Gingerblade,2026-08-09,27,1
Chroma Gingerblade,2026-08-10,27,1
Chroma Gingerblade,2026-08-11,27,1
Chroma Gingerblade,2026-08-13,27,1
Chroma Gingerblade,2026-08-14,27,1
Chroma Gingerblade,2026-08-15,27,1
Chroma Gingerblade,2026-08-16,27,1
Chroma Gingerblade,2026-08-17,27,1
Chroma Gingerblade,2026-08-18,27,1
Chroma Gingerblade,2026-08-19,27,1
Chroma Gingerblade,2026-08-20,27,1
Chroma Gingerblade,2026-08-21,27,1
Chroma Gingerblade,2026-08-22,27,1
Chroma Gingerblade,2026-08-24,27,1
Chroma Gingerblade,2026-08-25,27,1
Chroma Gingerblade,2026-09-02,27,1
Chroma Gingerblade,2026-09-03,27,1
Chroma Gingerblade,2026-09-04,27,1
Chroma Gingerblade,2026-09-05,27,1
Chroma Gingerblade,2026-09-06,27,1
Chroma Gingerblade,2026-09-07,27,1
Chroma Gingerblade,2026-09-12,27,1
Chroma Gingerblade,2026-09-17,27,1
Chroma Gingerblade,2026-09-18,27,1
Chroma Gingerblade,2026-09-19,27,1
Chroma Gingerblade,2026-09-20,27,1
Chroma Heart Wand,2026-02-16,16500,
Chroma Heart Wand,2026-02-17,10500,
Chroma Heart Wand,2026-02-19,7500,
Chroma Heart Wand,2026-02-23,7000,
Chroma Heart Wand,2026-02-27,6500,
Chroma Heart Wand,2026-03-01,6250,
Chroma Heart Wand,2026-03-04,6750,
Chroma Heart Wand,2026-03-06,7250,
Chroma Heart Wand,2026-03-09,7500,
Chroma Heart Wand,2026-03-16,7750,
Chroma Heart Wand,2026-03-19,8000,
Chroma Heart Wand,2026-03-21,8000,6
Chroma Heart Wand,2026-03-24,7500,
Chroma Heart Wand,2026-03-26,7000,
Chroma Heart Wand,2026-03-30,6000,
Chroma Heart Wand,2026-03-31,5500,
Chroma Heart Wand,2026-04-07,5250,
Chroma Heart Wand,2026-04-11,4750,
Chroma Heart Wand,2026-04-13,4500,
Chroma Heart Wand,2026-04-14,4500,5
Chroma Heart Wand,2026-04-16,4250,
Chroma Heart Wand,2026-04-20,4250,5
Chroma Heart Wand,2026-04-21,4500,
Chroma Heart Wand,2026-04-22,4500,6
Chroma Heart Wand,2026-04-23,4750,
Chroma Heart Wand,2026-04-24,4750,6
Chroma Heart Wand,2026-04-26,5000,
Chroma Heart Wand,2026-04-27,5000,6
Chroma Heart Wand,2026-04-28,5250,
Chroma Heart Wand,2026-05-01,5500,
Chroma Heart Wand,2026-05-02,5500,6
Chroma Heart Wand,2026-05-03,5750,
Chroma Heart Wand,2026-05-06,6000,
Chroma Heart Wand,2026-05-09,6000,6
Chroma Heart Wand,2026-05-11,5750,
Chroma Heart Wand,2026-05-12,5750,5
Chroma Heart Wand,2026-05-14,5500,
Chroma Heart Wand,2026-05-17,5250,
Chroma Heart Wand,2026-05-18,5000,
Chroma Heart Wand,2026-05-19,5000,5
Chroma Heart Wand,2026-05-21,4750,
Chroma Heart Wand,2026-05-24,4750,5
Chroma Heart Wand,2026-06-14,4750,5
Chroma Heart Wand,2026-06-21,4750,5
Chroma Heart Wand,2026-06-22,4750,5
Chroma Heart Wand,2026-06-26,4750,5
Chroma Heart Wand,2026-06-27,4500,
Chroma Heart Wand,2026-06-28,4750,5
Chroma Heart Wand,2026-06-29,4750,
Chroma Heart Wand,2026-07-02,4750,5
Chroma Heart Wand,2026-07-03,4750,5
Chroma Heart Wand,2026-07-05,4750,5
Chroma Heart Wand,2026-07-06,4750,5
Chroma Heart Wand,2026-07-12,4700,
Chroma Heart Wand,2026-07-13,4500,
Chroma Heart Wand,2026-07-14,4500,5
Chroma Heart Wand,2026-07-16,4250,
Chroma Heart Wand,2026-07-24,4250,5
Chroma Heart Wand,2026-07-25,4250,5
Chroma Heart Wand,2026-07-27,4250,5
Chroma Heart Wand,2026-07-28,4250,5
Chroma Heart Wand,2026-07-30,4250,5
Chroma Heart Wand,2026-07-31,4250,5
Chroma Heart Wand,2026-08-03,4250,5
Chroma Heart Wand,2026-08-04,4250,5
Chroma Heart Wand,2026-08-05,4250,5
Chroma Heart Wand,2026-08-06,4250,5
Chroma Heart Wand,2026-08-07,4250,5
Chroma Heart Wand,2026-08-08,4250,5
Chroma Heart Wand,2026-08-09,4250,5
Chroma Heart Wand,2026-08-10,4250,5
Chroma Heart Wand,2026-08-11,4250,5
Chroma Heart Wand,2026-08-13,4250,5
Chroma Heart Wand,2026-08-14,4250,5
Chroma Heart Wand,2026-08-15,4250,5
Chroma Heart Wand,2026-08-16,4250,5
Chroma Heart Wand,2026-08-17,4250,5
Chroma Heart Wand,2026-08-18,4250,5
Chroma Heart Wand,2026-08-19,4250,5
Chroma Heart Wand,2026-08-20,4250,5
Chroma Heart Wand,2026-08-21,4250,5
Chroma Heart Wand,2026-08-22,4250,5
Chroma Heart Wand,2026-08-24,4250,5
Chroma Heart Wand,2026-08-25,4250,5
Chroma Heart Wand,2026-09-02,4250,5
Chroma Heart Wand,2026-09-03,4250,5
Chroma Heart Wand,2026-09-04,4250,5
Chroma Heart Wand,2026-09-05,4250,5
Chroma Heart Wand,2026-09-06,4250,5
Chroma Heart Wand,2026-09-07,4250,5
Chroma Heart Wand,2026-09-12,4250,5
Chroma Heart Wand,2026-09-17,4250,5
Chroma Heart Wand,2026-09-18,4250,5
Chroma Heart Wand,2026-09-19,4250,5
Chroma Heart Wand,2026-09-20,4250,5
Chroma Heat,2020-08-26,450,
Chroma Heat,2020-10-04,430,
Chroma Heat,2020-10-15,400,
Chroma Heat,2020-10-31,310,
Chroma Heat,2020-11-10,280,
Chroma Heat,2020-11-17,250,
Chroma Heat,2020-11-26,205,
Chroma Heat,2020-12-03,150,
Chroma Heat,2020-12-14,120,
Chroma Heat,2021-01-22,105,
Chroma Heat,2021-01-26,85,
Chroma Heat,2021-03-20,80,
Chroma Heat,2021-04-08,85,
Chroma Heat,2021-05-07,75,
Chroma Heat,2021-05-12,70,
Chroma Heat,2021-06-13,63,
Chroma Heat,2021-06-18,60,
Chroma Heat,2021-06-28,50,
Chroma Heat,2021-07-18,43,
Chroma Heat,2021-08-17,50,
Chroma Heat,2021-08-23,70,
Chroma Heat,2021-09-05,90,
Chroma Heat,2021-09-09,125,
Chroma Heat,2021-10-02,138,
Chroma Heat,2021-10-25,155,
Chroma Heat,2021-11-22,170,
Chroma Heat,2021-11-23,185,
Chroma Heat,2021-11-28,190,
Chroma Heat,2021-12-13,200,
Chroma Heat,2022-01-08,210,
Chroma Heat,2022-01-16,215,
Chroma Heat,2022-02-03,220,
Chroma Heat,2022-02-16,230,
Chroma Heat,2022-03-07,245,
Chroma Heat,2022-03-14,265,
Chroma Heat,2022-04-02,285,
Chroma Heat,2022-04-06,295,
Chroma Heat,2022-05-19,320,
Chroma Heat,2022-05-26,325,
Chroma Heat,2022-06-06,340,
Chroma Heat,2022-06-18,350,
Chroma Heat,2022-06-20,365,
Chroma Heat,2022-07-06,385,
Chroma Heat,2022-07-11,410,
Chroma Heat,2022-07-28,430,
Chroma Heat,2022-08-11,440,
Chroma Heat,2022-08-27,430,
Chroma Heat,2022-08-30,410,
Chroma Heat,2022-09-03,390,
Chroma Heat,2022-09-11,365,
Chroma Heat,2022-09-14,340,
Chroma Heat,2022-09-18,255,
Chroma Heat,2022-09-30,240,
Chroma Heat,2022-10-09,245,
Chroma Heat,2022-10-12,255,
Chroma Heat,2022-10-18,260,
Chroma Heat,2022-10-20,275,
Chroma Heat,2022-10-22,290,
Chroma Heat,2022-10-29,300,
Chroma Heat,2022-10-30,310,
Chroma Heat,2022-11-21,320,
Chroma Heat,2022-12-13,315,
Chroma Heat,2022-12-17,310,
Chroma Heat,2022-12-18,300,
Chroma Heat,2023-01-16,290,
Chroma Heat,2023-01-17,280,
Chroma Heat,2023-02-02,275,
Chroma Heat,2023-02-05,270,
Chroma Heat,2023-02-11,260,
Chroma Heat,2023-02-19,250,
Chroma Heat,2023-03-09,240,
Chroma Heat,2023-03-19,230,
Chroma Heat,2023-03-30,220,
Chroma Heat,2023-05-08,230,
Chroma Heat,2023-05-13,235,
Chroma Heat,2023-05-20,240,
Chroma Heat,2023-05-27,250,
Chroma Heat,2023-06-01,255,
Chroma Heat,2023-06-02,260,
Chroma Heat,2023-06-07,275,
Chroma Heat,2023-06-12,290,
Chroma Heat,2023-06-13,300,
Chroma Heat,2023-06-21,310,
Chroma Heat,2023-06-25,320,
Chroma Heat,2023-07-15,305,
Chroma Heat,2023-07-19,290,
Chroma Heat,2023-07-27,280,
Chroma Heat,2023-08-01,270,
Chroma Heat,2023-08-05,260,
Chroma Heat,2023-08-20,255,
Chroma Heat,2023-08-24,250,
Chroma Heat,2023-08-28,235,
Chroma Heat,2023-09-11,230,
Chroma Heat,2023-09-27,225,
Chroma Heat,2023-10-15,220,
Chroma Heat,2023-10-23,215,
Chroma Heat,2023-10-26,200,
Chroma Heat,2023-10-28,190,
Chroma Heat,2023-11-09,175,
Chroma Heat,2023-12-20,160,
Chroma Heat,2024-01-02,150,
Chroma Heat,2024-03-11,145,
Chroma Heat,2024-03-18,140,
Chroma Heat,2024-03-29,120,
Chroma Heat,2024-04-15,110,
Chroma Heat,2024-04-24,95,
Chroma Heat,2024-05-07,90,
Chroma Heat,2024-05-15,85,
Chroma Heat,2024-05-20,80,
Chroma Heat,2024-05-26,75,
Chroma Heat,2024-07-06,70,
Chroma Heat,2024-08-08,75,
Chroma Heat,2024-10-16,70,
Chroma Heat,2025-02-09,65,
Chroma Heat,2025-05-21,60,
Chroma Heat,2025-09-17,55,
Chroma Heat,2025-09-25,50,
Chroma Heat,2025-11-04,45,
Chroma Heat,2025-11-24,45,2
Chroma Heat,2025-11-25,45,2
Chroma Heat,2025-11-30,45,2
Chroma Heat,2025-12-04,45,2
Chroma Heat,2025-12-21,45,2
Chroma Heat,2025-12-23,45,2
Chroma Heat,2025-12-24,45,2
Chroma Heat,2025-12-26,45,2
Chroma Heat,2025-12-30,45,2
Chroma Heat,2026-01-01,45,2
Chroma Heat,2026-01-17,45,2
Chroma Heat,2026-01-28,45,2
Chroma Heat,2026-03-06,45,2
Chroma Heat,2026-03-11,42,
Chroma Heat,2026-03-14,38,
Chroma Heat,2026-03-21,38,2
Chroma Heat,2026-04-14,38,2
Chroma Heat,2026-04-20,38,2
Chroma Heat,2026-04-22,38,2
Chroma Heat,2026-04-24,38,2
Chroma Heat,2026-04-27,38,2
Chroma Heat,2026-04-28,35,
Chroma Heat,2026-05-02,35,2
Chroma Heat,2026-05-03,35,2
Chroma Heat,2026-05-06,35,2
Chroma Heat,2026-05-09,35,2
Chroma Heat,2026-05-12,35,2
Chroma Heat,2026-05-14,35,2
Chroma Heat,2026-05-17,35,2
Chroma Heat,2026-05-19,35,2
Chroma Heat,2026-05-21,35,2
Chroma Heat,2026-05-24,32,
Chroma Heat,2026-06-14,32,1
Chroma Heat,2026-06-21,32,1
Chroma Heat,2026-06-22,32,1
Chroma Heat,2026-06-26,32,1
Chroma Heat,2026-06-28,32,1
Chroma Heat,2026-07-02,32,1
Chroma Heat,2026-07-03,32,1
Chroma Heat,2026-07-05,32,1
Chroma Heat,2026-07-06,32,1
Chroma Heat,2026-07-07,30,
Chroma Heat,2026-07-12,30,1
Chroma Heat,2026-07-14,30,1
Chroma Heat,2026-07-21,28,
Chroma Heat,2026-07-24,28,1
Chroma Heat,2026-07-25,28,1
Chroma Heat,2026-07-27,28,1
Chroma Heat,2026-07-28,28,1
Chroma Heat,2026-07-30,28,1
Chroma Heat,2026-07-31,28,1
Chroma Heat,2026-08-03,28,1
Chroma Heat,2026-08-04,28,1
Chroma Heat,2026-08-05,28,1
Chroma Heat,2026-08-06,28,1
Chroma Heat,2026-08-07,28,1
Chroma Heat,2026-08-08,28,1
Chroma Heat,2026-08-09,28,1
Chroma Heat,2026-08-10,28,1
Chroma Heat,2026-08-11,28,1
Chroma Heat,2026-08-13,28,1
Chroma Heat,2026-08-14,28,1
Chroma Heat,2026-08-15,28,1
Chroma Heat,2026-08-16,28,1
Chroma Heat,2026-08-17,28,1
Chroma Heat,2026-08-18,28,1
Chroma Heat,2026-08-19,28,1
Chroma Heat,2026-08-20,28,1
Chroma Heat,2026-08-21,28,1
Chroma Heat,2026-08-22,28,1
Chroma Heat,2026-08-24,28,1
Chroma Heat,2026-08-25,28,1
Chroma Heat,2026-09-02,28,1
Chroma Heat,2026-09-03,28,1
Chroma Heat,2026-09-04,28,1
Chroma Heat,2026-09-05,28,1
Chroma Heat,2026-09-06,28,1
Chroma Heat,2026-09-07,28,1
Chroma Heat,2026-09-12,28,1
Chroma Heat,2026-09-17,28,1
Chroma Heat,2026-09-18,28,1
Chroma Heat,2026-09-19,28,1
Chroma Heat,2026-09-20,28,1
Chroma Icecream,2026-07-24,0,0
Chroma Icecream,2026-07-25,6500,
Chroma Icecream,2026-07-26,4500,
Chroma Icecream,2026-07-27,3250,
Chroma Icecream,2026-07-28,2500,
Chroma Icecream,2026-07-29,2000,
Chroma Icecream,2026-07-30,2000,5
Chroma Icecream,2026-07-31,2000,5
Chroma Icecream,2026-08-03,2000,5
Chroma Icecream,2026-08-04,2000,5
Chroma Icecream,2026-08-05,2000,5
Chroma Icecream,2026-08-06,2000,5
Chroma Icecream,2026-08-07,2000,5
Chroma Icecream,2026-08-08,2000,5
Chroma Icecream,2026-08-09,2000,5
Chroma Icecream,2026-08-10,2000,5
Chroma Icecream,2026-08-11,2000,5
Chroma Icecream,2026-08-13,1900,
Chroma Icecream,2026-08-14,1900,5
Chroma Icecream,2026-08-15,1800,
Chroma Icecream,2026-08-16,1800,5
Chroma Icecream,2026-08-17,1800,5
Chroma Icecream,2026-08-18,1600,
Chroma Icecream,2026-08-19,1600,5
Chroma Icecream,2026-08-20,1450,
Chroma Icecream,2026-08-21,1450,5
Chroma Icecream,2026-08-22,1450,5
Chroma Icecream,2026-08-23,1250,
Chroma Icecream,2026-08-24,1250,5
Chroma Icecream,2026-08-25,1250,5
Chroma Icecream,2026-08-26,1350,
Chroma Icecream,2026-08-28,1450,
Chroma Icecream,2026-08-30,1600,
Chroma Icecream,2026-09-01,1800,
Chroma Icecream,2026-09-02,1950,
Chroma Icecream,2026-09-03,1950,6
Chroma Icecream,2026-09-04,2150,
Chroma Icecream,2026-09-05,2150,6
Chroma Icecream,2026-09-06,2150,6
Chroma Icecream,2026-09-07,2200,
Chroma Icecream,2026-09-09,2250,
Chroma Icecream,2026-09-12,2300,
Chroma Icecream,2026-09-13,2250,
Chroma Icecream,2026-09-15,2200,
Chroma Icecream,2026-09-16,2000,
Chroma Icecream,2026-09-17,2000,5
Chroma Icecream,2026-09-18,2000,5
Chroma Icecream,2026-09-19,1900,5
Chroma Icecream,2026-09-20,1900,5
Chroma Laser,2020-08-26,500,
Chroma Laser,2020-10-04,475,
Chroma Laser,2020-10-15,450,
Chroma Laser,2020-10-31,335,
Chroma Laser,2020-11-10,300,
Chroma Laser,2020-11-17,270,
Chroma Laser,2020-11-26,240,
Chroma Laser,2020-12-03,165,
Chroma Laser,2020-12-14,130,
Chroma Laser,2021-01-22,115,
Chroma Laser,2021-01-26,95,
Chroma Laser,2021-03-20,100,
Chroma Laser,2021-03-23,115,
Chroma Laser,2021-04-08,120,
Chroma Laser,2021-04-26,125,
Chroma Laser,2021-05-07,110,
Chroma Laser,2021-05-12,105,
Chroma Laser,2021-06-13,90,
Chroma Laser,2021-06-18,85,
Chroma Laser,2021-06-28,75,
Chroma Laser,2021-07-18,60,
Chroma Laser,2021-08-17,70,
Chroma Laser,2021-08-23,90,
Chroma Laser,2021-09-05,113,
Chroma Laser,2021-09-09,120,
Chroma Laser,2021-10-02,135,
Chroma Laser,2021-10-25,150,
Chroma Laser,2021-11-22,160,
Chroma Laser,2021-11-23,165,
Chroma Laser,2021-11-28,175,
Chroma Laser,2021-12-13,185,
Chroma Laser,2022-01-08,195,
Chroma Laser,2022-01-16,205,
Chroma Laser,2022-02-03,210,
Chroma Laser,2022-02-16,215,
Chroma Laser,2022-03-07,235,
Chroma Laser,2022-03-14,255,
Chroma Laser,2022-04-02,270,
Chroma Laser,2022-04-06,275,
Chroma Laser,2022-05-19,295,
Chroma Laser,2022-05-26,300,
Chroma Laser,2022-06-06,310,
Chroma Laser,2022-06-18,320,
Chroma Laser,2022-06-20,330,
Chroma Laser,2022-07-06,350,
Chroma Laser,2022-07-11,385,
Chroma Laser,2022-07-28,400,
Chroma Laser,2022-08-11,410,
Chroma Laser,2022-08-27,405,
Chroma Laser,2022-08-30,390,
Chroma Laser,2022-09-03,370,
Chroma Laser,2022-09-11,350,
Chroma Laser,2022-09-14,325,
Chroma Laser,2022-09-18,240,
Chroma Laser,2022-09-30,215,
Chroma Laser,2022-10-12,220,
Chroma Laser,2022-10-18,225,
Chroma Laser,2022-10-20,235,
Chroma Laser,2022-10-22,245,
Chroma Laser,2022-10-29,250,
Chroma Laser,2022-10-30,260,
Chroma Laser,2022-11-21,265,
Chroma Laser,2022-11-26,270,
Chroma Laser,2022-12-18,260,
Chroma Laser,2022-12-23,255,
Chroma Laser,2022-12-27,250,
Chroma Laser,2023-01-17,240,
Chroma Laser,2023-01-21,225,
Chroma Laser,2023-02-05,220,
Chroma Laser,2023-03-09,210,
Chroma Laser,2023-03-19,200,
Chroma Laser,2023-03-30,185,
Chroma Laser,2023-04-15,180,
Chroma Laser,2023-05-13,185,
Chroma Laser,2023-05-20,190,
Chroma Laser,2023-05-27,200,
Chroma Laser,2023-06-02,215,
Chroma Laser,2023-06-07,225,
Chroma Laser,2023-06-12,230,
Chroma Laser,2023-06-21,240,
Chroma Laser,2023-06-25,250,
Chroma Laser,2023-07-15,240,
Chroma Laser,2023-07-19,230,
Chroma Laser,2023-07-27,225,
Chroma Laser,2023-08-01,220,
Chroma Laser,2023-09-08,225,
Chroma Laser,2023-09-09,230,
Chroma Laser,2023-09-16,240,
Chroma Laser,2023-09-27,235,
Chroma Laser,2023-10-23,230,
Chroma Laser,2023-10-26,215,
Chroma Laser,2023-10-28,205,
Chroma Laser,2023-11-09,200,
Chroma Laser,2023-12-03,195,
Chroma Laser,2023-12-20,190,
Chroma Laser,2024-01-02,180,
Chroma Laser,2024-02-02,175,
Chroma Laser,2024-02-20,170,
Chroma Laser,2024-03-11,160,
Chroma Laser,2024-03-29,130,
Chroma Laser,2024-04-10,125,
Chroma Laser,2024-04-15,115,
Chroma Laser,2024-04-24,100,
Chroma Laser,2024-05-15,95,
Chroma Laser,2024-05-20,90,
Chroma Laser,2024-05-26,85,
Chroma Laser,2024-07-01,80,
Chroma Laser,2024-07-06,75,
Chroma Laser,2024-08-08,85,
Chroma Laser,2024-10-16,80,
Chroma Laser,2025-04-13,75,
Chroma Laser,2025-05-04,70,
Chroma Laser,2025-09-17,65,
Chroma Laser,2025-09-18,63,
Chroma Laser,2025-09-23,62,
Chroma Laser,2025-10-19,60,
Chroma Laser,2025-11-04,58,
Chroma Laser,2025-11-11,55,
Chroma Laser,2025-11-24,55,2
Chroma Laser,2025-11-25,55,2
Chroma Laser,2025-11-30,55,2
Chroma Laser,2025-12-04,55,2
Chroma Laser,2025-12-21,55,2
Chroma Laser,2025-12-23,55,2
Chroma Laser,2025-12-24,55,2
Chroma Laser,2025-12-26,55,2
Chroma Laser,2025-12-30,55,2
Chroma Laser,2026-01-01,55,2
Chroma Laser,2026-01-17,55,2
Chroma Laser,2026-01-28,55,2
Chroma Laser,2026-03-06,55,2
Chroma Laser,2026-03-14,50,
Chroma Laser,2026-03-21,50,2
Chroma Laser,2026-04-14,50,2
Chroma Laser,2026-04-20,50,2
Chroma Laser,2026-04-22,50,2
Chroma Laser,2026-04-24,50,2
Chroma Laser,2026-04-27,50,2
Chroma Laser,2026-04-28,48,
Chroma Laser,2026-05-02,48,2
Chroma Laser,2026-05-03,48,2
Chroma Laser,2026-05-06,48,2
Chroma Laser,2026-05-09,48,2
Chroma Laser,2026-05-12,48,2
Chroma Laser,2026-05-14,48,2
Chroma Laser,2026-05-17,48,2
Chroma Laser,2026-05-19,48,2
Chroma Laser,2026-05-21,48,2
Chroma Laser,2026-05-24,42,
Chroma Laser,2026-06-14,42,1
Chroma Laser,2026-06-21,42,1
Chroma Laser,2026-06-22,42,1
Chroma Laser,2026-06-26,42,1
Chroma Laser,2026-06-28,42,1
Chroma Laser,2026-07-02,42,1
Chroma Laser,2026-07-03,42,1
Chroma Laser,2026-07-05,42,1
Chroma Laser,2026-07-06,42,1
Chroma Laser,2026-07-07,40,
Chroma Laser,2026-07-12,40,1
Chroma Laser,2026-07-14,40,1
Chroma Laser,2026-07-24,40,1
Chroma Laser,2026-07-25,40,1
Chroma Laser,2026-07-27,40,1
Chroma Laser,2026-07-28,40,1
Chroma Laser,2026-07-30,40,1
Chroma Laser,2026-07-31,40,1
Chroma Laser,2026-08-03,40,1
Chroma Laser,2026-08-04,40,1
Chroma Laser,2026-08-05,40,1
Chroma Laser,2026-08-06,40,1
Chroma Laser,2026-08-07,40,1
Chroma Laser,2026-08-08,40,1
Chroma Laser,2026-08-09,40,1
Chroma Laser,2026-08-10,40,1
Chroma Laser,2026-08-11,40,1
Chroma Laser,2026-08-13,40,1
Chroma Laser,2026-08-14,40,1
Chroma Laser,2026-08-15,40,1
Chroma Laser,2026-08-16,40,1
Chroma Laser,2026-08-17,40,1
Chroma Laser,2026-08-18,40,1
Chroma Laser,2026-08-19,40,1
Chroma Laser,2026-08-20,40,1
Chroma Laser,2026-08-21,40,1
Chroma Laser,2026-08-22,40,1
Chroma Laser,2026-08-24,40,1
Chroma Laser,2026-08-25,40,1
Chroma Laser,2026-09-02,40,1
Chroma Laser,2026-09-03,40,1
Chroma Laser,2026-09-04,40,1
Chroma Laser,2026-09-05,40,1
Chroma Laser,2026-09-06,40,1
Chroma Laser,2026-09-07,40,1
Chroma Laser,2026-09-12,40,1
Chroma Laser,2026-09-17,40,1
Chroma Laser,2026-09-18,40,1
Chroma Laser,2026-09-19,40,1
Chroma Laser,2026-09-20,40,1
Chroma Lightbringer,2020-08-26,725,
Chroma Lightbringer,2020-09-19,700,
Chroma Lightbringer,2020-10-04,625,
Chroma Lightbringer,2020-10-15,550,
Chroma Lightbringer,2020-10-31,375,
Chroma Lightbringer,2020-11-10,325,
Chroma Lightbringer,2020-11-17,300,
Chroma Lightbringer,2020-11-26,260,
Chroma Lightbringer,2020-12-03,185,
Chroma Lightbringer,2020-12-14,140,
Chroma Lightbringer,2021-01-22,125,
Chroma Lightbringer,2021-01-26,105,
Chroma Lightbringer,2021-03-20,110,
Chroma Lightbringer,2021-03-23,125,
Chroma Lightbringer,2021-04-08,145,
Chroma Lightbringer,2021-05-07,125,
Chroma Lightbringer,2021-05-12,120,
Chroma Lightbringer,2021-06-13,110,
Chroma Lightbringer,2021-06-18,95,
Chroma Lightbringer,2021-06-28,85,
Chroma Lightbringer,2021-07-18,70,
Chroma Lightbringer,2021-08-17,80,
Chroma Lightbringer,2021-08-23,110,
Chroma Lightbringer,2021-09-05,140,
Chroma Lightbringer,2021-09-09,160,
Chroma Lightbringer,2021-10-02,170,
Chroma Lightbringer,2021-10-25,185,
Chroma Lightbringer,2021-11-22,210,
Chroma Lightbringer,2021-11-23,225,
Chroma Lightbringer,2021-11-28,230,
Chroma Lightbringer,2021-12-13,235,
Chroma Lightbringer,2022-01-08,240,
Chroma Lightbringer,2022-01-16,250,
Chroma Lightbringer,2022-02-03,255,
Chroma Lightbringer,2022-02-16,265,
Chroma Lightbringer,2022-03-07,280,
Chroma Lightbringer,2022-03-14,300,
Chroma Lightbringer,2022-04-02,330,
Chroma Lightbringer,2022-04-06,350,
Chroma Lightbringer,2022-05-19,400,
Chroma Lightbringer,2022-05-26,415,
Chroma Lightbringer,2022-06-06,440,
Chroma Lightbringer,2022-06-18,475,
Chroma Lightbringer,2022-06-20,495,
Chroma Lightbringer,2022-07-06,545,
Chroma Lightbringer,2022-07-11,595,
Chroma Lightbringer,2022-07-28,620,
Chroma Lightbringer,2022-08-11,640,
Chroma Lightbringer,2022-08-27,620,
Chroma Lightbringer,2022-08-30,450,
Chroma Lightbringer,2022-09-03,420,
Chroma Lightbringer,2022-09-11,385,
Chroma Lightbringer,2022-09-14,360,
Chroma Lightbringer,2022-09-18,305,
Chroma Lightbringer,2022-10-03,315,
Chroma Lightbringer,2022-10-09,325,
Chroma Lightbringer,2022-10-12,335,
Chroma Lightbringer,2022-10-18,345,
Chroma Lightbringer,2022-10-20,350,
Chroma Lightbringer,2022-10-22,365,
Chroma Lightbringer,2022-10-29,375,
Chroma Lightbringer,2022-10-30,395,
Chroma Lightbringer,2023-02-02,390,
Chroma Lightbringer,2023-02-19,385,
Chroma Lightbringer,2023-03-19,375,
Chroma Lightbringer,2023-03-24,370,
Chroma Lightbringer,2023-04-27,375,
Chroma Lightbringer,2023-05-13,380,
Chroma Lightbringer,2023-05-27,385,
Chroma Lightbringer,2023-06-01,395,
Chroma Lightbringer,2023-06-02,410,
Chroma Lightbringer,2023-06-12,445,
Chroma Lightbringer,2023-06-13,460,
Chroma Lightbringer,2023-06-18,495,
Chroma Lightbringer,2023-06-21,535,
Chroma Lightbringer,2023-06-25,595,
Chroma Lightbringer,2023-06-26,610,
Chroma Lightbringer,2023-06-30,645,
Chroma Lightbringer,2023-07-06,635,
Chroma Lightbringer,2023-07-07,625,
Chroma Lightbringer,2023-07-09,615,
Chroma Lightbringer,2023-07-11,610,
Chroma Lightbringer,2023-07-12,605,
Chroma Lightbringer,2023-07-15,595,
Chroma Lightbringer,2023-07-19,570,
Chroma Lightbringer,2023-07-20,560,
Chroma Lightbringer,2023-07-24,545,
Chroma Lightbringer,2023-07-27,520,
Chroma Lightbringer,2023-07-29,510,
Chroma Lightbringer,2023-08-01,495,
Chroma Lightbringer,2023-08-02,485,
Chroma Lightbringer,2023-08-05,470,
Chroma Lightbringer,2023-08-07,445,
Chroma Lightbringer,2023-08-18,435,
Chroma Lightbringer,2023-08-24,430,
Chroma Lightbringer,2023-08-28,420,
Chroma Lightbringer,2023-09-05,415,
Chroma Lightbringer,2023-09-11,420,
Chroma Lightbringer,2023-09-27,410,
Chroma Lightbringer,2023-10-15,395,
Chroma Lightbringer,2023-10-23,370,
Chroma Lightbringer,2023-10-28,360,
Chroma Lightbringer,2023-11-09,350,
Chroma Lightbringer,2023-11-13,345,
Chroma Lightbringer,2023-11-22,335,
Chroma Lightbringer,2023-12-03,325,
Chroma Lightbringer,2023-12-05,320,
Chroma Lightbringer,2023-12-20,310,
Chroma Lightbringer,2024-01-02,295,
Chroma Lightbringer,2024-01-26,285,
Chroma Lightbringer,2024-02-02,270,
Chroma Lightbringer,2024-02-07,260,
Chroma Lightbringer,2024-02-20,245,
Chroma Lightbringer,2024-03-11,235,
Chroma Lightbringer,2024-03-29,195,
Chroma Lightbringer,2024-04-10,170,
Chroma Lightbringer,2024-04-21,160,
Chroma Lightbringer,2024-04-24,145,
Chroma Lightbringer,2024-05-20,135,
Chroma Lightbringer,2024-05-26,120,
Chroma Lightbringer,2024-05-31,105,
Chroma Lightbringer,2024-06-08,100,
Chroma Lightbringer,2024-06-10,95,
Chroma Lightbringer,2024-06-26,90,
Chroma Lightbringer,2024-07-01,85,
Chroma Lightbringer,2024-07-29,90,
Chroma Lightbringer,2024-08-02,95,
Chroma Lightbringer,2024-08-08,100,
Chroma Lightbringer,2024-08-14,105,
Chroma Lightbringer,2024-08-16,115,
Chroma Lightbringer,2024-08-18,120,
Chroma Lightbringer,2024-08-22,125,
Chroma Lightbringer,2024-08-31,135,
Chroma Lightbringer,2024-09-23,130,
Chroma Lightbringer,2024-10-06,125,
Chroma Lightbringer,2024-10-18,120,
Chroma Lightbringer,2025-03-09,115,
Chroma Lightbringer,2025-04-06,110,
Chroma Lightbringer,2025-04-13,105,
Chroma Lightbringer,2025-05-04,100,
Chroma Lightbringer,2025-05-21,95,
Chroma Lightbringer,2025-07-05,90,
Chroma Lightbringer,2025-11-24,90,2
Chroma Lightbringer,2025-11-25,90,2
Chroma Lightbringer,2025-11-30,90,2
Chroma Lightbringer,2025-12-04,90,2
Chroma Lightbringer,2025-12-21,90,2
Chroma Lightbringer,2025-12-23,90,2
Chroma Lightbringer,2025-12-24,90,2
Chroma Lightbringer,2025-12-26,90,2
Chroma Lightbringer,2025-12-30,90,2
Chroma Lightbringer,2026-01-01,90,2
Chroma Lightbringer,2026-01-17,90,2
Chroma Lightbringer,2026-01-28,90,2
Chroma Lightbringer,2026-03-06,90,2
Chroma Lightbringer,2026-03-14,85,
Chroma Lightbringer,2026-03-21,85,2
Chroma Lightbringer,2026-04-14,85,2
Chroma Lightbringer,2026-04-20,85,2
Chroma Lightbringer,2026-04-22,85,2
Chroma Lightbringer,2026-04-24,85,2
Chroma Lightbringer,2026-04-27,85,2
Chroma Lightbringer,2026-04-28,85,2
Chroma Lightbringer,2026-05-02,85,2
Chroma Lightbringer,2026-05-03,85,2
Chroma Lightbringer,2026-05-06,85,2
Chroma Lightbringer,2026-05-09,85,2
Chroma Lightbringer,2026-05-11,80,
Chroma Lightbringer,2026-05-12,80,2
Chroma Lightbringer,2026-05-14,80,2
Chroma Lightbringer,2026-05-17,75,
Chroma Lightbringer,2026-05-19,75,2
Chroma Lightbringer,2026-05-21,75,2
Chroma Lightbringer,2026-05-24,70,
Chroma Lightbringer,2026-06-14,70,1
Chroma Lightbringer,2026-06-17,65,
Chroma Lightbringer,2026-06-21,65,1
Chroma Lightbringer,2026-06-22,65,1
Chroma Lightbringer,2026-06-26,65,1
Chroma Lightbringer,2026-06-28,65,1
Chroma Lightbringer,2026-07-02,65,1
Chroma Lightbringer,2026-07-03,65,1
Chroma Lightbringer,2026-07-05,65,1
Chroma Lightbringer,2026-07-06,65,1
Chroma Lightbringer,2026-07-07,60,
Chroma Lightbringer,2026-07-12,60,1
Chroma Lightbringer,2026-07-14,60,1
Chroma Lightbringer,2026-07-24,60,1
Chroma Lightbringer,2026-07-25,60,1
Chroma Lightbringer,2026-07-27,60,1
Chroma Lightbringer,2026-07-28,60,1
Chroma Lightbringer,2026-07-30,60,1
Chroma Lightbringer,2026-07-31,60,1
Chroma Lightbringer,2026-08-03,60,1
Chroma Lightbringer,2026-08-04,60,1
Chroma Lightbringer,2026-08-05,60,1
Chroma Lightbringer,2026-08-06,60,1
Chroma Lightbringer,2026-08-07,60,1
Chroma Lightbringer,2026-08-08,60,1
Chroma Lightbringer,2026-08-09,60,1
Chroma Lightbringer,2026-08-10,60,1
Chroma Lightbringer,2026-08-11,60,1
Chroma Lightbringer,2026-08-13,60,1
Chroma Lightbringer,2026-08-14,60,1
Chroma Lightbringer,2026-08-15,60,1
Chroma Lightbringer,2026-08-16,60,1
Chroma Lightbringer,2026-08-17,60,1
Chroma Lightbringer,2026-08-18,60,1
Chroma Lightbringer,2026-08-19,60,1
Chroma Lightbringer,2026-08-20,60,1
Chroma Lightbringer,2026-08-21,60,1
Chroma Lightbringer,2026-08-22,60,1
Chroma Lightbringer,2026-08-24,60,1
Chroma Lightbringer,2026-08-25,60,1
Chroma Lightbringer,2026-09-02,60,1
Chroma Lightbringer,2026-09-03,60,1
Chroma Lightbringer,2026-09-04,60,1
Chroma Lightbringer,2026-09-05,60,1
Chroma Lightbringer,2026-09-06,60,1
Chroma Lightbringer,2026-09-07,60,1
Chroma Lightbringer,2026-09-12,60,1
Chroma Lightbringer,2026-09-17,60,1
Chroma Lightbringer,2026-09-18,60,1
Chroma Lightbringer,2026-09-19,60,1
Chroma Lightbringer,2026-09-20,60,1
Chroma Luger,2020-08-26,575,
Chroma Luger,2020-10-04,550,
Chroma Luger,2020-10-15,500,
Chroma Luger,2020-10-31,350,
Chroma Luger,2020-11-10,315,
Chroma Luger,2020-11-17,290,
Chroma Luger,2020-11-26,250,
Chroma Luger,2020-12-03,180,
Chroma Luger,2020-12-14,135,
Chroma Luger,2021-01-22,120,
Chroma Luger,2021-01-26,100,
Chroma Luger,2021-03-20,105,
Chroma Luger,2021-03-23,120,
Chroma Luger,2021-04-08,130,
Chroma Luger,2021-05-07,115,
Chroma Luger,2021-05-12,110,
Chroma Luger,2021-06-13,100,
Chroma Luger,2021-06-18,90,
Chroma Luger,2021-06-28,80,
Chroma Luger,2021-07-18,65,
Chroma Luger,2021-08-17,75,
Chroma Luger,2021-08-23,95,
Chroma Luger,2021-09-05,125,
Chroma Luger,2021-09-09,140,
Chroma Luger,2021-10-02,155,
Chroma Luger,2021-10-25,170,
Chroma Luger,2021-11-22,185,
Chroma Luger,2021-11-23,195,
Chroma Luger,2021-11-28,200,
Chroma Luger,2021-12-13,210,
Chroma Luger,2022-01-08,220,
Chroma Luger,2022-01-16,225,
Chroma Luger,2022-02-03,230,
Chroma Luger,2022-02-16,240,
Chroma Luger,2022-03-07,255,
Chroma Luger,2022-03-14,275,
Chroma Luger,2022-04-02,295,
Chroma Luger,2022-04-06,305,
Chroma Luger,2022-05-19,330,
Chroma Luger,2022-05-26,340,
Chroma Luger,2022-06-06,355,
Chroma Luger,2022-06-18,375,
Chroma Luger,2022-06-20,385,
Chroma Luger,2022-07-06,415,
Chroma Luger,2022-07-11,445,
Chroma Luger,2022-07-28,470,
Chroma Luger,2022-08-11,485,
Chroma Luger,2022-08-27,460,
Chroma Luger,2022-08-30,440,
Chroma Luger,2022-09-03,415,
Chroma Luger,2022-09-11,395,
Chroma Luger,2022-09-14,370,
Chroma Luger,2022-09-18,305,
Chroma Luger,2022-09-30,300,
Chroma Luger,2022-10-09,305,
Chroma Luger,2022-10-12,310,
Chroma Luger,2022-10-18,320,
Chroma Luger,2022-10-20,325,
Chroma Luger,2022-10-22,340,
Chroma Luger,2022-10-29,345,
Chroma Luger,2022-10-30,350,
Chroma Luger,2022-12-17,345,
Chroma Luger,2022-12-18,340,
Chroma Luger,2023-01-16,325,
Chroma Luger,2023-01-17,300,
Chroma Luger,2023-02-05,290,
Chroma Luger,2023-02-19,280,
Chroma Luger,2023-02-25,275,
Chroma Luger,2023-03-09,270,
Chroma Luger,2023-03-19,260,
Chroma Luger,2023-03-30,250,
Chroma Luger,2023-05-08,255,
Chroma Luger,2023-05-13,260,
Chroma Luger,2023-05-20,265,
Chroma Luger,2023-05-27,270,
Chroma Luger,2023-06-01,275,
Chroma Luger,2023-06-02,280,
Chroma Luger,2023-06-07,300,
Chroma Luger,2023-06-12,320,
Chroma Luger,2023-06-13,325,
Chroma Luger,2023-06-21,340,
Chroma Luger,2023-06-25,350,
Chroma Luger,2023-07-12,340,
Chroma Luger,2023-07-15,330,
Chroma Luger,2023-07-19,310,
Chroma Luger,2023-07-27,300,
Chroma Luger,2023-08-01,290,
Chroma Luger,2023-08-05,275,
Chroma Luger,2023-08-20,265,
Chroma Luger,2023-08-24,260,
Chroma Luger,2023-08-28,250,
Chroma Luger,2023-09-05,245,
Chroma Luger,2023-09-11,240,
Chroma Luger,2023-09-27,235,
Chroma Luger,2023-10-15,230,
Chroma Luger,2023-10-23,225,
Chroma Luger,2023-10-26,210,
Chroma Luger,2023-10-28,200,
Chroma Luger,2023-11-09,190,
Chroma Luger,2023-12-20,180,
Chroma Luger,2024-01-02,175,
Chroma Luger,2024-02-20,170,
Chroma Luger,2024-03-11,160,
Chroma Luger,2024-03-29,130,
Chroma Luger,2024-04-10,125,
Chroma Luger,2024-04-15,115,
Chroma Luger,2024-04-24,100,
Chroma Luger,2024-05-15,90,
Chroma Luger,2024-05-20,85,
Chroma Luger,2024-05-26,80,
Chroma Luger,2024-07-06,75,
Chroma Luger,2024-08-08,85,
Chroma Luger,2024-08-22,90,
Chroma Luger,2024-09-23,95,
Chroma Luger,2024-10-11,100,
Chroma Luger,2024-10-16,105,
Chroma Luger,2024-11-18,100,
Chroma Luger,2025-04-13,95,
Chroma Luger,2025-05-21,90,
Chroma Luger,2025-07-05,85,
Chroma Luger,2025-09-17,80,
Chroma Luger,2025-09-23,75,
Chroma Luger,2025-10-02,70,
Chroma Luger,2025-10-08,65,
Chroma Luger,2025-10-19,62,
Chroma Luger,2025-11-24,62,2
Chroma Luger,2025-11-25,62,2
Chroma Luger,2025-11-30,62,2
Chroma Luger,2025-12-04,62,2
Chroma Luger,2025-12-21,62,2
Chroma Luger,2025-12-23,62,2
Chroma Luger,2025-12-24,62,2
Chroma Luger,2025-12-26,62,2
Chroma Luger,2025-12-30,62,2
Chroma Luger,2026-01-01,62,2
Chroma Luger,2026-01-11,60,
Chroma Luger,2026-01-17,60,2
Chroma Luger,2026-01-28,60,2
Chroma Luger,2026-03-06,60,2
Chroma Luger,2026-03-14,57,
Chroma Luger,2026-03-21,57,2
Chroma Luger,2026-04-14,57,2
Chroma Luger,2026-04-20,57,2
Chroma Luger,2026-04-22,57,2
Chroma Luger,2026-04-24,57,2
Chroma Luger,2026-04-27,57,2
Chroma Luger,2026-04-28,57,2
Chroma Luger,2026-05-02,57,2
Chroma Luger,2026-05-03,57,2
Chroma Luger,2026-05-06,57,2
Chroma Luger,2026-05-09,57,2
Chroma Luger,2026-05-12,57,2
Chroma Luger,2026-05-14,57,2
Chroma Luger,2026-05-17,57,2
Chroma Luger,2026-05-19,57,2
Chroma Luger,2026-05-21,57,2
Chroma Luger,2026-05-24,55,
Chroma Luger,2026-06-14,55,1
Chroma Luger,2026-06-17,52,
Chroma Luger,2026-06-21,52,1
Chroma Luger,2026-06-22,52,1
Chroma Luger,2026-06-26,52,1
Chroma Luger,2026-06-28,52,1
Chroma Luger,2026-07-02,52,1
Chroma Luger,2026-07-03,52,1
Chroma Luger,2026-07-05,52,1
Chroma Luger,2026-07-06,52,1
Chroma Luger,2026-07-07,50,
Chroma Luger,2026-07-12,50,1
Chroma Luger,2026-07-14,50,1
Chroma Luger,2026-07-24,50,1
Chroma Luger,2026-07-25,50,1
Chroma Luger,2026-07-27,50,1
Chroma Luger,2026-07-28,50,1
Chroma Luger,2026-07-30,50,1
Chroma Luger,2026-07-31,50,1
Chroma Luger,2026-08-03,50,1
Chroma Luger,2026-08-04,50,1
Chroma Luger,2026-08-05,50,1
Chroma Luger,2026-08-06,50,1
Chroma Luger,2026-08-07,50,1
Chroma Luger,2026-08-08,50,1
Chroma Luger,2026-08-09,50,1
Chroma Luger,2026-08-10,50,1
Chroma Luger,2026-08-11,50,1
Chroma Luger,2026-08-13,50,1
Chroma Luger,2026-08-14,50,1
Chroma Luger,2026-08-15,50,1
Chroma Luger,2026-08-16,50,1
Chroma Luger,2026-08-17,50,1
Chroma Luger,2026-08-18,50,1
Chroma Luger,2026-08-19,50,1
Chroma Luger,2026-08-20,50,1
Chroma Luger,2026-08-21,50,1
Chroma Luger,2026-08-22,50,1
Chroma Luger,2026-08-24,50,1
Chroma Luger,2026-08-25,50,1
Chroma Luger,2026-09-02,50,1
Chroma Luger,2026-09-03,50,1
Chroma Luger,2026-09-04,50,1
Chroma Luger,2026-09-05,50,1
Chroma Luger,2026-09-06,50,1
Chroma Luger,2026-09-07,50,1
Chroma Luger,2026-09-12,50,1
Chroma Luger,2026-09-17,50,1
Chroma Luger,2026-09-18,50,1
Chroma Luger,2026-09-19,50,1
Chroma Luger,2026-09-20,50,1
Chroma Ornament,2025-12-18,14000,
Chroma Ornament,2025-12-21,14000,9
Chroma Ornament,2025-12-23,14000,9
Chroma Ornament,2025-12-24,10000,
Chroma Ornament,2025-12-26,7000,
Chroma Ornament,2025-12-27,6000,
Chroma Ornament,2025-12-28,5750,
Chroma Ornament,2025-12-29,5500,
Chroma Ornament,2025-12-30,5500,6
Chroma Ornament,2026-01-01,5250,
Chroma Ornament,2026-01-04,4500,
Chroma Ornament,2026-01-06,4000,
Chroma Ornament,2026-01-08,3500,
Chroma Ornament,2026-01-11,3200,
Chroma Ornament,2026-01-14,3500,
Chroma Ornament,2026-01-16,4000,
Chroma Ornament,2026-01-17,4000,7
Chroma Ornament,2026-01-18,4200,
Chroma Ornament,2026-01-28,4200,6
Chroma Ornament,2026-03-06,4200,6
Chroma Ornament,2026-03-09,4100,
Chroma Ornament,2026-03-11,4000,
Chroma Ornament,2026-03-14,3900,
Chroma Ornament,2026-03-16,3800,
Chroma Ornament,2026-03-19,3700,
Chroma Ornament,2026-03-21,3600,
Chroma Ornament,2026-03-24,3500,
Chroma Ornament,2026-03-26,3400,
Chroma Ornament,2026-03-30,3300,
Chroma Ornament,2026-04-14,3300,5
Chroma Ornament,2026-04-16,3250,
Chroma Ornament,2026-04-18,3200,
Chroma Ornament,2026-04-20,3200,5
Chroma Ornament,2026-04-21,3150,
Chroma Ornament,2026-04-22,3150,5
Chroma Ornament,2026-04-23,3100,
Chroma Ornament,2026-04-24,3100,5
Chroma Ornament,2026-04-26,3050,
Chroma Ornament,2026-04-27,3050,5
Chroma Ornament,2026-04-28,3000,
Chroma Ornament,2026-05-01,2950,
Chroma Ornament,2026-05-02,2950,5
Chroma Ornament,2026-05-03,2900,
Chroma Ornament,2026-05-06,2850,
Chroma Ornament,2026-05-08,2800,
Chroma Ornament,2026-05-09,2800,5
Chroma Ornament,2026-05-11,2750,
Chroma Ornament,2026-05-12,2750,5
Chroma Ornament,2026-05-14,2750,5
Chroma Ornament,2026-05-17,2750,5
Chroma Ornament,2026-05-19,2750,5
Chroma Ornament,2026-05-21,2700,
Chroma Ornament,2026-05-24,2650,
Chroma Ornament,2026-05-25,2600,
Chroma Ornament,2026-05-27,2550,
Chroma Ornament,2026-05-30,2500,
Chroma Ornament,2026-06-03,2450,
Chroma Ornament,2026-06-06,2400,
Chroma Ornament,2026-06-07,2300,
Chroma Ornament,2026-06-10,2200,
Chroma Ornament,2026-06-12,2100,
Chroma Ornament,2026-06-14,2000,
Chroma Ornament,2026-06-17,1900,
Chroma Ornament,2026-06-19,1800,
Chroma Ornament,2026-06-21,1800,5
Chroma Ornament,2026-06-22,1800,5
Chroma Ornament,2026-06-26,1800,5
Chroma Ornament,2026-06-28,1800,5
Chroma Ornament,2026-07-02,1800,5
Chroma Ornament,2026-07-03,1800,5
Chroma Ornament,2026-07-05,1800,5
Chroma Ornament,2026-07-06,1800,5
Chroma Ornament,2026-07-12,1800,5
Chroma Ornament,2026-07-14,1800,5
Chroma Ornament,2026-07-24,1800,5
Chroma Ornament,2026-07-25,1800,5
Chroma Ornament,2026-07-27,1800,5
Chroma Ornament,2026-07-28,1800,5
Chroma Ornament,2026-07-30,1800,5
Chroma Ornament,2026-07-31,1800,5
Chroma Ornament,2026-08-03,1800,5
Chroma Ornament,2026-08-04,1800,5
Chroma Ornament,2026-08-05,1800,5
Chroma Ornament,2026-08-06,1800,5
Chroma Ornament,2026-08-07,1800,5
Chroma Ornament,2026-08-08,1800,5
Chroma Ornament,2026-08-09,1800,5
Chroma Ornament,2026-08-10,1800,5
Chroma Ornament,2026-08-11,1800,5
Chroma Ornament,2026-08-13,1800,5
Chroma Ornament,2026-08-14,1800,5
Chroma Ornament,2026-08-15,1800,5
Chroma Ornament,2026-08-16,1800,5
Chroma Ornament,2026-08-17,1800,5
Chroma Ornament,2026-08-18,1800,5
Chroma Ornament,2026-08-19,1800,5
Chroma Ornament,2026-08-20,1800,5
Chroma Ornament,2026-08-21,1800,5
Chroma Ornament,2026-08-22,1800,5
Chroma Ornament,2026-08-24,1800,5
Chroma Ornament,2026-08-25,1800,5
Chroma Ornament,2026-09-02,1800,5
Chroma Ornament,2026-09-03,1800,5
Chroma Ornament,2026-09-04,1800,5
Chroma Ornament,2026-09-05,1800,5
Chroma Ornament,2026-09-06,1800,5
Chroma Ornament,2026-09-07,1825,
Chroma Ornament,2026-09-12,1825,5
Chroma Ornament,2026-09-17,1825,5
Chroma Ornament,2026-09-18,1825,5
Chroma Ornament,2026-09-19,1825,5
Chroma Ornament,2026-09-20,1825,5
Chroma Raygun,2025-10-23,15000,
Chroma Raygun,2025-11-01,12000,
Chroma Raygun,2025-11-04,7000,
Chroma Raygun,2025-11-06,6000,
Chroma Raygun,2025-11-11,4500,
Chroma Raygun,2025-11-16,4750,
Chroma Raygun,2025-11-18,5000,
Chroma Raygun,2025-11-20,5250,
Chroma Raygun,2025-11-24,6000,
Chroma Raygun,2025-11-25,6000,6
Chroma Raygun,2025-11-27,7000,
Chroma Raygun,2025-11-30,7500,
Chroma Raygun,2025-12-01,7250,
Chroma Raygun,2025-12-04,7000,
Chroma Raygun,2025-12-08,7250,
Chroma Raygun,2025-12-11,7500,
Chroma Raygun,2025-12-15,7750,
Chroma Raygun,2025-12-17,8000,
Chroma Raygun,2025-12-18,7700,
Chroma Raygun,2025-12-19,7500,
Chroma Raygun,2025-12-21,7500,6
Chroma Raygun,2025-12-23,7500,6
Chroma Raygun,2025-12-24,7500,6
Chroma Raygun,2025-12-26,7500,6
Chroma Raygun,2025-12-27,7750,
Chroma Raygun,2025-12-29,8000,
Chroma Raygun,2025-12-30,8000,6
Chroma Raygun,2026-01-01,8250,
Chroma Raygun,2026-01-04,8500,
Chroma Raygun,2026-01-06,9000,
Chroma Raygun,2026-01-08,9500,
Chroma Raygun,2026-01-11,10000,
Chroma Raygun,2026-01-14,10500,
Chroma Raygun,2026-01-17,10500,6
Chroma Raygun,2026-01-18,10750,
Chroma Raygun,2026-01-20,10500,
Chroma Raygun,2026-01-24,10750,
Chroma Raygun,2026-01-27,11000,
Chroma Raygun,2026-01-28,11000,6
Chroma Raygun,2026-01-31,11500,
Chroma Raygun,2026-02-01,12000,
Chroma Raygun,2026-02-04,12500,
Chroma Raygun,2026-02-06,13000,
Chroma Raygun,2026-02-15,13250,
Chroma Raygun,2026-02-16,13750,
Chroma Raygun,2026-02-17,14000,
Chroma Raygun,2026-02-19,14500,
Chroma Raygun,2026-02-21,15000,
Chroma Raygun,2026-02-23,15500,
Chroma Raygun,2026-02-25,16000,
Chroma Raygun,2026-03-06,16000,6
Chroma Raygun,2026-03-14,16250,
Chroma Raygun,2026-03-16,16750,
Chroma Raygun,2026-03-19,17000,
Chroma Raygun,2026-03-21,17250,
Chroma Raygun,2026-03-24,17500,
Chroma Raygun,2026-04-04,17750,
Chroma Raygun,2026-04-11,17500,
Chroma Raygun,2026-04-13,17000,
Chroma Raygun,2026-04-14,17000,6
Chroma Raygun,2026-04-16,16500,
Chroma Raygun,2026-04-18,16000,
Chroma Raygun,2026-04-20,16000,6
Chroma Raygun,2026-04-21,15500,
Chroma Raygun,2026-04-22,15500,6
Chroma Raygun,2026-04-23,15000,
Chroma Raygun,2026-04-24,15000,6
Chroma Raygun,2026-04-27,15000,6
Chroma Raygun,2026-04-28,15000,6
Chroma Raygun,2026-05-02,15000,6
Chroma Raygun,2026-05-03,15250,
Chroma Raygun,2026-05-06,15500,
Chroma Raygun,2026-05-08,15750,
Chroma Raygun,2026-05-09,15750,6
Chroma Raygun,2026-05-11,16000,
Chroma Raygun,2026-05-12,16000,6
Chroma Raygun,2026-05-14,15750,
Chroma Raygun,2026-05-17,15500,
Chroma Raygun,2026-05-18,15250,
Chroma Raygun,2026-05-19,15250,6
Chroma Raygun,2026-05-21,15000,
Chroma Raygun,2026-05-24,14750,
Chroma Raygun,2026-05-25,14500,
Chroma Raygun,2026-06-14,14500,6
Chroma Raygun,2026-06-21,14500,6
Chroma Raygun,2026-06-22,14500,6
Chroma Raygun,2026-06-26,14500,6
Chroma Raygun,2026-06-28,14500,6
Chroma Raygun,2026-07-02,14500,6
Chroma Raygun,2026-07-03,14500,6
Chroma Raygun,2026-07-05,14500,6
Chroma Raygun,2026-07-06,14500,6
Chroma Raygun,2026-07-07,14250,
Chroma Raygun,2026-07-09,14000,
Chroma Raygun,2026-07-12,13750,
Chroma Raygun,2026-07-13,13500,
Chroma Raygun,2026-07-14,13500,6
Chroma Raygun,2026-07-16,13250,
Chroma Raygun,2026-07-18,13000,
Chroma Raygun,2026-07-21,12750,
Chroma Raygun,2026-07-24,12500,
Chroma Raygun,2026-07-25,12250,
Chroma Raygun,2026-07-27,12250,6
Chroma Raygun,2026-07-28,12000,
Chroma Raygun,2026-07-30,12000,6
Chroma Raygun,2026-07-31,12250,
Chroma Raygun,2026-08-03,12500,
Chroma Raygun,2026-08-04,12500,6
Chroma Raygun,2026-08-05,12500,6
Chroma Raygun,2026-08-06,12750,
Chroma Raygun,2026-08-07,12750,6
Chroma Raygun,2026-08-08,12750,6
Chroma Raygun,2026-08-09,12750,6
Chroma Raygun,2026-08-10,13000,
Chroma Raygun,2026-08-11,13000,6
Chroma Raygun,2026-08-12,13250,
Chroma Raygun,2026-08-13,13500,
Chroma Raygun,2026-08-14,13500,6
Chroma Raygun,2026-08-15,13750,
Chroma Raygun,2026-08-16,13750,6
Chroma Raygun,2026-08-17,13750,6
Chroma Raygun,2026-08-18,14000,
Chroma Raygun,2026-08-19,14000,6
Chroma Raygun,2026-08-20,14000,6
Chroma Raygun,2026-08-21,14000,6
Chroma Raygun,2026-08-22,14000,6
Chroma Raygun,2026-08-24,14000,6
Chroma Raygun,2026-08-25,14000,6
Chroma Raygun,2026-09-02,14000,6
Chroma Raygun,2026-09-03,14000,6
Chroma Raygun,2026-09-04,14000,6
Chroma Raygun,2026-09-05,14000,6
Chroma Raygun,2026-09-06,14000,6
Chroma Raygun,2026-09-07,14000,6
Chroma Raygun,2026-09-12,14000,6
Chroma Raygun,2026-09-17,14000,6
Chroma Raygun,2026-09-18,14000,6
Chroma Raygun,2026-09-19,14000,6
Chroma Raygun,2026-09-20,14000,6
Chroma Sands,2026-07-24,0,0
Chroma Sands,2026-07-25,3250,
Chroma Sands,2026-07-26,3000,
Chroma Sands,2026-07-27,2500,
Chroma Sands,2026-07-28,2000,
Chroma Sands,2026-07-29,1800,
Chroma Sands,2026-07-30,1800,5
Chroma Sands,2026-07-31,1800,5
Chroma Sands,2026-08-03,1800,5
Chroma Sands,2026-08-04,1800,5
Chroma Sands,2026-08-05,1800,5
Chroma Sands,2026-08-06,1850,
Chroma Sands,2026-08-07,1850,5
Chroma Sands,2026-08-08,1850,5
Chroma Sands,2026-08-09,1850,5
Chroma Sands,2026-08-10,1900,
Chroma Sands,2026-08-11,1900,5
Chroma Sands,2026-08-13,1850,
Chroma Sands,2026-08-14,1850,5
Chroma Sands,2026-08-15,1750,
Chroma Sands,2026-08-16,1750,5
Chroma Sands,2026-08-17,1750,5
Chroma Sands,2026-08-18,1550,
Chroma Sands,2026-08-19,1550,5
Chroma Sands,2026-08-20,1450,
Chroma Sands,2026-08-21,1450,5
Chroma Sands,2026-08-22,1450,5
Chroma Sands,2026-08-23,1300,
Chroma Sands,2026-08-24,1300,5
Chroma Sands,2026-08-25,1300,5
Chroma Sands,2026-08-28,1350,
Chroma Sands,2026-08-30,1400,
Chroma Sands,2026-09-01,1450,
Chroma Sands,2026-09-02,1500,
Chroma Sands,2026-09-03,1500,5
Chroma Sands,2026-09-04,1550,
Chroma Sands,2026-09-05,1550,5
Chroma Sands,2026-09-06,1550,5
Chroma Sands,2026-09-07,1600,
Chroma Sands,2026-09-12,1625,
Chroma Sands,2026-09-13,1600,
Chroma Sands,2026-09-15,1550,
Chroma Sands,2026-09-16,1500,
Chroma Sands,2026-09-17,1500,5
Chroma Sands,2026-09-18,1500,5
Chroma Sands,2026-09-19,1450,5
Chroma Sands,2026-09-20,1450,5
Chroma Saw,2020-08-26,315,
Chroma Saw,2020-10-15,260,
Chroma Saw,2020-10-31,215,
Chroma Saw,2020-11-10,195,
Chroma Saw,2020-11-17,180,
Chroma Saw,2020-11-26,150,
Chroma Saw,2020-12-03,105,
Chroma Saw,2020-12-14,85,
Chroma Saw,2021-01-22,75,
Chroma Saw,2021-01-26,60,
Chroma Saw,2021-05-07,45,
Chroma Saw,2021-05-12,43,
Chroma Saw,2021-06-13,38,
Chroma Saw,2021-06-28,33,
Chroma Saw,2021-07-18,30,
Chroma Saw,2021-09-09,35,
Chroma Saw,2021-10-02,40,
Chroma Saw,2021-10-25,50,
Chroma Saw,2021-11-22,55,
Chroma Saw,2022-06-18,60,
Chroma Saw,2022-06-20,65,
Chroma Saw,2022-07-06,70,
Chroma Saw,2022-07-11,75,
Chroma Saw,2022-08-27,60,
Chroma Saw,2022-08-30,40,
Chroma Saw,2022-09-30,50,
Chroma Saw,2022-10-03,60,
Chroma Saw,2022-10-09,70,
Chroma Saw,2022-10-12,75,
Chroma Saw,2022-10-22,80,
Chroma Saw,2022-11-21,75,
Chroma Saw,2022-12-02,70,
Chroma Saw,2022-12-18,65,
Chroma Saw,2023-02-02,60,
Chroma Saw,2023-04-21,55,
Chroma Saw,2023-06-07,65,
Chroma Saw,2023-06-12,70,
Chroma Saw,2023-06-18,75,
Chroma Saw,2023-06-25,80,
Chroma Saw,2023-07-27,70,
Chroma Saw,2023-08-01,65,
Chroma Saw,2023-09-11,60,
Chroma Saw,2024-01-02,55,
Chroma Saw,2024-01-26,45,
Chroma Saw,2024-04-24,40,
Chroma Saw,2024-09-23,45,
Chroma Saw,2024-10-16,50,
Chroma Saw,2025-05-09,45,
Chroma Saw,2025-09-17,40,
Chroma Saw,2025-11-24,40,2
Chroma Saw,2025-11-25,40,2
Chroma Saw,2025-11-30,40,2
Chroma Saw,2025-12-04,40,2
Chroma Saw,2025-12-21,40,2
Chroma Saw,2025-12-23,40,2
Chroma Saw,2025-12-24,40,2
Chroma Saw,2025-12-26,40,2
Chroma Saw,2025-12-30,40,2
Chroma Saw,2026-01-01,40,2
Chroma Saw,2026-01-17,40,2
Chroma Saw,2026-01-28,40,2
Chroma Saw,2026-03-06,40,2
Chroma Saw,2026-03-14,37,
Chroma Saw,2026-03-21,37,2
Chroma Saw,2026-04-14,37,2
Chroma Saw,2026-04-20,37,2
Chroma Saw,2026-04-22,37,2
Chroma Saw,2026-04-24,37,2
Chroma Saw,2026-04-27,37,2
Chroma Saw,2026-04-28,33,
Chroma Saw,2026-05-02,33,2
Chroma Saw,2026-05-03,33,2
Chroma Saw,2026-05-06,33,2
Chroma Saw,2026-05-09,33,2
Chroma Saw,2026-05-12,33,2
Chroma Saw,2026-05-14,33,2
Chroma Saw,2026-05-17,33,2
Chroma Saw,2026-05-19,33,2
Chroma Saw,2026-05-21,33,2
Chroma Saw,2026-05-24,30,
Chroma Saw,2026-06-14,30,1
Chroma Saw,2026-06-21,30,1
Chroma Saw,2026-06-22,30,1
Chroma Saw,2026-06-26,30,1
Chroma Saw,2026-06-28,30,1
Chroma Saw,2026-07-02,30,1
Chroma Saw,2026-07-03,30,1
Chroma Saw,2026-07-05,30,1
Chroma Saw,2026-07-06,30,1
Chroma Saw,2026-07-07,27,
Chroma Saw,2026-07-12,25,
Chroma Saw,2026-07-14,25,1
Chroma Saw,2026-07-21,23,
Chroma Saw,2026-07-24,23,1
Chroma Saw,2026-07-25,23,1
Chroma Saw,2026-07-27,23,1
Chroma Saw,2026-07-28,23,1
Chroma Saw,2026-07-30,23,1
Chroma Saw,2026-07-31,23,1
Chroma Saw,2026-08-03,23,1
Chroma Saw,2026-08-04,23,1
Chroma Saw,2026-08-05,23,1
Chroma Saw,2026-08-06,23,1
Chroma Saw,2026-08-07,23,1
Chroma Saw,2026-08-08,23,1
Chroma Saw,2026-08-09,23,1
Chroma Saw,2026-08-10,23,1
Chroma Saw,2026-08-11,23,1
Chroma Saw,2026-08-13,23,1
Chroma Saw,2026-08-14,23,1
Chroma Saw,2026-08-15,23,1
Chroma Saw,2026-08-16,23,1
Chroma Saw,2026-08-17,23,1
Chroma Saw,2026-08-18,23,1
Chroma Saw,2026-08-19,23,1
Chroma Saw,2026-08-20,23,1
Chroma Saw,2026-08-21,23,1
Chroma Saw,2026-08-22,23,1
Chroma Saw,2026-08-24,23,1
Chroma Saw,2026-08-25,23,1
Chroma Saw,2026-09-02,23,1
Chroma Saw,2026-09-03,23,1
Chroma Saw,2026-09-04,23,1
Chroma Saw,2026-09-05,23,1
Chroma Saw,2026-09-06,23,1
Chroma Saw,2026-09-07,23,1
Chroma Saw,2026-09-12,23,1
Chroma Saw,2026-09-17,23,1
Chroma Saw,2026-09-18,23,1
Chroma Saw,2026-09-19,23,1
Chroma Saw,2026-09-20,23,1
Chroma Seer,2020-08-26,300,
Chroma Seer,2020-10-15,250,
Chroma Seer,2020-10-31,200,
Chroma Seer,2020-11-10,180,
Chroma Seer,2020-11-17,175,
Chroma Seer,2020-11-26,140,
Chroma Seer,2020-12-03,90,
Chroma Seer,2020-12-14,75,
Chroma Seer,2021-01-22,70,
Chroma Seer,2021-01-26,55,
Chroma Seer,2021-05-07,42,
Chroma Seer,2021-05-12,40,
Chroma Seer,2021-06-13,35,
Chroma Seer,2021-06-28,30,
Chroma Seer,2021-07-18,28,
Chroma Seer,2021-09-05,33,
Chroma Seer,2021-09-09,40,
Chroma Seer,2021-10-02,45,
Chroma Seer,2021-10-25,60,
Chroma Seer,2021-11-22,65,
Chroma Seer,2021-11-28,70,
Chroma Seer,2021-12-13,75,
Chroma Seer,2022-01-08,80,
Chroma Seer,2022-02-03,90,
Chroma Seer,2022-02-16,95,
Chroma Seer,2022-03-07,105,
Chroma Seer,2022-03-14,115,
Chroma Seer,2022-04-02,120,
Chroma Seer,2022-04-06,125,
Chroma Seer,2022-05-19,145,
Chroma Seer,2022-05-26,150,
Chroma Seer,2022-06-06,160,
Chroma Seer,2022-06-18,165,
Chroma Seer,2022-06-20,170,
Chroma Seer,2022-07-06,180,
Chroma Seer,2022-07-11,195,
Chroma Seer,2022-07-28,205,
Chroma Seer,2022-08-11,210,
Chroma Seer,2022-08-27,195,
Chroma Seer,2022-08-30,130,
Chroma Seer,2022-09-03,100,
Chroma Seer,2022-09-11,85,
Chroma Seer,2022-09-14,75,
Chroma Seer,2022-09-18,70,
Chroma Seer,2022-09-30,65,
Chroma Seer,2022-10-03,60,
Chroma Seer,2022-10-09,55,
Chroma Seer,2022-10-30,60,
Chroma Seer,2023-02-07,65,
Chroma Seer,2023-02-19,70,
Chroma Seer,2023-05-13,75,
Chroma Seer,2023-05-20,80,
Chroma Seer,2023-05-27,85,
Chroma Seer,2023-06-02,90,
Chroma Seer,2023-06-12,95,
Chroma Seer,2023-06-25,100,
Chroma Seer,2023-07-27,95,
Chroma Seer,2023-08-01,90,
Chroma Seer,2023-10-15,85,
Chroma Seer,2024-01-02,70,
Chroma Seer,2024-01-26,60,
Chroma Seer,2024-03-29,55,
Chroma Seer,2024-04-24,50,
Chroma Seer,2024-08-08,55,
Chroma Seer,2025-09-25,50,
Chroma Seer,2025-10-08,45,
Chroma Seer,2025-11-24,45,2
Chroma Seer,2025-11-25,45,2
Chroma Seer,2025-11-30,45,2
Chroma Seer,2025-12-04,45,2
Chroma Seer,2025-12-21,40,
Chroma Seer,2025-12-23,40,2
Chroma Seer,2025-12-24,40,2
Chroma Seer,2025-12-26,40,2
Chroma Seer,2025-12-30,40,2
Chroma Seer,2026-01-01,40,2
Chroma Seer,2026-01-17,40,2
Chroma Seer,2026-01-28,40,2
Chroma Seer,2026-03-06,40,2
Chroma Seer,2026-03-14,37,
Chroma Seer,2026-03-21,37,2
Chroma Seer,2026-04-14,37,2
Chroma Seer,2026-04-20,37,2
Chroma Seer,2026-04-22,37,2
Chroma Seer,2026-04-24,37,2
Chroma Seer,2026-04-27,37,2
Chroma Seer,2026-04-28,33,
Chroma Seer,2026-05-02,33,2
Chroma Seer,2026-05-03,33,2
Chroma Seer,2026-05-06,33,2
Chroma Seer,2026-05-09,33,2
Chroma Seer,2026-05-12,33,2
Chroma Seer,2026-05-14,33,2
Chroma Seer,2026-05-17,33,2
Chroma Seer,2026-05-19,33,2
Chroma Seer,2026-05-21,33,2
Chroma Seer,2026-05-24,32,
Chroma Seer,2026-06-14,32,1
Chroma Seer,2026-06-21,32,1
Chroma Seer,2026-06-22,32,1
Chroma Seer,2026-06-26,32,1
Chroma Seer,2026-06-28,32,1
Chroma Seer,2026-07-02,32,1
Chroma Seer,2026-07-03,32,1
Chroma Seer,2026-07-05,32,1
Chroma Seer,2026-07-06,32,1
Chroma Seer,2026-07-07,30,
Chroma Seer,2026-07-12,30,1
Chroma Seer,2026-07-14,30,1
Chroma Seer,2026-07-21,28,
Chroma Seer,2026-07-24,28,1
Chroma Seer,2026-07-25,28,1
Chroma Seer,2026-07-27,28,1
Chroma Seer,2026-07-28,28,1
Chroma Seer,2026-07-30,28,1
Chroma Seer,2026-07-31,28,1
Chroma Seer,2026-08-03,28,1
Chroma Seer,2026-08-04,28,1
Chroma Seer,2026-08-05,28,1
Chroma Seer,2026-08-06,28,1
Chroma Seer,2026-08-07,28,1
Chroma Seer,2026-08-08,28,1
Chroma Seer,2026-08-09,28,1
Chroma Seer,2026-08-10,28,1
Chroma Seer,2026-08-11,28,1
Chroma Seer,2026-08-13,28,1
Chroma Seer,2026-08-14,28,1
Chroma Seer,2026-08-15,28,1
Chroma Seer,2026-08-16,28,1
Chroma Seer,2026-08-17,28,1
Chroma Seer,2026-08-18,28,1
Chroma Seer,2026-08-19,28,1
Chroma Seer,2026-08-20,28,1
Chroma Seer,2026-08-21,28,1
Chroma Seer,2026-08-22,28,1
Chroma Seer,2026-08-24,28,1
Chroma Seer,2026-08-25,28,1
Chroma Seer,2026-09-02,28,1
Chroma Seer,2026-09-03,28,1
Chroma Seer,2026-09-04,28,1
Chroma Seer,2026-09-05,28,1
Chroma Seer,2026-09-06,28,1
Chroma Seer,2026-09-07,28,1
Chroma Seer,2026-09-12,28,1
Chroma Seer,2026-09-17,28,1
Chroma Seer,2026-09-18,28,1
Chroma Seer,2026-09-19,28,1
Chroma Seer,2026-09-20,28,1
Chroma Shark,2020-08-26,450,
Chroma Shark,2020-10-04,425,
Chroma Shark,2020-10-15,385,
Chroma Shark,2020-10-31,300,
Chroma Shark,2020-11-10,270,
Chroma Shark,2020-11-17,240,
Chroma Shark,2020-11-26,220,
Chroma Shark,2020-12-03,155,
Chroma Shark,2020-12-14,125,
Chroma Shark,2021-01-22,110,
Chroma Shark,2021-01-26,90,
Chroma Shark,2021-05-07,70,
Chroma Shark,2021-05-12,65,
Chroma Shark,2021-06-13,60,
Chroma Shark,2021-06-18,58,
Chroma Shark,2021-06-28,48,
Chroma Shark,2021-07-18,40,
Chroma Shark,2021-09-09,65,
Chroma Shark,2021-10-02,75,
Chroma Shark,2021-10-25,90,
Chroma Shark,2021-11-22,100,
Chroma Shark,2021-11-28,105,
Chroma Shark,2021-12-13,115,
Chroma Shark,2022-01-08,125,
Chroma Shark,2022-02-03,140,
Chroma Shark,2022-02-16,150,
Chroma Shark,2022-03-07,165,
Chroma Shark,2022-03-14,180,
Chroma Shark,2022-04-02,195,
Chroma Shark,2022-04-06,200,
Chroma Shark,2022-05-19,220,
Chroma Shark,2022-05-26,225,
Chroma Shark,2022-06-06,240,
Chroma Shark,2022-06-18,250,
Chroma Shark,2022-06-20,255,
Chroma Shark,2022-07-06,275,
Chroma Shark,2022-07-11,295,
Chroma Shark,2022-07-28,310,
Chroma Shark,2022-08-11,320,
Chroma Shark,2022-08-27,305,
Chroma Shark,2022-08-30,230,
Chroma Shark,2022-09-03,200,
Chroma Shark,2022-09-11,180,
Chroma Shark,2022-09-14,165,
Chroma Shark,2022-09-18,155,
Chroma Shark,2022-09-30,140,
Chroma Shark,2022-10-18,145,
Chroma Shark,2022-10-20,150,
Chroma Shark,2022-10-22,160,
Chroma Shark,2022-10-29,165,
Chroma Shark,2022-10-30,170,
Chroma Shark,2022-11-21,175,
Chroma Shark,2022-11-26,180,
Chroma Shark,2022-12-27,175,
Chroma Shark,2022-12-31,170,
Chroma Shark,2023-01-01,165,
Chroma Shark,2023-01-16,155,
Chroma Shark,2023-01-21,145,
Chroma Shark,2023-03-09,140,
Chroma Shark,2023-03-19,135,
Chroma Shark,2023-03-30,125,
Chroma Shark,2023-05-13,130,
Chroma Shark,2023-05-20,135,
Chroma Shark,2023-05-27,140,
Chroma Shark,2023-06-01,145,
Chroma Shark,2023-06-07,150,
Chroma Shark,2023-06-12,155,
Chroma Shark,2023-06-18,160,
Chroma Shark,2023-06-25,165,
Chroma Shark,2023-07-15,160,
Chroma Shark,2023-07-19,155,
Chroma Shark,2023-07-27,150,
Chroma Shark,2023-08-01,145,
Chroma Shark,2023-09-06,135,
Chroma Shark,2023-09-11,130,
Chroma Shark,2023-09-27,125,
Chroma Shark,2023-10-15,120,
Chroma Shark,2023-11-09,115,
Chroma Shark,2023-12-03,110,
Chroma Shark,2024-01-02,100,
Chroma Shark,2024-03-29,85,
Chroma Shark,2024-04-15,80,
Chroma Shark,2024-04-24,75,
Chroma Shark,2024-07-06,70,
Chroma Shark,2024-08-08,72,
Chroma Shark,2024-08-22,70,
Chroma Shark,2024-10-16,65,
Chroma Shark,2025-05-04,60,
Chroma Shark,2025-05-21,55,
Chroma Shark,2025-11-04,50,
Chroma Shark,2025-11-24,50,2
Chroma Shark,2025-11-25,50,2
Chroma Shark,2025-11-30,50,2
Chroma Shark,2025-12-04,50,2
Chroma Shark,2025-12-21,50,2
Chroma Shark,2025-12-23,50,2
Chroma Shark,2025-12-24,50,2
Chroma Shark,2025-12-26,50,2
Chroma Shark,2025-12-30,50,2
Chroma Shark,2026-01-01,50,2
Chroma Shark,2026-01-17,50,2
Chroma Shark,2026-01-28,50,2
Chroma Shark,2026-03-06,50,2
Chroma Shark,2026-03-11,45,
Chroma Shark,2026-03-14,43,
Chroma Shark,2026-03-21,43,2
Chroma Shark,2026-04-14,43,2
Chroma Shark,2026-04-20,43,2
Chroma Shark,2026-04-22,43,2
Chroma Shark,2026-04-24,43,2
Chroma Shark,2026-04-27,43,2
Chroma Shark,2026-04-28,40,
Chroma Shark,2026-05-02,40,2
Chroma Shark,2026-05-03,40,2
Chroma Shark,2026-05-06,40,2
Chroma Shark,2026-05-09,40,2
Chroma Shark,2026-05-12,40,2
Chroma Shark,2026-05-14,40,2
Chroma Shark,2026-05-17,40,2
Chroma Shark,2026-05-19,40,2
Chroma Shark,2026-05-21,40,2
Chroma Shark,2026-05-24,35,
Chroma Shark,2026-06-14,35,1
Chroma Shark,2026-06-17,32,
Chroma Shark,2026-06-21,32,1
Chroma Shark,2026-06-22,32,1
Chroma Shark,2026-06-26,32,1
Chroma Shark,2026-06-28,32,1
Chroma Shark,2026-07-02,32,1
Chroma Shark,2026-07-03,32,1
Chroma Shark,2026-07-05,32,1
Chroma Shark,2026-07-06,32,1
Chroma Shark,2026-07-12,32,1
Chroma Shark,2026-07-14,32,1
Chroma Shark,2026-07-24,32,1
Chroma Shark,2026-07-25,32,1
Chroma Shark,2026-07-27,32,1
Chroma Shark,2026-07-28,32,1
Chroma Shark,2026-07-30,32,1
Chroma Shark,2026-07-31,32,1
Chroma Shark,2026-08-03,32,1
Chroma Shark,2026-08-04,32,1
Chroma Shark,2026-08-05,32,1
Chroma Shark,2026-08-06,32,1
Chroma Shark,2026-08-07,32,1
Chroma Shark,2026-08-08,32,1
Chroma Shark,2026-08-09,32,1
Chroma Shark,2026-08-10,32,1
Chroma Shark,2026-08-11,32,1
Chroma Shark,2026-08-13,32,1
Chroma Shark,2026-08-14,32,1
Chroma Shark,2026-08-15,32,1
Chroma Shark,2026-08-16,32,1
Chroma Shark,2026-08-17,32,1
Chroma Shark,2026-08-18,32,1
Chroma Shark,2026-08-19,32,1
Chroma Shark,2026-08-20,32,1
Chroma Shark,2026-08-21,32,1
Chroma Shark,2026-08-22,32,1
Chroma Shark,2026-08-24,32,1
Chroma Shark,2026-08-25,32,1
Chroma Shark,2026-09-02,32,1
Chroma Shark,2026-09-03,32,1
Chroma Shark,2026-09-04,32,1
Chroma Shark,2026-09-05,32,1
Chroma Shark,2026-09-06,32,1
Chroma Shark,2026-09-07,32,1
Chroma Shark,2026-09-12,32,1
Chroma Shark,2026-09-17,32,1
Chroma Shark,2026-09-18,32,1
Chroma Shark,2026-09-19,32,1
Chroma Shark,2026-09-20,32,1
Chroma Slasher,2020-08-26,400,
Chroma Slasher,2020-10-04,425,
Chroma Slasher,2020-10-15,340,
Chroma Slasher,2020-10-31,270,
Chroma Slasher,2020-11-10,240,
Chroma Slasher,2020-11-17,220,
Chroma Slasher,2020-11-26,180,
Chroma Slasher,2020-12-03,135,
Chroma Slasher,2020-12-14,110,
Chroma Slasher,2021-01-22,95,
Chroma Slasher,2021-01-26,80,
Chroma Slasher,2021-05-07,60,
Chroma Slasher,2021-05-12,55,
Chroma Slasher,2021-06-13,50,
Chroma Slasher,2021-06-28,40,
Chroma Slasher,2021-07-18,35,
Chroma Slasher,2021-09-09,50,
Chroma Slasher,2021-10-02,60,
Chroma Slasher,2021-10-25,75,
Chroma Slasher,2021-11-22,85,
Chroma Slasher,2021-11-28,90,
Chroma Slasher,2021-12-13,95,
Chroma Slasher,2022-01-08,100,
Chroma Slasher,2022-02-03,110,
Chroma Slasher,2022-02-16,115,
Chroma Slasher,2022-03-07,125,
Chroma Slasher,2022-03-14,135,
Chroma Slasher,2022-04-02,145,
Chroma Slasher,2022-04-06,150,
Chroma Slasher,2022-05-19,170,
Chroma Slasher,2022-05-26,175,
Chroma Slasher,2022-06-06,185,
Chroma Slasher,2022-06-18,195,
Chroma Slasher,2022-06-20,200,
Chroma Slasher,2022-07-06,210,
Chroma Slasher,2022-07-11,235,
Chroma Slasher,2022-07-28,250,
Chroma Slasher,2022-08-11,260,
Chroma Slasher,2022-08-27,245,
Chroma Slasher,2022-08-30,190,
Chroma Slasher,2022-09-03,155,
Chroma Slasher,2022-09-11,140,
Chroma Slasher,2022-09-14,125,
Chroma Slasher,2022-09-18,110,
Chroma Slasher,2022-09-30,100,
Chroma Slasher,2022-10-03,95,
Chroma Slasher,2022-10-18,100,
Chroma Slasher,2022-10-22,105,
Chroma Slasher,2022-10-29,110,
Chroma Slasher,2022-10-30,115,
Chroma Slasher,2022-11-21,120,
Chroma Slasher,2022-12-31,115,
Chroma Slasher,2023-01-01,110,
Chroma Slasher,2023-01-16,100,
Chroma Slasher,2023-03-30,90,
Chroma Slasher,2023-05-13,95,
Chroma Slasher,2023-05-20,100,
Chroma Slasher,2023-06-02,105,
Chroma Slasher,2023-06-07,115,
Chroma Slasher,2023-06-12,120,
Chroma Slasher,2023-06-25,125,
Chroma Slasher,2023-07-15,120,
Chroma Slasher,2023-07-27,115,
Chroma Slasher,2023-08-01,110,
Chroma Slasher,2023-09-08,115,
Chroma Slasher,2023-09-09,120,
Chroma Slasher,2023-09-16,125,
Chroma Slasher,2023-10-15,120,
Chroma Slasher,2023-12-03,110,
Chroma Slasher,2024-03-29,90,
Chroma Slasher,2024-04-15,85,
Chroma Slasher,2024-04-24,80,
Chroma Slasher,2024-05-20,75,
Chroma Slasher,2024-05-26,70,
Chroma Slasher,2024-07-06,65,
Chroma Slasher,2024-08-08,67,
Chroma Slasher,2024-08-22,65,
Chroma Slasher,2025-04-13,60,
Chroma Slasher,2025-09-17,55,
Chroma Slasher,2025-11-04,50,
Chroma Slasher,2025-11-24,50,2
Chroma Slasher,2025-11-25,50,2
Chroma Slasher,2025-11-30,50,2
Chroma Slasher,2025-12-04,50,2
Chroma Slasher,2025-12-21,50,2
Chroma Slasher,2025-12-23,50,2
Chroma Slasher,2025-12-24,50,2
Chroma Slasher,2025-12-26,50,2
Chroma Slasher,2025-12-30,50,2
Chroma Slasher,2026-01-01,50,2
Chroma Slasher,2026-01-17,50,2
Chroma Slasher,2026-01-28,50,2
Chroma Slasher,2026-03-06,50,2
Chroma Slasher,2026-03-14,45,
Chroma Slasher,2026-03-21,45,2
Chroma Slasher,2026-04-14,45,2
Chroma Slasher,2026-04-20,45,2
Chroma Slasher,2026-04-22,45,2
Chroma Slasher,2026-04-24,45,2
Chroma Slasher,2026-04-27,45,2
Chroma Slasher,2026-04-28,42,
Chroma Slasher,2026-05-02,42,2
Chroma Slasher,2026-05-03,42,2
Chroma Slasher,2026-05-06,42,2
Chroma Slasher,2026-05-09,42,2
Chroma Slasher,2026-05-12,42,2
Chroma Slasher,2026-05-14,42,2
Chroma Slasher,2026-05-17,42,2
Chroma Slasher,2026-05-19,42,2
Chroma Slasher,2026-05-21,42,2
Chroma Slasher,2026-05-24,38,
Chroma Slasher,2026-06-14,38,1
Chroma Slasher,2026-06-21,38,1
Chroma Slasher,2026-06-22,38,1
Chroma Slasher,2026-06-26,38,1
Chroma Slasher,2026-06-28,38,1
Chroma Slasher,2026-07-02,38,1
Chroma Slasher,2026-07-03,38,1
Chroma Slasher,2026-07-05,38,1
Chroma Slasher,2026-07-06,38,1
Chroma Slasher,2026-07-07,35,
Chroma Slasher,2026-07-12,33,
Chroma Slasher,2026-07-14,33,1
Chroma Slasher,2026-07-21,32,
Chroma Slasher,2026-07-24,32,1
Chroma Slasher,2026-07-25,32,1
Chroma Slasher,2026-07-27,32,1
Chroma Slasher,2026-07-28,32,1
Chroma Slasher,2026-07-30,32,1
Chroma Slasher,2026-07-31,32,1
Chroma Slasher,2026-08-03,32,1
Chroma Slasher,2026-08-04,32,1
Chroma Slasher,2026-08-05,32,1
Chroma Slasher,2026-08-06,32,1
Chroma Slasher,2026-08-07,32,1
Chroma Slasher,2026-08-08,32,1
Chroma Slasher,2026-08-09,32,1
Chroma Slasher,2026-08-10,32,1
Chroma Slasher,2026-08-11,32,1
Chroma Slasher,2026-08-13,32,1
Chroma Slasher,2026-08-14,32,1
Chroma Slasher,2026-08-15,32,1
Chroma Slasher,2026-08-16,32,1
Chroma Slasher,2026-08-17,32,1
Chroma Slasher,2026-08-18,32,1
Chroma Slasher,2026-08-19,32,1
Chroma Slasher,2026-08-20,32,1
Chroma Slasher,2026-08-21,32,1
Chroma Slasher,2026-08-22,32,1
Chroma Slasher,2026-08-24,32,1
Chroma Slasher,2026-08-25,32,1
Chroma Slasher,2026-09-02,32,1
Chroma Slasher,2026-09-03,32,1
Chroma Slasher,2026-09-04,32,1
Chroma Slasher,2026-09-05,32,1
Chroma Slasher,2026-09-06,32,1
Chroma Slasher,2026-09-07,32,1
Chroma Slasher,2026-09-12,32,1
Chroma Slasher,2026-09-17,32,1
Chroma Slasher,2026-09-18,32,1
Chroma Slasher,2026-09-19,32,1
Chroma Slasher,2026-09-20,32,1
Chroma Snow Dagger,2025-12-15,6500,
Chroma Snow Dagger,2025-12-17,6000,
Chroma Snow Dagger,2025-12-18,5700,
Chroma Snow Dagger,2025-12-19,5000,
Chroma Snow Dagger,2025-12-21,4700,
Chroma Snow Dagger,2025-12-23,4700,6
Chroma Snow Dagger,2025-12-24,4200,
Chroma Snow Dagger,2025-12-26,4200,6
Chroma Snow Dagger,2025-12-30,4200,6
Chroma Snow Dagger,2026-01-01,4300,
Chroma Snow Dagger,2026-01-04,4600,
Chroma Snow Dagger,2026-01-06,4800,
Chroma Snow Dagger,2026-01-08,5000,
Chroma Snow Dagger,2026-01-11,6500,
Chroma Snow Dagger,2026-01-14,8000,
Chroma Snow Dagger,2026-01-16,9500,
Chroma Snow Dagger,2026-01-17,9500,7
Chroma Snow Dagger,2026-01-18,10000,
Chroma Snow Dagger,2026-01-20,9500,
Chroma Snow Dagger,2026-01-22,9000,
Chroma Snow Dagger,2026-01-24,8000,
Chroma Snow Dagger,2026-01-27,7000,
Chroma Snow Dagger,2026-01-28,6750,
Chroma Snow Dagger,2026-01-31,7000,
Chroma Snow Dagger,2026-02-01,7250,
Chroma Snow Dagger,2026-02-04,7500,
Chroma Snow Dagger,2026-02-08,7250,
Chroma Snow Dagger,2026-02-10,7000,
Chroma Snow Dagger,2026-02-15,6750,
Chroma Snow Dagger,2026-02-23,6500,
Chroma Snow Dagger,2026-02-25,6250,
Chroma Snow Dagger,2026-02-27,6000,
Chroma Snow Dagger,2026-03-06,6000,5
Chroma Snow Dagger,2026-03-09,5750,
Chroma Snow Dagger,2026-03-11,5500,
Chroma Snow Dagger,2026-03-14,5200,
Chroma Snow Dagger,2026-03-16,5000,
Chroma Snow Dagger,2026-03-19,4800,
Chroma Snow Dagger,2026-03-21,4500,
Chroma Snow Dagger,2026-03-24,4250,
Chroma Snow Dagger,2026-03-26,4100,
Chroma Snow Dagger,2026-03-30,3900,
Chroma Snow Dagger,2026-03-31,3700,
Chroma Snow Dagger,2026-04-14,3700,5
Chroma Snow Dagger,2026-04-20,3700,5
Chroma Snow Dagger,2026-04-22,3700,5
Chroma Snow Dagger,2026-04-23,3800,
Chroma Snow Dagger,2026-04-24,3800,5
Chroma Snow Dagger,2026-04-26,4000,
Chroma Snow Dagger,2026-04-27,4000,6
Chroma Snow Dagger,2026-04-28,4250,
Chroma Snow Dagger,2026-05-01,4500,
Chroma Snow Dagger,2026-05-02,4500,6
Chroma Snow Dagger,2026-05-03,4750,
Chroma Snow Dagger,2026-05-06,5000,
Chroma Snow Dagger,2026-05-08,5250,
Chroma Snow Dagger,2026-05-09,5250,6
Chroma Snow Dagger,2026-05-11,5500,
Chroma Snow Dagger,2026-05-12,5500,6
Chroma Snow Dagger,2026-05-14,5750,
Chroma Snow Dagger,2026-05-17,5750,6
Chroma Snow Dagger,2026-05-19,5750,6
Chroma Snow Dagger,2026-05-21,5750,6
Chroma Snow Dagger,2026-05-24,5750,5
Chroma Snow Dagger,2026-06-14,5750,5
Chroma Snow Dagger,2026-06-17,5500,
Chroma Snow Dagger,2026-06-19,5250,
Chroma Snow Dagger,2026-06-21,5250,5
Chroma Snow Dagger,2026-06-22,5000,
Chroma Snow Dagger,2026-06-24,4750,
Chroma Snow Dagger,2026-06-26,4750,5
Chroma Snow Dagger,2026-06-27,4500,
Chroma Snow Dagger,2026-06-28,4500,5
Chroma Snow Dagger,2026-07-02,4500,5
Chroma Snow Dagger,2026-07-03,4500,5
Chroma Snow Dagger,2026-07-05,4500,5
Chroma Snow Dagger,2026-07-06,4500,5
Chroma Snow Dagger,2026-07-12,4500,5
Chroma Snow Dagger,2026-07-14,4500,5
Chroma Snow Dagger,2026-07-18,4250,
Chroma Snow Dagger,2026-07-24,4250,5
Chroma Snow Dagger,2026-07-25,4250,5
Chroma Snow Dagger,2026-07-27,4250,5
Chroma Snow Dagger,2026-07-28,4250,5
Chroma Snow Dagger,2026-07-30,4250,5
Chroma Snow Dagger,2026-07-31,4250,5
Chroma Snow Dagger,2026-08-03,4000,
Chroma Snow Dagger,2026-08-04,4000,5
Chroma Snow Dagger,2026-08-05,4000,5
Chroma Snow Dagger,2026-08-06,4000,5
Chroma Snow Dagger,2026-08-07,4000,5
Chroma Snow Dagger,2026-08-08,4000,5
Chroma Snow Dagger,2026-08-09,4000,5
Chroma Snow Dagger,2026-08-10,3750,
Chroma Snow Dagger,2026-08-11,3750,5
Chroma Snow Dagger,2026-08-12,3500,
Chroma Snow Dagger,2026-08-13,3500,5
Chroma Snow Dagger,2026-08-14,3500,5
Chroma Snow Dagger,2026-08-15,3250,
Chroma Snow Dagger,2026-08-16,3250,5
Chroma Snow Dagger,2026-08-17,3250,5
Chroma Snow Dagger,2026-08-18,3000,
Chroma Snow Dagger,2026-08-19,3000,5
Chroma Snow Dagger,2026-08-20,2750,
Chroma Snow Dagger,2026-08-21,2750,5
Chroma Snow Dagger,2026-08-22,2750,5
Chroma Snow Dagger,2026-08-23,2500,
Chroma Snow Dagger,2026-08-24,2500,5
Chroma Snow Dagger,2026-08-25,2500,5
Chroma Snow Dagger,2026-09-01,2450,
Chroma Snow Dagger,2026-09-02,2350,
Chroma Snow Dagger,2026-09-03,2350,5
Chroma Snow Dagger,2026-09-04,2350,5
Chroma Snow Dagger,2026-09-05,2350,5
Chroma Snow Dagger,2026-09-06,2350,5
Chroma Snow Dagger,2026-09-07,2350,5
Chroma Snow Dagger,2026-09-12,2350,5
Chroma Snow Dagger,2026-09-17,2350,5
Chroma Snow Dagger,2026-09-18,2350,5
Chroma Snow Dagger,2026-09-19,2350,5
Chroma Snow Dagger,2026-09-20,2350,5
Chroma Snowcannon,2025-12-18,20000,
Chroma Snowcannon,2025-12-21,20000,9
Chroma Snowcannon,2025-12-23,20000,9
Chroma Snowcannon,2025-12-24,20000,9
Chroma Snowcannon,2025-12-26,13000,
Chroma Snowcannon,2025-12-27,9000,
Chroma Snowcannon,2025-12-28,7000,
Chroma Snowcannon,2025-12-29,6500,
Chroma Snowcannon,2025-12-30,6500,6
Chroma Snowcannon,2026-01-01,6250,
Chroma Snowcannon,2026-01-06,6400,
Chroma Snowcannon,2026-01-08,6550,
Chroma Snowcannon,2026-01-11,6600,
Chroma Snowcannon,2026-01-14,7500,
Chroma Snowcannon,2026-01-16,8500,
Chroma Snowcannon,2026-01-17,8500,7
Chroma Snowcannon,2026-01-18,9000,
Chroma Snowcannon,2026-01-20,9500,
Chroma Snowcannon,2026-01-22,9750,
Chroma Snowcannon,2026-01-24,10000,
Chroma Snowcannon,2026-01-27,9500,
Chroma Snowcannon,2026-01-28,9000,
Chroma Snowcannon,2026-01-31,8500,
Chroma Snowcannon,2026-02-01,8250,
Chroma Snowcannon,2026-02-15,8500,
Chroma Snowcannon,2026-02-16,9000,
Chroma Snowcannon,2026-02-17,9500,
Chroma Snowcannon,2026-02-19,10000,
Chroma Snowcannon,2026-02-21,10250,
Chroma Snowcannon,2026-02-23,10000,
Chroma Snowcannon,2026-02-25,9500,
Chroma Snowcannon,2026-02-27,9000,
Chroma Snowcannon,2026-03-01,8750,
Chroma Snowcannon,2026-03-04,8500,
Chroma Snowcannon,2026-03-06,8250,
Chroma Snowcannon,2026-03-21,8500,
Chroma Snowcannon,2026-03-24,8750,
Chroma Snowcannon,2026-03-26,9000,
Chroma Snowcannon,2026-03-30,9250,
Chroma Snowcannon,2026-03-31,9500,
Chroma Snowcannon,2026-04-14,9500,6
Chroma Snowcannon,2026-04-16,9250,
Chroma Snowcannon,2026-04-18,9000,
Chroma Snowcannon,2026-04-20,9000,6
Chroma Snowcannon,2026-04-21,8750,
Chroma Snowcannon,2026-04-22,8750,5
Chroma Snowcannon,2026-04-23,8250,
Chroma Snowcannon,2026-04-24,8250,5
Chroma Snowcannon,2026-04-26,8000,
Chroma Snowcannon,2026-04-27,8000,5
Chroma Snowcannon,2026-04-28,7750,
Chroma Snowcannon,2026-05-01,8000,
Chroma Snowcannon,2026-05-02,8000,6
Chroma Snowcannon,2026-05-03,8250,
Chroma Snowcannon,2026-05-06,8500,
Chroma Snowcannon,2026-05-09,8500,6
Chroma Snowcannon,2026-05-12,8500,6
Chroma Snowcannon,2026-05-14,8500,6
Chroma Snowcannon,2026-05-17,8500,6
Chroma Snowcannon,2026-05-19,8500,6
Chroma Snowcannon,2026-05-21,8500,6
Chroma Snowcannon,2026-05-24,8500,6
Chroma Snowcannon,2026-06-14,8500,6
Chroma Snowcannon,2026-06-21,8500,6
Chroma Snowcannon,2026-06-22,8500,6
Chroma Snowcannon,2026-06-26,8500,6
Chroma Snowcannon,2026-06-28,8500,6
Chroma Snowcannon,2026-07-02,8500,6
Chroma Snowcannon,2026-07-03,8500,6
Chroma Snowcannon,2026-07-05,8500,6
Chroma Snowcannon,2026-07-06,8500,6
Chroma Snowcannon,2026-07-12,8500,6
Chroma Snowcannon,2026-07-14,8500,6
Chroma Snowcannon,2026-07-24,8500,6
Chroma Snowcannon,2026-07-25,8500,6
Chroma Snowcannon,2026-07-27,8500,6
Chroma Snowcannon,2026-07-28,8500,6
Chroma Snowcannon,2026-07-30,8500,6
Chroma Snowcannon,2026-07-31,8250,
Chroma Snowcannon,2026-08-03,8000,
Chroma Snowcannon,2026-08-04,8000,5
Chroma Snowcannon,2026-08-05,8000,5
Chroma Snowcannon,2026-08-06,8000,5
Chroma Snowcannon,2026-08-07,8000,5
Chroma Snowcannon,2026-08-08,8000,5
Chroma Snowcannon,2026-08-09,8000,5
Chroma Snowcannon,2026-08-10,7750,
Chroma Snowcannon,2026-08-11,7750,5
Chroma Snowcannon,2026-08-13,7750,5
Chroma Snowcannon,2026-08-14,7750,5
Chroma Snowcannon,2026-08-15,7750,5
Chroma Snowcannon,2026-08-16,7750,5
Chroma Snowcannon,2026-08-17,7750,5
Chroma Snowcannon,2026-08-18,7750,5
Chroma Snowcannon,2026-08-19,7750,5
Chroma Snowcannon,2026-08-20,7750,5
Chroma Snowcannon,2026-08-21,7750,5
Chroma Snowcannon,2026-08-22,7750,5
Chroma Snowcannon,2026-08-24,7750,5
Chroma Snowcannon,2026-08-25,7750,5
Chroma Snowcannon,2026-09-02,7750,5
Chroma Snowcannon,2026-09-03,7750,5
Chroma Snowcannon,2026-09-04,7750,5
Chroma Snowcannon,2026-09-05,7750,5
Chroma Snowcannon,2026-09-06,7750,5
Chroma Snowcannon,2026-09-07,7750,5
Chroma Snowcannon,2026-09-12,7750,5
Chroma Snowcannon,2026-09-17,7750,5
Chroma Snowcannon,2026-09-18,7750,5
Chroma Snowcannon,2026-09-19,7750,5
Chroma Snowcannon,2026-09-20,7750,5
Chroma Snowstorm,2025-12-15,5000,
Chroma Snowstorm,2025-12-21,5000,7
Chroma Snowstorm,2025-12-23,5000,7
Chroma Snowstorm,2025-12-24,4800,
Chroma Snowstorm,2025-12-26,4800,7
Chroma Snowstorm,2025-12-27,5000,
Chroma Snowstorm,2025-12-28,5400,
Chroma Snowstorm,2025-12-29,5800,
Chroma Snowstorm,2025-12-30,5800,7
Chroma Snowstorm,2026-01-01,6000,
Chroma Snowstorm,2026-01-04,6200,
Chroma Snowstorm,2026-01-06,6300,
Chroma Snowstorm,2026-01-08,6450,
Chroma Snowstorm,2026-01-11,6800,
Chroma Snowstorm,2026-01-14,9000,
Chroma Snowstorm,2026-01-16,12000,
Chroma Snowstorm,2026-01-17,12000,7
Chroma Snowstorm,2026-01-18,13500,
Chroma Snowstorm,2026-01-22,13000,
Chroma Snowstorm,2026-01-24,12500,
Chroma Snowstorm,2026-01-28,12500,7
Chroma Snowstorm,2026-02-06,12250,
Chroma Snowstorm,2026-02-08,12000,
Chroma Snowstorm,2026-02-10,11750,
Chroma Snowstorm,2026-02-15,11250,
Chroma Snowstorm,2026-02-16,10750,
Chroma Snowstorm,2026-02-17,10250,
Chroma Snowstorm,2026-02-19,10000,
Chroma Snowstorm,2026-02-21,9750,
Chroma Snowstorm,2026-02-23,9500,
Chroma Snowstorm,2026-02-25,9250,
Chroma Snowstorm,2026-02-27,9000,
Chroma Snowstorm,2026-03-01,8750,
Chroma Snowstorm,2026-03-04,8500,
Chroma Snowstorm,2026-03-06,8500,6
Chroma Snowstorm,2026-03-14,8250,
Chroma Snowstorm,2026-03-16,8000,
Chroma Snowstorm,2026-03-19,7750,
Chroma Snowstorm,2026-03-21,7500,
Chroma Snowstorm,2026-03-24,7250,
Chroma Snowstorm,2026-03-26,7000,
Chroma Snowstorm,2026-03-30,6750,
Chroma Snowstorm,2026-03-31,6500,
Chroma Snowstorm,2026-04-04,6250,
Chroma Snowstorm,2026-04-07,6000,
Chroma Snowstorm,2026-04-11,5750,
Chroma Snowstorm,2026-04-13,5500,
Chroma Snowstorm,2026-04-14,5500,5
Chroma Snowstorm,2026-04-16,5250,
Chroma Snowstorm,2026-04-18,5000,
Chroma Snowstorm,2026-04-20,5000,5
Chroma Snowstorm,2026-04-21,4750,
Chroma Snowstorm,2026-04-22,4750,5
Chroma Snowstorm,2026-04-23,4500,
Chroma Snowstorm,2026-04-24,4500,5
Chroma Snowstorm,2026-04-26,4250,
Chroma Snowstorm,2026-04-27,4250,5
Chroma Snowstorm,2026-04-28,4250,5
Chroma Snowstorm,2026-05-02,4250,5
Chroma Snowstorm,2026-05-03,4250,5
Chroma Snowstorm,2026-05-06,4250,5
Chroma Snowstorm,2026-05-09,4250,5
Chroma Snowstorm,2026-05-12,4250,5
Chroma Snowstorm,2026-05-14,4250,5
Chroma Snowstorm,2026-05-17,4250,5
Chroma Snowstorm,2026-05-19,4250,5
Chroma Snowstorm,2026-05-21,4250,5
Chroma Snowstorm,2026-05-24,4250,5
Chroma Snowstorm,2026-06-14,4250,5
Chroma Snowstorm,2026-06-21,4250,5
Chroma Snowstorm,2026-06-22,4250,5
Chroma Snowstorm,2026-06-26,4250,5
Chroma Snowstorm,2026-06-28,4250,5
Chroma Snowstorm,2026-07-02,4250,5
Chroma Snowstorm,2026-07-03,4250,5
Chroma Snowstorm,2026-07-05,4250,5
Chroma Snowstorm,2026-07-06,4250,5
Chroma Snowstorm,2026-07-12,4200,
Chroma Snowstorm,2026-07-13,4250,
Chroma Snowstorm,2026-07-14,4250,5
Chroma Snowstorm,2026-07-24,4250,5
Chroma Snowstorm,2026-07-25,4250,5
Chroma Snowstorm,2026-07-27,4250,5
Chroma Snowstorm,2026-07-28,4250,5
Chroma Snowstorm,2026-07-30,4250,5
Chroma Snowstorm,2026-07-31,4250,5
Chroma Snowstorm,2026-08-03,4250,5
Chroma Snowstorm,2026-08-04,4250,5
Chroma Snowstorm,2026-08-05,4250,5
Chroma Snowstorm,2026-08-06,4250,5
Chroma Snowstorm,2026-08-07,4250,5
Chroma Snowstorm,2026-08-08,4250,5
Chroma Snowstorm,2026-08-09,4250,5
Chroma Snowstorm,2026-08-10,4250,5
Chroma Snowstorm,2026-08-11,4250,5
Chroma Snowstorm,2026-08-13,4250,5
Chroma Snowstorm,2026-08-14,4250,5
Chroma Snowstorm,2026-08-15,4250,5
Chroma Snowstorm,2026-08-16,4250,5
Chroma Snowstorm,2026-08-17,4250,5
Chroma Snowstorm,2026-08-18,4250,5
Chroma Snowstorm,2026-08-19,4250,5
Chroma Snowstorm,2026-08-20,4250,5
Chroma Snowstorm,2026-08-21,4250,5
Chroma Snowstorm,2026-08-22,4250,5
Chroma Snowstorm,2026-08-24,4250,5
Chroma Snowstorm,2026-08-25,4250,5
Chroma Snowstorm,2026-09-02,4250,5
Chroma Snowstorm,2026-09-03,4250,5
Chroma Snowstorm,2026-09-04,4250,5
Chroma Snowstorm,2026-09-05,4250,5
Chroma Snowstorm,2026-09-06,4250,5
Chroma Snowstorm,2026-09-07,4250,5
Chroma Snowstorm,2026-09-12,4250,5
Chroma Snowstorm,2026-09-17,4250,5
Chroma Snowstorm,2026-09-18,4250,5
Chroma Snowstorm,2026-09-19,4250,5
Chroma Snowstorm,2026-09-20,4250,5
Chroma Sunrise,2025-07-21,18000,
Chroma Sunrise,2025-07-24,15000,
Chroma Sunrise,2025-07-28,9000,
Chroma Sunrise,2025-08-01,7500,
Chroma Sunrise,2025-08-03,5500,
Chroma Sunrise,2025-08-07,4000,
Chroma Sunrise,2025-08-11,4500,
Chroma Sunrise,2025-08-26,4750,
Chroma Sunrise,2025-08-30,5000,
Chroma Sunrise,2025-09-03,5500,
Chroma Sunrise,2025-09-05,5750,
Chroma Sunrise,2025-09-09,5500,
Chroma Sunrise,2025-09-13,5250,
Chroma Sunrise,2025-09-17,5200,
Chroma Sunrise,2025-10-10,5250,
Chroma Sunrise,2025-10-15,5300,
Chroma Sunrise,2025-10-19,5500,
Chroma Sunrise,2025-10-21,5650,
Chroma Sunrise,2025-10-23,5750,
Chroma Sunrise,2025-10-28,5850,
Chroma Sunrise,2025-11-01,6000,
Chroma Sunrise,2025-11-04,6150,
Chroma Sunrise,2025-11-06,6300,
Chroma Sunrise,2025-11-11,6400,
Chroma Sunrise,2025-11-24,6400,6
Chroma Sunrise,2025-11-25,6400,6
Chroma Sunrise,2025-11-30,6450,
Chroma Sunrise,2025-12-01,6500,
Chroma Sunrise,2025-12-04,6750,
Chroma Sunrise,2025-12-08,7000,
Chroma Sunrise,2025-12-11,7250,
Chroma Sunrise,2025-12-21,7250,6
Chroma Sunrise,2025-12-23,7250,6
Chroma Sunrise,2025-12-24,7300,
Chroma Sunrise,2025-12-26,7300,6
Chroma Sunrise,2025-12-30,7300,6
Chroma Sunrise,2026-01-01,7300,6
Chroma Sunrise,2026-01-16,7400,
Chroma Sunrise,2026-01-17,7400,6
Chroma Sunrise,2026-01-18,7500,
Chroma Sunrise,2026-01-20,7700,
Chroma Sunrise,2026-01-22,8000,
Chroma Sunrise,2026-01-24,8500,
Chroma Sunrise,2026-01-27,9000,
Chroma Sunrise,2026-01-28,10000,
Chroma Sunrise,2026-01-31,11000,
Chroma Sunrise,2026-02-01,11500,
Chroma Sunrise,2026-02-06,11250,
Chroma Sunrise,2026-02-08,11000,
Chroma Sunrise,2026-02-10,10750,
Chroma Sunrise,2026-02-15,10500,
Chroma Sunrise,2026-02-16,10000,
Chroma Sunrise,2026-02-17,9800,
Chroma Sunrise,2026-02-19,9700,
Chroma Sunrise,2026-02-21,10000,
Chroma Sunrise,2026-02-23,10500,
Chroma Sunrise,2026-02-25,10750,
Chroma Sunrise,2026-02-27,11000,
Chroma Sunrise,2026-03-01,10700,
Chroma Sunrise,2026-03-04,10500,
Chroma Sunrise,2026-03-06,10500,6
Chroma Sunrise,2026-03-21,10500,6
Chroma Sunrise,2026-03-26,10750,
Chroma Sunrise,2026-03-30,11000,
Chroma Sunrise,2026-03-31,11250,
Chroma Sunrise,2026-04-04,11500,
Chroma Sunrise,2026-04-07,11750,
Chroma Sunrise,2026-04-11,12000,
Chroma Sunrise,2026-04-14,12000,6
Chroma Sunrise,2026-04-16,11750,
Chroma Sunrise,2026-04-18,11500,
Chroma Sunrise,2026-04-20,11500,6
Chroma Sunrise,2026-04-21,11250,
Chroma Sunrise,2026-04-22,11250,6
Chroma Sunrise,2026-04-23,11000,
Chroma Sunrise,2026-04-24,11000,6
Chroma Sunrise,2026-04-26,10750,
Chroma Sunrise,2026-04-27,10750,6
Chroma Sunrise,2026-04-28,10500,
Chroma Sunrise,2026-05-01,10250,
Chroma Sunrise,2026-05-02,10250,6
Chroma Sunrise,2026-05-03,10250,6
Chroma Sunrise,2026-05-06,10500,
Chroma Sunrise,2026-05-08,10750,
Chroma Sunrise,2026-05-09,10750,6
Chroma Sunrise,2026-05-11,11000,
Chroma Sunrise,2026-05-12,11000,6
Chroma Sunrise,2026-05-14,11250,
Chroma Sunrise,2026-05-17,11250,6
Chroma Sunrise,2026-05-19,11250,6
Chroma Sunrise,2026-05-21,11250,6
Chroma Sunrise,2026-05-24,11250,6
Chroma Sunrise,2026-06-14,11250,6
Chroma Sunrise,2026-06-21,11250,6
Chroma Sunrise,2026-06-22,11250,6
Chroma Sunrise,2026-06-26,11250,6
Chroma Sunrise,2026-06-28,11250,6
Chroma Sunrise,2026-07-02,11250,6
Chroma Sunrise,2026-07-03,11500,
Chroma Sunrise,2026-07-05,11500,6
Chroma Sunrise,2026-07-06,11500,6
Chroma Sunrise,2026-07-07,11750,
Chroma Sunrise,2026-07-09,12000,
Chroma Sunrise,2026-07-12,12250,
Chroma Sunrise,2026-07-13,12500,
Chroma Sunrise,2026-07-14,12500,6
Chroma Sunrise,2026-07-16,12750,
Chroma Sunrise,2026-07-18,13000,
Chroma Sunrise,2026-07-21,13250,
Chroma Sunrise,2026-07-24,13250,6
Chroma Sunrise,2026-07-25,13250,6
Chroma Sunrise,2026-07-27,13250,6
Chroma Sunrise,2026-07-28,13250,6
Chroma Sunrise,2026-07-30,13250,6
Chroma Sunrise,2026-07-31,13250,6
Chroma Sunrise,2026-08-03,13250,6
Chroma Sunrise,2026-08-04,13250,6
Chroma Sunrise,2026-08-05,13250,6
Chroma Sunrise,2026-08-06,13250,6
Chroma Sunrise,2026-08-07,13250,6
Chroma Sunrise,2026-08-08,13250,6
Chroma Sunrise,2026-08-09,13250,6
Chroma Sunrise,2026-08-10,13250,6
Chroma Sunrise,2026-08-11,13250,6
Chroma Sunrise,2026-08-13,13250,6
Chroma Sunrise,2026-08-14,13250,6
Chroma Sunrise,2026-08-15,13250,6
Chroma Sunrise,2026-08-16,13250,6
Chroma Sunrise,2026-08-17,13250,6
Chroma Sunrise,2026-08-18,13250,6
Chroma Sunrise,2026-08-19,13250,6
Chroma Sunrise,2026-08-20,13250,6
Chroma Sunrise,2026-08-21,13250,6
Chroma Sunrise,2026-08-22,13250,6
Chroma Sunrise,2026-08-24,13250,6
Chroma Sunrise,2026-08-25,13250,6
Chroma Sunrise,2026-08-26,13000,
Chroma Sunrise,2026-08-28,12750,
Chroma Sunrise,2026-08-30,12500,
Chroma Sunrise,2026-09-01,12250,
Chroma Sunrise,2026-09-02,12000,
Chroma Sunrise,2026-09-03,12000,5
Chroma Sunrise,2026-09-04,11750,
Chroma Sunrise,2026-09-05,11750,5
Chroma Sunrise,2026-09-06,11750,5
Chroma Sunrise,2026-09-07,11500,
Chroma Sunrise,2026-09-09,11250,
Chroma Sunrise,2026-09-12,11000,
Chroma Sunrise,2026-09-13,10750,
Chroma Sunrise,2026-09-17,10750,5
Chroma Sunrise,2026-09-18,10750,5
Chroma Sunrise,2026-09-19,10750,5
Chroma Sunrise,2026-09-20,10750,5
Chroma Sunset,2025-07-21,15000,
Chroma Sunset,2025-07-24,12000,
Chroma Sunset,2025-07-28,8000,
Chroma Sunset,2025-08-01,6500,
Chroma Sunset,2025-08-03,4500,
Chroma Sunset,2025-08-07,3000,
Chroma Sunset,2025-08-11,3500,
Chroma Sunset,2025-08-26,3250,
Chroma Sunset,2025-08-30,3000,
Chroma Sunset,2025-09-09,2900,
Chroma Sunset,2025-09-13,2800,
Chroma Sunset,2025-09-17,2700,
Chroma Sunset,2025-09-18,2600,
Chroma Sunset,2025-09-23,2500,
Chroma Sunset,2025-09-25,2400,
Chroma Sunset,2025-09-28,2300,
Chroma Sunset,2025-10-02,2200,
Chroma Sunset,2025-10-08,2150,
Chroma Sunset,2025-10-15,2200,
Chroma Sunset,2025-10-19,2250,
Chroma Sunset,2025-10-21,2350,
Chroma Sunset,2025-10-23,2450,
Chroma Sunset,2025-10-28,2550,
Chroma Sunset,2025-11-01,2700,
Chroma Sunset,2025-11-04,2850,
Chroma Sunset,2025-11-06,3000,
Chroma Sunset,2025-11-11,3100,
Chroma Sunset,2025-11-24,3100,6
Chroma Sunset,2025-11-25,3100,6
Chroma Sunset,2025-11-30,3150,
Chroma Sunset,2025-12-01,3200,
Chroma Sunset,2025-12-04,3500,
Chroma Sunset,2025-12-08,3800,
Chroma Sunset,2025-12-11,4000,
Chroma Sunset,2025-12-15,4100,
Chroma Sunset,2025-12-21,4100,6
Chroma Sunset,2025-12-23,4100,6
Chroma Sunset,2025-12-24,4100,6
Chroma Sunset,2025-12-26,4100,6
Chroma Sunset,2025-12-30,4100,6
Chroma Sunset,2026-01-01,4100,6
Chroma Sunset,2026-01-16,4200,
Chroma Sunset,2026-01-17,4200,6
Chroma Sunset,2026-01-18,4400,
Chroma Sunset,2026-01-20,4700,
Chroma Sunset,2026-01-22,5000,
Chroma Sunset,2026-01-24,5500,
Chroma Sunset,2026-01-27,6000,
Chroma Sunset,2026-01-28,6800,
Chroma Sunset,2026-01-31,7500,
Chroma Sunset,2026-02-01,8000,
Chroma Sunset,2026-02-06,7750,
Chroma Sunset,2026-02-08,7250,
Chroma Sunset,2026-02-10,7000,
Chroma Sunset,2026-02-15,6750,
Chroma Sunset,2026-02-16,6300,
Chroma Sunset,2026-02-17,6200,
Chroma Sunset,2026-02-19,6000,
Chroma Sunset,2026-02-21,6100,
Chroma Sunset,2026-02-23,6250,
Chroma Sunset,2026-02-25,6400,
Chroma Sunset,2026-02-27,6500,
Chroma Sunset,2026-03-01,6300,
Chroma Sunset,2026-03-04,6200,
Chroma Sunset,2026-03-06,6200,6
Chroma Sunset,2026-03-21,6200,6
Chroma Sunset,2026-03-26,6250,
Chroma Sunset,2026-03-30,6500,
Chroma Sunset,2026-03-31,6750,
Chroma Sunset,2026-04-04,7000,
Chroma Sunset,2026-04-07,7500,
Chroma Sunset,2026-04-14,7500,6
Chroma Sunset,2026-04-16,7250,
Chroma Sunset,2026-04-18,7000,
Chroma Sunset,2026-04-20,7000,6
Chroma Sunset,2026-04-21,6750,
Chroma Sunset,2026-04-22,6750,5
Chroma Sunset,2026-04-23,6500,
Chroma Sunset,2026-04-24,6500,5
Chroma Sunset,2026-04-26,6250,
Chroma Sunset,2026-04-27,6250,5
Chroma Sunset,2026-04-28,6000,
Chroma Sunset,2026-05-01,5750,
Chroma Sunset,2026-05-02,5750,5
Chroma Sunset,2026-05-03,5750,5
Chroma Sunset,2026-05-06,6000,
Chroma Sunset,2026-05-08,6250,
Chroma Sunset,2026-05-09,6250,6
Chroma Sunset,2026-05-11,6500,
Chroma Sunset,2026-05-12,6500,6
Chroma Sunset,2026-05-14,6500,6
Chroma Sunset,2026-05-17,6500,5
Chroma Sunset,2026-05-19,6500,5
Chroma Sunset,2026-05-21,6500,5
Chroma Sunset,2026-05-24,6500,5
Chroma Sunset,2026-06-14,6500,5
Chroma Sunset,2026-06-21,6500,5
Chroma Sunset,2026-06-22,6500,5
Chroma Sunset,2026-06-26,6500,5
Chroma Sunset,2026-06-28,6500,5
Chroma Sunset,2026-07-02,6500,5
Chroma Sunset,2026-07-03,6500,5
Chroma Sunset,2026-07-05,6500,5
Chroma Sunset,2026-07-06,6500,5
Chroma Sunset,2026-07-07,6750,
Chroma Sunset,2026-07-09,7000,
Chroma Sunset,2026-07-12,7250,
Chroma Sunset,2026-07-13,7500,
Chroma Sunset,2026-07-14,7500,6
Chroma Sunset,2026-07-16,7750,
Chroma Sunset,2026-07-18,8000,
Chroma Sunset,2026-07-21,8250,
Chroma Sunset,2026-07-24,8250,6
Chroma Sunset,2026-07-25,8250,6
Chroma Sunset,2026-07-27,8250,6
Chroma Sunset,2026-07-28,8250,6
Chroma Sunset,2026-07-30,8250,6
Chroma Sunset,2026-07-31,8250,6
Chroma Sunset,2026-08-03,8500,
Chroma Sunset,2026-08-04,8500,6
Chroma Sunset,2026-08-05,8500,6
Chroma Sunset,2026-08-06,8750,
Chroma Sunset,2026-08-07,8750,6
Chroma Sunset,2026-08-08,8750,6
Chroma Sunset,2026-08-09,8750,6
Chroma Sunset,2026-08-10,9000,
Chroma Sunset,2026-08-11,9000,6
Chroma Sunset,2026-08-12,9250,
Chroma Sunset,2026-08-13,9250,6
Chroma Sunset,2026-08-14,9250,6
Chroma Sunset,2026-08-15,9250,6
Chroma Sunset,2026-08-16,9250,6
Chroma Sunset,2026-08-17,9250,6
Chroma Sunset,2026-08-18,9250,6
Chroma Sunset,2026-08-19,9250,6
Chroma Sunset,2026-08-20,9250,6
Chroma Sunset,2026-08-21,9250,6
Chroma Sunset,2026-08-22,9250,6
Chroma Sunset,2026-08-23,9000,
Chroma Sunset,2026-08-24,9000,5
Chroma Sunset,2026-08-25,9000,5
Chroma Sunset,2026-08-26,8750,
Chroma Sunset,2026-08-28,8500,
Chroma Sunset,2026-08-30,8250,
Chroma Sunset,2026-09-01,8000,
Chroma Sunset,2026-09-02,7750,
Chroma Sunset,2026-09-03,7750,5
Chroma Sunset,2026-09-04,7750,5
Chroma Sunset,2026-09-05,7750,5
Chroma Sunset,2026-09-06,7750,5
Chroma Sunset,2026-09-07,7500,
Chroma Sunset,2026-09-09,7250,
Chroma Sunset,2026-09-12,7000,
Chroma Sunset,2026-09-13,6750,
Chroma Sunset,2026-09-15,6500,
Chroma Sunset,2026-09-16,6750,
Chroma Sunset,2026-09-17,6750,5
Chroma Sunset,2026-09-18,6750,5
Chroma Sunset,2026-09-19,7000,6
Chroma Sunset,2026-09-20,7000,6
Chroma Sweet,2026-02-15,11000,
Chroma Sweet,2026-02-16,9500,
Chroma Sweet,2026-02-17,8500,
Chroma Sweet,2026-02-19,7500,
Chroma Sweet,2026-02-21,7750,
Chroma Sweet,2026-02-23,8500,
Chroma Sweet,2026-02-25,9500,
Chroma Sweet,2026-03-01,9250,
Chroma Sweet,2026-03-04,8500,
Chroma Sweet,2026-03-06,8250,
Chroma Sweet,2026-03-11,8500,
Chroma Sweet,2026-03-21,8500,6
Chroma Sweet,2026-03-24,8250,
Chroma Sweet,2026-03-26,8000,
Chroma Sweet,2026-03-30,7500,
Chroma Sweet,2026-03-31,6500,
Chroma Sweet,2026-04-04,6000,
Chroma Sweet,2026-04-07,5000,
Chroma Sweet,2026-04-11,4500,
Chroma Sweet,2026-04-13,4250,
Chroma Sweet,2026-04-14,4250,5
Chroma Sweet,2026-04-16,4000,
Chroma Sweet,2026-04-20,4000,5
Chroma Sweet,2026-04-21,4250,
Chroma Sweet,2026-04-22,4250,6
Chroma Sweet,2026-04-23,4500,
Chroma Sweet,2026-04-24,4500,6
Chroma Sweet,2026-04-26,4750,
Chroma Sweet,2026-04-27,4750,6
Chroma Sweet,2026-04-28,5000,
Chroma Sweet,2026-05-01,4750,
Chroma Sweet,2026-05-02,4750,5
Chroma Sweet,2026-05-03,4500,
Chroma Sweet,2026-05-06,4250,
Chroma Sweet,2026-05-08,4000,
Chroma Sweet,2026-05-09,4000,5
Chroma Sweet,2026-05-11,3750,
Chroma Sweet,2026-05-12,3750,5
Chroma Sweet,2026-05-14,3500,
Chroma Sweet,2026-05-17,3250,
Chroma Sweet,2026-05-18,3000,
Chroma Sweet,2026-05-19,3000,5
Chroma Sweet,2026-05-21,2850,
Chroma Sweet,2026-05-24,2850,5
Chroma Sweet,2026-06-06,2800,
Chroma Sweet,2026-06-07,2700,
Chroma Sweet,2026-06-10,2600,
Chroma Sweet,2026-06-12,2500,
Chroma Sweet,2026-06-14,2400,
Chroma Sweet,2026-06-17,2300,
Chroma Sweet,2026-06-21,2300,5
Chroma Sweet,2026-06-22,2300,5
Chroma Sweet,2026-06-26,2300,5
Chroma Sweet,2026-06-28,2300,5
Chroma Sweet,2026-07-02,2300,5
Chroma Sweet,2026-07-03,2300,5
Chroma Sweet,2026-07-05,2300,5
Chroma Sweet,2026-07-06,2300,5
Chroma Sweet,2026-07-12,2250,
Chroma Sweet,2026-07-14,2250,5
Chroma Sweet,2026-07-16,2200,
Chroma Sweet,2026-07-24,2200,5
Chroma Sweet,2026-07-25,2200,5
Chroma Sweet,2026-07-26,2250,
Chroma Sweet,2026-07-27,2300,
Chroma Sweet,2026-07-28,2300,5
Chroma Sweet,2026-07-30,2300,5
Chroma Sweet,2026-07-31,2300,5
Chroma Sweet,2026-08-03,2300,5
Chroma Sweet,2026-08-04,2300,5
Chroma Sweet,2026-08-05,2300,5
Chroma Sweet,2026-08-06,2300,5
Chroma Sweet,2026-08-07,2300,5
Chroma Sweet,2026-08-08,2300,5
Chroma Sweet,2026-08-09,2300,5
Chroma Sweet,2026-08-10,2300,5
Chroma Sweet,2026-08-11,2300,5
Chroma Sweet,2026-08-12,2250,
Chroma Sweet,2026-08-13,2200,
Chroma Sweet,2026-08-14,2200,5
Chroma Sweet,2026-08-15,2150,
Chroma Sweet,2026-08-16,2150,5
Chroma Sweet,2026-08-17,2150,5
Chroma Sweet,2026-08-18,2100,
Chroma Sweet,2026-08-19,2100,5
Chroma Sweet,2026-08-20,2050,
Chroma Sweet,2026-08-21,2050,5
Chroma Sweet,2026-08-22,2050,5
Chroma Sweet,2026-08-23,2000,
Chroma Sweet,2026-08-24,2000,5
Chroma Sweet,2026-08-25,2000,5
Chroma Sweet,2026-08-26,1950,
Chroma Sweet,2026-08-28,1900,
Chroma Sweet,2026-08-30,1850,
Chroma Sweet,2026-09-02,1800,
Chroma Sweet,2026-09-03,1800,5
Chroma Sweet,2026-09-04,1750,
Chroma Sweet,2026-09-05,1750,5
Chroma Sweet,2026-09-06,1750,5
Chroma Sweet,2026-09-07,1725,
Chroma Sweet,2026-09-12,1725,5
Chroma Sweet,2026-09-17,1725,5
Chroma Sweet,2026-09-18,1725,5
Chroma Sweet,2026-09-19,1725,5
Chroma Sweet,2026-09-20,1725,5
Chroma Swirly Gun,2021-12-25,8500,
Chroma Swirly Gun,2022-01-08,10500,
Chroma Swirly Gun,2022-01-16,12000,
Chroma Swirly Gun,2022-02-03,14500,
Chroma Swirly Gun,2022-02-16,16000,
Chroma Swirly Gun,2022-03-07,18000,
Chroma Swirly Gun,2022-03-14,20000,
Chroma Swirly Gun,2022-04-02,22000,
Chroma Swirly Gun,2022-04-06,22500,
Chroma Swirly Gun,2022-05-26,16500,
Chroma Swirly Gun,2022-07-06,11500,
Chroma Swirly Gun,2022-08-05,12500,
Chroma Swirly Gun,2022-08-11,13500,
Chroma Swirly Gun,2022-08-17,14500,
Chroma Swirly Gun,2022-08-27,16000,
Chroma Swirly Gun,2022-08-30,16500,
Chroma Swirly Gun,2022-09-03,17500,
Chroma Swirly Gun,2022-09-11,19000,
Chroma Swirly Gun,2022-09-14,20000,
Chroma Swirly Gun,2022-09-18,21000,
Chroma Swirly Gun,2022-09-30,22000,
Chroma Swirly Gun,2022-10-03,23000,
Chroma Swirly Gun,2022-10-22,19000,
Chroma Swirly Gun,2022-10-29,16000,
Chroma Swirly Gun,2022-10-30,15000,
Chroma Swirly Gun,2022-11-06,13000,
Chroma Swirly Gun,2022-11-12,12000,
Chroma Swirly Gun,2022-11-14,11000,
Chroma Swirly Gun,2022-11-21,10000,
Chroma Swirly Gun,2022-11-26,9000,
Chroma Swirly Gun,2022-11-29,7500,
Chroma Swirly Gun,2022-12-07,8000,
Chroma Swirly Gun,2022-12-08,8500,
Chroma Swirly Gun,2022-12-12,9500,
Chroma Swirly Gun,2022-12-13,10500,
Chroma Swirly Gun,2022-12-17,11000,
Chroma Swirly Gun,2022-12-18,11500,
Chroma Swirly Gun,2022-12-20,12000,
Chroma Swirly Gun,2022-12-23,11000,
Chroma Swirly Gun,2022-12-31,10000,
Chroma Swirly Gun,2023-01-01,9000,
Chroma Swirly Gun,2023-01-08,8500,
Chroma Swirly Gun,2023-01-16,8000,
Chroma Swirly Gun,2023-01-17,7500,
Chroma Swirly Gun,2023-01-21,7250,
Chroma Swirly Gun,2023-01-24,7000,
Chroma Swirly Gun,2023-01-27,6750,
Chroma Swirly Gun,2023-02-02,6700,
Chroma Swirly Gun,2023-02-05,6500,
Chroma Swirly Gun,2023-02-11,6300,
Chroma Swirly Gun,2023-02-21,6000,
Chroma Swirly Gun,2023-02-25,5500,
Chroma Swirly Gun,2023-02-27,5200,
Chroma Swirly Gun,2023-03-03,5000,
Chroma Swirly Gun,2023-03-06,4800,
Chroma Swirly Gun,2023-03-09,4600,
Chroma Swirly Gun,2023-03-12,4300,
Chroma Swirly Gun,2023-03-15,4000,
Chroma Swirly Gun,2023-03-19,3900,
Chroma Swirly Gun,2023-03-21,3700,
Chroma Swirly Gun,2023-03-24,3600,
Chroma Swirly Gun,2023-03-26,3500,
Chroma Swirly Gun,2023-04-04,3750,
Chroma Swirly Gun,2023-04-07,4400,
Chroma Swirly Gun,2023-04-10,4500,
Chroma Swirly Gun,2023-04-12,4600,
Chroma Swirly Gun,2023-04-15,4700,
Chroma Swirly Gun,2023-04-23,4750,
Chroma Swirly Gun,2023-05-03,4700,
Chroma Swirly Gun,2023-05-10,4500,
Chroma Swirly Gun,2023-05-13,4250,
Chroma Swirly Gun,2023-05-16,4000,
Chroma Swirly Gun,2023-05-20,3800,
Chroma Swirly Gun,2023-05-22,3700,
Chroma Swirly Gun,2023-05-27,3550,
Chroma Swirly Gun,2023-05-28,3500,
Chroma Swirly Gun,2023-06-01,3400,
Chroma Swirly Gun,2023-06-07,3000,
Chroma Swirly Gun,2023-06-12,2700,
Chroma Swirly Gun,2023-06-13,2500,
Chroma Swirly Gun,2023-06-18,2300,
Chroma Swirly Gun,2023-06-21,2100,
Chroma Swirly Gun,2023-06-25,2000,
Chroma Swirly Gun,2023-06-26,1900,
Chroma Swirly Gun,2023-07-06,2000,
Chroma Swirly Gun,2023-07-07,2100,
Chroma Swirly Gun,2023-07-09,2200,
Chroma Swirly Gun,2023-07-11,2300,
Chroma Swirly Gun,2023-07-12,2400,
Chroma Swirly Gun,2023-07-15,2450,
Chroma Swirly Gun,2023-07-19,2550,
Chroma Swirly Gun,2023-07-20,2650,
Chroma Swirly Gun,2023-07-23,2700,
Chroma Swirly Gun,2023-07-24,2800,
Chroma Swirly Gun,2023-07-27,2850,
Chroma Swirly Gun,2023-07-29,2900,
Chroma Swirly Gun,2023-08-01,3000,
Chroma Swirly Gun,2023-08-05,3050,
Chroma Swirly Gun,2023-08-12,3000,
Chroma Swirly Gun,2023-08-16,2900,
Chroma Swirly Gun,2023-08-18,2850,
Chroma Swirly Gun,2023-08-20,2750,
Chroma Swirly Gun,2023-08-21,2700,
Chroma Swirly Gun,2023-08-24,2650,
Chroma Swirly Gun,2023-08-25,2600,
Chroma Swirly Gun,2023-08-28,2550,
Chroma Swirly Gun,2023-08-29,2500,
Chroma Swirly Gun,2023-09-01,2450,
Chroma Swirly Gun,2023-09-05,2350,
Chroma Swirly Gun,2023-09-06,2300,
Chroma Swirly Gun,2023-09-08,2250,
Chroma Swirly Gun,2023-09-09,2200,
Chroma Swirly Gun,2023-09-11,2150,
Chroma Swirly Gun,2023-09-14,2100,
Chroma Swirly Gun,2023-09-16,2000,
Chroma Swirly Gun,2023-09-18,1950,
Chroma Swirly Gun,2023-09-20,1900,
Chroma Swirly Gun,2023-09-21,1850,
Chroma Swirly Gun,2023-09-23,1800,
Chroma Swirly Gun,2023-09-25,1750,
Chroma Swirly Gun,2023-09-27,1700,
Chroma Swirly Gun,2023-09-28,1650,
Chroma Swirly Gun,2023-10-01,1550,
Chroma Swirly Gun,2023-10-05,1500,
Chroma Swirly Gun,2023-10-07,1450,
Chroma Swirly Gun,2023-10-08,1400,
Chroma Swirly Gun,2023-10-11,1300,
Chroma Swirly Gun,2023-10-18,1350,
Chroma Swirly Gun,2023-10-23,1400,
Chroma Swirly Gun,2023-10-26,1500,
Chroma Swirly Gun,2023-10-28,1550,
Chroma Swirly Gun,2023-11-01,1600,
Chroma Swirly Gun,2023-11-09,1550,
Chroma Swirly Gun,2023-11-13,1500,
Chroma Swirly Gun,2023-11-17,1450,
Chroma Swirly Gun,2023-11-22,1400,
Chroma Swirly Gun,2023-11-26,1350,
Chroma Swirly Gun,2023-12-03,1300,
Chroma Swirly Gun,2023-12-10,1250,
Chroma Swirly Gun,2023-12-14,1150,
Chroma Swirly Gun,2023-12-20,1100,
Chroma Swirly Gun,2023-12-22,1050,
Chroma Swirly Gun,2023-12-27,1000,
Chroma Swirly Gun,2024-01-02,950,
Chroma Swirly Gun,2024-01-08,900,
Chroma Swirly Gun,2024-01-12,875,
Chroma Swirly Gun,2024-01-16,850,
Chroma Swirly Gun,2024-01-19,800,
Chroma Swirly Gun,2024-02-02,750,
Chroma Swirly Gun,2024-02-07,725,
Chroma Swirly Gun,2024-02-10,700,
Chroma Swirly Gun,2024-02-20,625,
Chroma Swirly Gun,2024-03-06,585,
Chroma Swirly Gun,2024-03-11,560,
Chroma Swirly Gun,2024-03-14,540,
Chroma Swirly Gun,2024-03-18,490,
Chroma Swirly Gun,2024-03-29,440,
Chroma Swirly Gun,2024-03-31,415,
Chroma Swirly Gun,2024-04-03,390,
Chroma Swirly Gun,2024-04-10,345,
Chroma Swirly Gun,2024-05-07,320,
Chroma Swirly Gun,2024-05-10,295,
Chroma Swirly Gun,2024-05-15,270,
Chroma Swirly Gun,2024-05-20,240,
Chroma Swirly Gun,2024-05-26,205,
Chroma Swirly Gun,2024-05-29,190,
Chroma Swirly Gun,2024-06-08,175,
Chroma Swirly Gun,2024-06-14,165,
Chroma Swirly Gun,2024-06-15,155,
Chroma Swirly Gun,2024-06-19,140,
Chroma Swirly Gun,2024-07-11,135,
Chroma Swirly Gun,2024-07-18,140,
Chroma Swirly Gun,2024-07-21,145,
Chroma Swirly Gun,2024-07-25,155,
Chroma Swirly Gun,2024-07-27,170,
Chroma Swirly Gun,2024-07-29,195,
Chroma Swirly Gun,2024-07-31,245,
Chroma Swirly Gun,2024-08-02,270,
Chroma Swirly Gun,2024-08-04,265,
Chroma Swirly Gun,2024-08-08,250,
Chroma Swirly Gun,2024-08-11,240,
Chroma Swirly Gun,2024-08-14,225,
Chroma Swirly Gun,2024-08-18,215,
Chroma Swirly Gun,2024-08-22,200,
Chroma Swirly Gun,2024-08-26,170,
Chroma Swirly Gun,2024-08-29,155,
Chroma Swirly Gun,2024-08-31,145,
Chroma Swirly Gun,2024-09-05,140,
Chroma Swirly Gun,2024-10-06,145,
Chroma Swirly Gun,2024-10-13,150,
Chroma Swirly Gun,2024-10-16,145,
Chroma Swirly Gun,2024-11-18,140,
Chroma Swirly Gun,2024-12-29,135,
Chroma Swirly Gun,2025-01-10,130,
Chroma Swirly Gun,2025-01-13,125,
Chroma Swirly Gun,2025-01-15,120,
Chroma Swirly Gun,2025-01-18,115,
Chroma Swirly Gun,2025-01-26,110,
Chroma Swirly Gun,2025-01-29,105,
Chroma Swirly Gun,2025-02-03,100,
Chroma Swirly Gun,2025-02-07,95,
Chroma Swirly Gun,2025-02-09,90,
Chroma Swirly Gun,2025-02-23,85,
Chroma Swirly Gun,2025-03-04,80,
Chroma Swirly Gun,2025-03-09,75,
Chroma Swirly Gun,2025-03-19,70,
Chroma Swirly Gun,2025-04-06,68,
Chroma Swirly Gun,2025-04-15,65,
Chroma Swirly Gun,2025-09-17,63,
Chroma Swirly Gun,2025-09-25,62,
Chroma Swirly Gun,2025-10-28,60,
Chroma Swirly Gun,2025-11-24,60,2
Chroma Swirly Gun,2025-11-25,60,2
Chroma Swirly Gun,2025-11-30,60,2
Chroma Swirly Gun,2025-12-04,60,2
Chroma Swirly Gun,2025-12-21,60,2
Chroma Swirly Gun,2025-12-23,60,2
Chroma Swirly Gun,2025-12-24,60,2
Chroma Swirly Gun,2025-12-26,60,2
Chroma Swirly Gun,2025-12-30,60,2
Chroma Swirly Gun,2026-01-01,60,2
Chroma Swirly Gun,2026-01-17,60,2
Chroma Swirly Gun,2026-01-28,60,2
Chroma Swirly Gun,2026-03-06,60,2
Chroma Swirly Gun,2026-03-14,55,
Chroma Swirly Gun,2026-03-21,55,2
Chroma Swirly Gun,2026-04-14,55,2
Chroma Swirly Gun,2026-04-20,55,2
Chroma Swirly Gun,2026-04-22,55,2
Chroma Swirly Gun,2026-04-24,55,2
Chroma Swirly Gun,2026-04-26,52,
Chroma Swirly Gun,2026-04-27,52,2
Chroma Swirly Gun,2026-04-28,50,
Chroma Swirly Gun,2026-05-01,47,
Chroma Swirly Gun,2026-05-02,47,2
Chroma Swirly Gun,2026-05-03,47,2
Chroma Swirly Gun,2026-05-06,47,2
Chroma Swirly Gun,2026-05-09,47,2
Chroma Swirly Gun,2026-05-12,47,2
Chroma Swirly Gun,2026-05-14,47,2
Chroma Swirly Gun,2026-05-17,47,2
Chroma Swirly Gun,2026-05-19,47,2
Chroma Swirly Gun,2026-05-21,47,2
Chroma Swirly Gun,2026-05-24,45,
Chroma Swirly Gun,2026-06-14,45,1
Chroma Swirly Gun,2026-06-17,42,
Chroma Swirly Gun,2026-06-21,42,1
Chroma Swirly Gun,2026-06-22,42,1
Chroma Swirly Gun,2026-06-26,42,1
Chroma Swirly Gun,2026-06-28,42,1
Chroma Swirly Gun,2026-07-02,42,1
Chroma Swirly Gun,2026-07-03,42,1
Chroma Swirly Gun,2026-07-05,42,1
Chroma Swirly Gun,2026-07-06,42,1
Chroma Swirly Gun,2026-07-07,40,
Chroma Swirly Gun,2026-07-12,38,
Chroma Swirly Gun,2026-07-14,38,1
Chroma Swirly Gun,2026-07-24,38,1
Chroma Swirly Gun,2026-07-25,38,1
Chroma Swirly Gun,2026-07-27,38,1
Chroma Swirly Gun,2026-07-28,38,1
Chroma Swirly Gun,2026-07-30,38,1
Chroma Swirly Gun,2026-07-31,38,1
Chroma Swirly Gun,2026-08-03,38,1
Chroma Swirly Gun,2026-08-04,38,1
Chroma Swirly Gun,2026-08-05,38,1
Chroma Swirly Gun,2026-08-06,38,1
Chroma Swirly Gun,2026-08-07,38,1
Chroma Swirly Gun,2026-08-08,38,1
Chroma Swirly Gun,2026-08-09,38,1
Chroma Swirly Gun,2026-08-10,38,1
Chroma Swirly Gun,2026-08-11,38,1
Chroma Swirly Gun,2026-08-13,38,1
Chroma Swirly Gun,2026-08-14,38,1
Chroma Swirly Gun,2026-08-15,38,1
Chroma Swirly Gun,2026-08-16,38,1
Chroma Swirly Gun,2026-08-17,38,1
Chroma Swirly Gun,2026-08-18,38,1
Chroma Swirly Gun,2026-08-19,38,1
Chroma Swirly Gun,2026-08-20,38,1
Chroma Swirly Gun,2026-08-21,38,1
Chroma Swirly Gun,2026-08-22,38,1
Chroma Swirly Gun,2026-08-24,38,1
Chroma Swirly Gun,2026-08-25,38,1
Chroma Swirly Gun,2026-09-02,38,1
Chroma Swirly Gun,2026-09-03,38,1
Chroma Swirly Gun,2026-09-04,35,
Chroma Swirly Gun,2026-09-05,35,1
Chroma Swirly Gun,2026-09-06,35,1
Chroma Swirly Gun,2026-09-07,35,1
Chroma Swirly Gun,2026-09-12,35,1
Chroma Swirly Gun,2026-09-17,35,1
Chroma Swirly Gun,2026-09-18,35,1
Chroma Swirly Gun,2026-09-19,35,1
Chroma Swirly Gun,2026-09-20,35,1
Chroma Tides,2020-08-26,375,
Chroma Tides,2020-10-04,350,
Chroma Tides,2020-10-15,325,
Chroma Tides,2020-10-31,255,
Chroma Tides,2020-11-10,225,
Chroma Tides,2020-11-17,210,
Chroma Tides,2020-11-26,170,
Chroma Tides,2020-12-03,125,
Chroma Tides,2020-12-14,105,
Chroma Tides,2021-01-22,90,
Chroma Tides,2021-01-26,70,
Chroma Tides,2021-05-07,50,
Chroma Tides,2021-05-12,45,
Chroma Tides,2021-06-13,40,
Chroma Tides,2021-06-28,35,
Chroma Tides,2021-07-18,33,
Chroma Tides,2021-08-23,45,
Chroma Tides,2021-09-05,70,
Chroma Tides,2021-09-09,80,
Chroma Tides,2021-10-02,90,
Chroma Tides,2021-10-25,110,
Chroma Tides,2021-11-22,125,
Chroma Tides,2021-11-28,130,
Chroma Tides,2021-12-13,140,
Chroma Tides,2022-01-08,145,
Chroma Tides,2022-02-03,155,
Chroma Tides,2022-02-16,160,
Chroma Tides,2022-03-07,175,
Chroma Tides,2022-03-14,185,
Chroma Tides,2022-04-02,195,
Chroma Tides,2022-04-06,200,
Chroma Tides,2022-05-19,215,
Chroma Tides,2022-05-26,220,
Chroma Tides,2022-06-06,230,
Chroma Tides,2022-06-18,235,
Chroma Tides,2022-06-20,240,
Chroma Tides,2022-07-06,250,
Chroma Tides,2022-07-11,265,
Chroma Tides,2022-07-28,280,
Chroma Tides,2022-08-11,290,
Chroma Tides,2022-08-27,280,
Chroma Tides,2022-08-30,210,
Chroma Tides,2022-09-03,180,
Chroma Tides,2022-09-11,160,
Chroma Tides,2022-09-14,145,
Chroma Tides,2022-09-18,130,
Chroma Tides,2022-09-30,115,
Chroma Tides,2022-10-18,120,
Chroma Tides,2022-10-20,125,
Chroma Tides,2022-10-22,140,
Chroma Tides,2022-10-29,150,
Chroma Tides,2022-10-30,165,
Chroma Tides,2022-11-21,170,
Chroma Tides,2022-11-26,175,
Chroma Tides,2022-12-23,170,
Chroma Tides,2022-12-31,165,
Chroma Tides,2023-01-01,160,
Chroma Tides,2023-01-16,150,
Chroma Tides,2023-01-21,140,
Chroma Tides,2023-03-09,135,
Chroma Tides,2023-03-19,130,
Chroma Tides,2023-03-30,120,
Chroma Tides,2023-05-13,125,
Chroma Tides,2023-05-20,130,
Chroma Tides,2023-05-27,135,
Chroma Tides,2023-06-01,140,
Chroma Tides,2023-06-07,145,
Chroma Tides,2023-06-12,150,
Chroma Tides,2023-06-18,155,
Chroma Tides,2023-06-25,160,
Chroma Tides,2023-07-15,155,
Chroma Tides,2023-07-19,150,
Chroma Tides,2023-07-27,145,
Chroma Tides,2023-08-01,140,
Chroma Tides,2023-09-06,130,
Chroma Tides,2023-09-11,125,
Chroma Tides,2023-09-27,120,
Chroma Tides,2023-10-15,115,
Chroma Tides,2023-11-09,110,
Chroma Tides,2023-12-03,105,
Chroma Tides,2024-01-02,100,
Chroma Tides,2024-03-29,75,
Chroma Tides,2024-05-26,70,
Chroma Tides,2024-07-06,65,
Chroma Tides,2024-08-08,70,
Chroma Tides,2025-04-13,60,
Chroma Tides,2025-05-09,55,
Chroma Tides,2025-05-21,50,
Chroma Tides,2025-11-04,45,
Chroma Tides,2025-11-24,45,2
Chroma Tides,2025-11-25,45,2
Chroma Tides,2025-11-30,45,2
Chroma Tides,2025-12-04,45,2
Chroma Tides,2025-12-21,45,2
Chroma Tides,2025-12-23,45,2
Chroma Tides,2025-12-24,45,2
Chroma Tides,2025-12-26,45,2
Chroma Tides,2025-12-30,45,2
Chroma Tides,2026-01-01,45,2
Chroma Tides,2026-01-11,42,
Chroma Tides,2026-01-17,42,2
Chroma Tides,2026-01-28,42,2
Chroma Tides,2026-03-06,42,2
Chroma Tides,2026-03-11,40,
Chroma Tides,2026-03-14,35,
Chroma Tides,2026-03-21,35,2
Chroma Tides,2026-04-14,35,2
Chroma Tides,2026-04-20,35,2
Chroma Tides,2026-04-22,35,2
Chroma Tides,2026-04-24,35,2
Chroma Tides,2026-04-27,35,2
Chroma Tides,2026-04-28,32,
Chroma Tides,2026-05-02,32,2
Chroma Tides,2026-05-03,32,2
Chroma Tides,2026-05-06,32,2
Chroma Tides,2026-05-09,32,2
Chroma Tides,2026-05-12,32,2
Chroma Tides,2026-05-14,32,2
Chroma Tides,2026-05-17,32,2
Chroma Tides,2026-05-19,32,2
Chroma Tides,2026-05-21,32,2
Chroma Tides,2026-05-24,30,
Chroma Tides,2026-06-14,30,1
Chroma Tides,2026-06-21,30,1
Chroma Tides,2026-06-22,30,1
Chroma Tides,2026-06-26,30,1
Chroma Tides,2026-06-28,30,1
Chroma Tides,2026-07-02,30,1
Chroma Tides,2026-07-03,30,1
Chroma Tides,2026-07-05,30,1
Chroma Tides,2026-07-06,30,1
Chroma Tides,2026-07-07,28,
Chroma Tides,2026-07-12,28,1
Chroma Tides,2026-07-14,28,1
Chroma Tides,2026-07-21,27,
Chroma Tides,2026-07-24,27,1
Chroma Tides,2026-07-25,27,1
Chroma Tides,2026-07-27,27,1
Chroma Tides,2026-07-28,27,1
Chroma Tides,2026-07-30,27,1
Chroma Tides,2026-07-31,27,1
Chroma Tides,2026-08-03,27,1
Chroma Tides,2026-08-04,27,1
Chroma Tides,2026-08-05,27,1
Chroma Tides,2026-08-06,27,1
Chroma Tides,2026-08-07,27,1
Chroma Tides,2026-08-08,27,1
Chroma Tides,2026-08-09,27,1
Chroma Tides,2026-08-10,27,1
Chroma Tides,2026-08-11,27,1
Chroma Tides,2026-08-13,27,1
Chroma Tides,2026-08-14,27,1
Chroma Tides,2026-08-15,27,1
Chroma Tides,2026-08-16,27,1
Chroma Tides,2026-08-17,27,1
Chroma Tides,2026-08-18,27,1
Chroma Tides,2026-08-19,27,1
Chroma Tides,2026-08-20,27,1
Chroma Tides,2026-08-21,27,1
Chroma Tides,2026-08-22,27,1
Chroma Tides,2026-08-24,27,1
Chroma Tides,2026-08-25,27,1
Chroma Tides,2026-09-02,27,1
Chroma Tides,2026-09-03,27,1
Chroma Tides,2026-09-04,27,1
Chroma Tides,2026-09-05,27,1
Chroma Tides,2026-09-06,27,1
Chroma Tides,2026-09-07,27,1
Chroma Tides,2026-09-12,27,1
Chroma Tides,2026-09-17,27,1
Chroma Tides,2026-09-18,27,1
Chroma Tides,2026-09-19,27,1
Chroma Tides,2026-09-20,27,1
Chroma Traveler's Gun,2023-10-18,35000,
Chroma Traveler's Gun,2023-10-21,30000,
Chroma Traveler's Gun,2023-10-26,25000,
Chroma Traveler's Gun,2023-11-01,15000,
Chroma Traveler's Gun,2023-11-05,12000,
Chroma Traveler's Gun,2023-11-06,9000,
Chroma Traveler's Gun,2023-11-09,8500,
Chroma Traveler's Gun,2023-11-17,9000,
Chroma Traveler's Gun,2023-11-22,10000,
Chroma Traveler's Gun,2023-11-26,12000,
Chroma Traveler's Gun,2023-11-27,14000,
Chroma Traveler's Gun,2023-11-29,14500,
Chroma Traveler's Gun,2023-12-03,16000,
Chroma Traveler's Gun,2023-12-10,18000,
Chroma Traveler's Gun,2023-12-14,20000,
Chroma Traveler's Gun,2023-12-27,22000,
Chroma Traveler's Gun,2023-12-28,20000,
Chroma Traveler's Gun,2023-12-31,19000,
Chroma Traveler's Gun,2024-01-03,15000,
Chroma Traveler's Gun,2024-01-08,14000,
Chroma Traveler's Gun,2024-01-16,17500,
Chroma Traveler's Gun,2024-01-19,20000,
Chroma Traveler's Gun,2024-01-22,24000,
Chroma Traveler's Gun,2024-01-26,28000,
Chroma Traveler's Gun,2024-01-29,32000,
Chroma Traveler's Gun,2024-02-02,37000,
Chroma Traveler's Gun,2024-02-03,40000,
Chroma Traveler's Gun,2024-02-07,47000,
Chroma Traveler's Gun,2024-02-10,52000,
Chroma Traveler's Gun,2024-02-14,55000,
Chroma Traveler's Gun,2024-02-17,58000,
Chroma Traveler's Gun,2024-02-20,60000,
Chroma Traveler's Gun,2024-02-22,62000,
Chroma Traveler's Gun,2024-03-06,60000,
Chroma Traveler's Gun,2024-03-11,58000,
Chroma Traveler's Gun,2024-03-21,55000,
Chroma Traveler's Gun,2024-03-25,53000,
Chroma Traveler's Gun,2024-03-29,50000,
Chroma Traveler's Gun,2024-04-08,52000,
Chroma Traveler's Gun,2024-04-10,53000,
Chroma Traveler's Gun,2024-04-11,54000,
Chroma Traveler's Gun,2024-04-24,52000,
Chroma Traveler's Gun,2024-05-17,53000,
Chroma Traveler's Gun,2024-05-20,55000,
Chroma Traveler's Gun,2024-05-22,57000,
Chroma Traveler's Gun,2024-05-26,60000,
Chroma Traveler's Gun,2024-05-29,63000,
Chroma Traveler's Gun,2024-05-31,68000,
Chroma Traveler's Gun,2024-06-03,72000,
Chroma Traveler's Gun,2024-06-08,75000,
Chroma Traveler's Gun,2024-06-10,78000,
Chroma Traveler's Gun,2024-06-14,82000,
Chroma Traveler's Gun,2024-06-15,85000,
Chroma Traveler's Gun,2024-06-19,80000,
Chroma Traveler's Gun,2024-06-28,70000,
Chroma Traveler's Gun,2024-07-14,65000,
Chroma Traveler's Gun,2024-07-15,60000,
Chroma Traveler's Gun,2024-07-21,55000,
Chroma Traveler's Gun,2024-07-25,50000,
Chroma Traveler's Gun,2024-07-29,45000,
Chroma Traveler's Gun,2024-08-02,42000,
Chroma Traveler's Gun,2024-08-04,40000,
Chroma Traveler's Gun,2024-08-22,42000,
Chroma Traveler's Gun,2024-08-24,45000,
Chroma Traveler's Gun,2024-08-26,47000,
Chroma Traveler's Gun,2024-08-29,50000,
Chroma Traveler's Gun,2024-09-02,55000,
Chroma Traveler's Gun,2024-09-05,58000,
Chroma Traveler's Gun,2024-09-08,60000,
Chroma Traveler's Gun,2024-09-12,63000,
Chroma Traveler's Gun,2024-09-18,65000,
Chroma Traveler's Gun,2024-10-06,62000,
Chroma Traveler's Gun,2024-10-13,60000,
Chroma Traveler's Gun,2024-10-16,58000,
Chroma Traveler's Gun,2024-10-20,57000,
Chroma Traveler's Gun,2024-11-03,58000,
Chroma Traveler's Gun,2024-11-10,60000,
Chroma Traveler's Gun,2024-11-13,62000,
Chroma Traveler's Gun,2024-11-15,65000,
Chroma Traveler's Gun,2024-11-18,67000,
Chroma Traveler's Gun,2024-11-22,68000,
Chroma Traveler's Gun,2024-11-24,70000,
Chroma Traveler's Gun,2024-11-26,75000,
Chroma Traveler's Gun,2024-12-02,77000,
Chroma Traveler's Gun,2024-12-06,80000,
Chroma Traveler's Gun,2024-12-08,85000,
Chroma Traveler's Gun,2024-12-15,90000,
Chroma Traveler's Gun,2024-12-20,95000,
Chroma Traveler's Gun,2024-12-24,100000,
Chroma Traveler's Gun,2025-01-10,105000,
Chroma Traveler's Gun,2025-01-13,110000,
Chroma Traveler's Gun,2025-02-28,115000,
Chroma Traveler's Gun,2025-03-09,120000,
Chroma Traveler's Gun,2025-03-19,125000,
Chroma Traveler's Gun,2025-03-26,130000,
Chroma Traveler's Gun,2025-04-06,135000,
Chroma Traveler's Gun,2025-04-20,140000,
Chroma Traveler's Gun,2025-04-30,145000,
Chroma Traveler's Gun,2025-05-04,150000,
Chroma Traveler's Gun,2025-05-21,155000,
Chroma Traveler's Gun,2025-05-28,160000,
Chroma Traveler's Gun,2025-06-01,165000,
Chroma Traveler's Gun,2025-06-05,170000,
Chroma Traveler's Gun,2025-09-18,165000,
Chroma Traveler's Gun,2025-09-23,160000,
Chroma Traveler's Gun,2025-09-25,155000,
Chroma Traveler's Gun,2025-09-28,150000,
Chroma Traveler's Gun,2025-10-08,145000,
Chroma Traveler's Gun,2025-11-01,140000,
Chroma Traveler's Gun,2025-11-04,135000,
Chroma Traveler's Gun,2025-11-06,130000,
Chroma Traveler's Gun,2025-11-24,130000,9
Chroma Traveler's Gun,2025-11-25,130000,9
Chroma Traveler's Gun,2025-11-30,130000,9
Chroma Traveler's Gun,2025-12-04,130000,9
Chroma Traveler's Gun,2025-12-21,130000,9
Chroma Traveler's Gun,2025-12-23,130000,8
Chroma Traveler's Gun,2025-12-24,130000,8
Chroma Traveler's Gun,2025-12-26,130000,8
Chroma Traveler's Gun,2025-12-30,130000,8
Chroma Traveler's Gun,2026-01-01,130000,8
Chroma Traveler's Gun,2026-01-17,130000,8
Chroma Traveler's Gun,2026-01-24,135000,
Chroma Traveler's Gun,2026-01-27,140000,
Chroma Traveler's Gun,2026-01-28,145000,
Chroma Traveler's Gun,2026-01-31,150000,
Chroma Traveler's Gun,2026-02-01,155000,
Chroma Traveler's Gun,2026-02-04,160000,
Chroma Traveler's Gun,2026-02-06,165000,
Chroma Traveler's Gun,2026-02-08,170000,
Chroma Traveler's Gun,2026-02-10,175000,
Chroma Traveler's Gun,2026-02-15,180000,
Chroma Traveler's Gun,2026-02-16,190000,
Chroma Traveler's Gun,2026-02-17,195000,
Chroma Traveler's Gun,2026-02-19,200000,
Chroma Traveler's Gun,2026-02-23,210000,
Chroma Traveler's Gun,2026-02-27,215000,
Chroma Traveler's Gun,2026-03-04,220000,
Chroma Traveler's Gun,2026-03-06,220000,9
Chroma Traveler's Gun,2026-03-14,225000,
Chroma Traveler's Gun,2026-03-21,225000,9
Chroma Traveler's Gun,2026-04-14,225000,9
Chroma Traveler's Gun,2026-04-20,225000,9
Chroma Traveler's Gun,2026-04-22,225000,9
Chroma Traveler's Gun,2026-04-24,225000,9
Chroma Traveler's Gun,2026-04-27,225000,9
Chroma Traveler's Gun,2026-04-28,225000,9
Chroma Traveler's Gun,2026-05-02,225000,9
Chroma Traveler's Gun,2026-05-03,225000,9
Chroma Traveler's Gun,2026-05-06,225000,9
Chroma Traveler's Gun,2026-05-09,225000,9
Chroma Traveler's Gun,2026-05-12,225000,9
Chroma Traveler's Gun,2026-05-14,225000,9
Chroma Traveler's Gun,2026-05-17,225000,9
Chroma Traveler's Gun,2026-05-19,225000,9
Chroma Traveler's Gun,2026-05-21,225000,9
Chroma Traveler's Gun,2026-05-24,225000,9
Chroma Traveler's Gun,2026-06-14,225000,9
Chroma Traveler's Gun,2026-06-17,220000,
Chroma Traveler's Gun,2026-06-21,220000,9
Chroma Traveler's Gun,2026-06-22,220000,9
Chroma Traveler's Gun,2026-06-26,220000,9
Chroma Traveler's Gun,2026-06-28,220000,9
Chroma Traveler's Gun,2026-07-02,220000,9
Chroma Traveler's Gun,2026-07-03,220000,9
Chroma Traveler's Gun,2026-07-05,220000,9
Chroma Traveler's Gun,2026-07-06,220000,9
Chroma Traveler's Gun,2026-07-12,220000,9
Chroma Traveler's Gun,2026-07-14,220000,9
Chroma Traveler's Gun,2026-07-24,220000,9
Chroma Traveler's Gun,2026-07-25,220000,9
Chroma Traveler's Gun,2026-07-27,220000,9
Chroma Traveler's Gun,2026-07-28,220000,9
Chroma Traveler's Gun,2026-07-30,220000,9
Chroma Traveler's Gun,2026-07-31,220000,9
Chroma Traveler's Gun,2026-08-03,220000,9
Chroma Traveler's Gun,2026-08-04,220000,9
Chroma Traveler's Gun,2026-08-05,220000,9
Chroma Traveler's Gun,2026-08-06,220000,9
Chroma Traveler's Gun,2026-08-07,220000,9
Chroma Traveler's Gun,2026-08-08,220000,9
Chroma Traveler's Gun,2026-08-09,220000,9
Chroma Traveler's Gun,2026-08-10,220000,9
Chroma Traveler's Gun,2026-08-11,220000,9
Chroma Traveler's Gun,2026-08-13,220000,9
Chroma Traveler's Gun,2026-08-14,220000,9
Chroma Traveler's Gun,2026-08-15,220000,9
Chroma Traveler's Gun,2026-08-16,220000,9
Chroma Traveler's Gun,2026-08-17,220000,9
Chroma Traveler's Gun,2026-08-18,220000,9
Chroma Traveler's Gun,2026-08-19,220000,9
Chroma Traveler's Gun,2026-08-20,220000,9
Chroma Traveler's Gun,2026-08-21,220000,9
Chroma Traveler's Gun,2026-08-22,220000,9
Chroma Traveler's Gun,2026-08-24,220000,9
Chroma Traveler's Gun,2026-08-25,220000,9
Chroma Traveler's Gun,2026-09-01,215000,
Chroma Traveler's Gun,2026-09-02,210000,
Chroma Traveler's Gun,2026-09-03,210000,9
Chroma Traveler's Gun,2026-09-04,200000,
Chroma Traveler's Gun,2026-09-05,200000,9
Chroma Traveler's Gun,2026-09-06,200000,9
Chroma Traveler's Gun,2026-09-07,190000,
Chroma Traveler's Gun,2026-09-09,185000,
Chroma Traveler's Gun,2026-09-12,180000,
Chroma Traveler's Gun,2026-09-13,175000,
Chroma Traveler's Gun,2026-09-15,170000,
Chroma Traveler's Gun,2026-09-16,165000,
Chroma Traveler's Gun,2026-09-17,165000,8
Chroma Traveler's Gun,2026-09-18,165000,8
Chroma Traveler's Gun,2026-09-19,160000,8
Chroma Traveler's Gun,2026-09-20,160000,8
Chroma Treat,2026-02-15,11000,
Chroma Treat,2026-02-16,9500,
Chroma Treat,2026-02-17,8500,
Chroma Treat,2026-02-19,7500,
Chroma Treat,2026-02-21,8000,
Chroma Treat,2026-02-23,9500,
Chroma Treat,2026-02-25,11000,
Chroma Treat,2026-03-01,10750,
Chroma Treat,2026-03-04,10000,
Chroma Treat,2026-03-06,9500,
Chroma Treat,2026-03-11,9750,
Chroma Treat,2026-03-14,10000,
Chroma Treat,2026-03-16,10250,
Chroma Treat,2026-03-19,10500,
Chroma Treat,2026-03-21,10500,6
Chroma Treat,2026-03-24,10000,
Chroma Treat,2026-03-26,9500,
Chroma Treat,2026-03-30,9000,
Chroma Treat,2026-03-31,7000,
Chroma Treat,2026-04-04,6500,
Chroma Treat,2026-04-07,5500,
Chroma Treat,2026-04-11,5000,
Chroma Treat,2026-04-13,4750,
Chroma Treat,2026-04-14,4750,5
Chroma Treat,2026-04-16,4500,
Chroma Treat,2026-04-20,4500,5
Chroma Treat,2026-04-21,5000,
Chroma Treat,2026-04-22,5000,6
Chroma Treat,2026-04-23,5500,
Chroma Treat,2026-04-24,5500,6
Chroma Treat,2026-04-26,6000,
Chroma Treat,2026-04-27,6000,6
Chroma Treat,2026-04-28,6500,
Chroma Treat,2026-05-01,6750,
Chroma Treat,2026-05-02,6750,6
Chroma Treat,2026-05-03,6500,
Chroma Treat,2026-05-06,6250,
Chroma Treat,2026-05-08,6000,
Chroma Treat,2026-05-09,6000,5
Chroma Treat,2026-05-11,5750,
Chroma Treat,2026-05-12,5750,5
Chroma Treat,2026-05-14,5500,
Chroma Treat,2026-05-17,5250,
Chroma Treat,2026-05-18,5000,
Chroma Treat,2026-05-19,5000,5
Chroma Treat,2026-05-21,4850,
Chroma Treat,2026-05-24,4850,5
Chroma Treat,2026-06-06,4700,
Chroma Treat,2026-06-07,4250,
Chroma Treat,2026-06-10,3250,
Chroma Treat,2026-06-12,3000,
Chroma Treat,2026-06-14,2800,
Chroma Treat,2026-06-17,2700,
Chroma Treat,2026-06-21,2700,5
Chroma Treat,2026-06-22,2700,5
Chroma Treat,2026-06-26,2700,5
Chroma Treat,2026-06-28,2700,5
Chroma Treat,2026-07-02,2700,5
Chroma Treat,2026-07-03,2600,
Chroma Treat,2026-07-05,2600,5
Chroma Treat,2026-07-06,2600,5
Chroma Treat,2026-07-12,2550,
Chroma Treat,2026-07-14,2550,5
Chroma Treat,2026-07-16,2500,
Chroma Treat,2026-07-24,2550,
Chroma Treat,2026-07-25,2600,
Chroma Treat,2026-07-26,2650,
Chroma Treat,2026-07-27,2700,
Chroma Treat,2026-07-28,2750,
Chroma Treat,2026-07-29,2800,
Chroma Treat,2026-07-30,2800,6
Chroma Treat,2026-07-31,2850,
Chroma Treat,2026-08-03,2800,
Chroma Treat,2026-08-04,2800,5
Chroma Treat,2026-08-05,2800,5
Chroma Treat,2026-08-06,2700,
Chroma Treat,2026-08-07,2700,5
Chroma Treat,2026-08-08,2700,5
Chroma Treat,2026-08-09,2700,5
Chroma Treat,2026-08-10,2600,
Chroma Treat,2026-08-11,2600,5
Chroma Treat,2026-08-12,2500,
Chroma Treat,2026-08-13,2400,
Chroma Treat,2026-08-14,2400,5
Chroma Treat,2026-08-15,2300,
Chroma Treat,2026-08-16,2300,5
Chroma Treat,2026-08-17,2300,5
Chroma Treat,2026-08-18,2250,
Chroma Treat,2026-08-19,2250,5
Chroma Treat,2026-08-20,2200,
Chroma Treat,2026-08-21,2200,5
Chroma Treat,2026-08-22,2200,5
Chroma Treat,2026-08-23,2150,
Chroma Treat,2026-08-24,2150,5
Chroma Treat,2026-08-25,2150,5
Chroma Treat,2026-08-26,2100,
Chroma Treat,2026-08-28,2050,
Chroma Treat,2026-08-30,2000,
Chroma Treat,2026-09-01,1950,
Chroma Treat,2026-09-02,1900,
Chroma Treat,2026-09-03,1900,5
Chroma Treat,2026-09-04,1850,
Chroma Treat,2026-09-05,1850,5
Chroma Treat,2026-09-06,1850,5
Chroma Treat,2026-09-07,1775,
Chroma Treat,2026-09-12,1775,5
Chroma Treat,2026-09-17,1775,5
Chroma Treat,2026-09-18,1775,5
Chroma Treat,2026-09-19,1775,5
Chroma Treat,2026-09-20,1775,5
Chroma Vampire's Gun,2024-10-20,30000,
Chroma Vampire's Gun,2024-10-23,20000,
Chroma Vampire's Gun,2024-10-26,15000,
Chroma Vampire's Gun,2024-10-28,12000,
Chroma Vampire's Gun,2024-10-30,11500,
Chroma Vampire's Gun,2024-11-02,10000,
Chroma Vampire's Gun,2024-11-13,11000,
Chroma Vampire's Gun,2024-11-15,12000,
Chroma Vampire's Gun,2024-12-02,12500,
Chroma Vampire's Gun,2024-12-06,14000,
Chroma Vampire's Gun,2024-12-08,15000,
Chroma Vampire's Gun,2024-12-11,16000,
Chroma Vampire's Gun,2024-12-23,15500,
Chroma Vampire's Gun,2024-12-26,15000,
Chroma Vampire's Gun,2024-12-31,14000,
Chroma Vampire's Gun,2025-01-10,14500,
Chroma Vampire's Gun,2025-01-13,15000,
Chroma Vampire's Gun,2025-01-15,16000,
Chroma Vampire's Gun,2025-01-26,15500,
Chroma Vampire's Gun,2025-02-03,15000,
Chroma Vampire's Gun,2025-02-07,14500,
Chroma Vampire's Gun,2025-02-14,15000,
Chroma Vampire's Gun,2025-02-19,15500,
Chroma Vampire's Gun,2025-02-22,16000,
Chroma Vampire's Gun,2025-02-28,16500,
Chroma Vampire's Gun,2025-03-04,17000,
Chroma Vampire's Gun,2025-03-09,18000,
Chroma Vampire's Gun,2025-03-15,17000,
Chroma Vampire's Gun,2025-03-17,16000,
Chroma Vampire's Gun,2025-03-19,15000,
Chroma Vampire's Gun,2025-03-23,15500,
Chroma Vampire's Gun,2025-03-26,16000,
Chroma Vampire's Gun,2025-04-02,16500,
Chroma Vampire's Gun,2025-04-06,17000,
Chroma Vampire's Gun,2025-04-15,16000,
Chroma Vampire's Gun,2025-04-20,15500,
Chroma Vampire's Gun,2025-04-27,15000,
Chroma Vampire's Gun,2025-05-04,15500,
Chroma Vampire's Gun,2025-05-09,16000,
Chroma Vampire's Gun,2025-05-12,16500,
Chroma Vampire's Gun,2025-05-28,16000,
Chroma Vampire's Gun,2025-06-17,16500,
Chroma Vampire's Gun,2025-06-20,17000,
Chroma Vampire's Gun,2025-07-19,17500,
Chroma Vampire's Gun,2025-07-21,18000,
Chroma Vampire's Gun,2025-08-11,18500,
Chroma Vampire's Gun,2025-08-14,19000,
Chroma Vampire's Gun,2025-08-19,19500,
Chroma Vampire's Gun,2025-08-22,20000,
Chroma Vampire's Gun,2025-08-30,19500,
Chroma Vampire's Gun,2025-09-03,19000,
Chroma Vampire's Gun,2025-09-05,18500,
Chroma Vampire's Gun,2025-09-09,18000,
Chroma Vampire's Gun,2025-09-17,18500,
Chroma Vampire's Gun,2025-09-18,19000,
Chroma Vampire's Gun,2025-10-19,19500,
Chroma Vampire's Gun,2025-11-11,20000,
Chroma Vampire's Gun,2025-11-13,20500,
Chroma Vampire's Gun,2025-11-16,21000,
Chroma Vampire's Gun,2025-11-18,22000,
Chroma Vampire's Gun,2025-11-20,22500,
Chroma Vampire's Gun,2025-11-24,23000,
Chroma Vampire's Gun,2025-11-25,23000,7
Chroma Vampire's Gun,2025-11-27,23500,
Chroma Vampire's Gun,2025-11-30,23000,
Chroma Vampire's Gun,2025-12-01,22500,
Chroma Vampire's Gun,2025-12-04,22000,
Chroma Vampire's Gun,2025-12-08,23000,
Chroma Vampire's Gun,2025-12-11,23500,
Chroma Vampire's Gun,2025-12-15,24000,
Chroma Vampire's Gun,2025-12-17,24500,
Chroma Vampire's Gun,2025-12-18,24000,
Chroma Vampire's Gun,2025-12-21,24000,7
Chroma Vampire's Gun,2025-12-23,24000,7
Chroma Vampire's Gun,2025-12-24,24000,7
Chroma Vampire's Gun,2025-12-26,24000,7
Chroma Vampire's Gun,2025-12-27,24500,
Chroma Vampire's Gun,2025-12-29,25000,
Chroma Vampire's Gun,2025-12-30,25000,7
Chroma Vampire's Gun,2026-01-01,26000,
Chroma Vampire's Gun,2026-01-04,27000,
Chroma Vampire's Gun,2026-01-06,28000,
Chroma Vampire's Gun,2026-01-08,29000,
Chroma Vampire's Gun,2026-01-11,30000,
Chroma Vampire's Gun,2026-01-14,31000,
Chroma Vampire's Gun,2026-01-16,33000,
Chroma Vampire's Gun,2026-01-17,33000,7
Chroma Vampire's Gun,2026-01-18,36000,
Chroma Vampire's Gun,2026-01-20,38000,
Chroma Vampire's Gun,2026-01-22,40000,
Chroma Vampire's Gun,2026-01-24,42000,
Chroma Vampire's Gun,2026-01-27,43000,
Chroma Vampire's Gun,2026-01-28,44000,
Chroma Vampire's Gun,2026-02-27,43000,
Chroma Vampire's Gun,2026-03-01,42000,
Chroma Vampire's Gun,2026-03-04,41000,
Chroma Vampire's Gun,2026-03-06,40000,
Chroma Vampire's Gun,2026-03-09,39000,
Chroma Vampire's Gun,2026-03-14,38000,
Chroma Vampire's Gun,2026-03-21,38000,7
Chroma Vampire's Gun,2026-03-31,39000,
Chroma Vampire's Gun,2026-04-11,39500,
Chroma Vampire's Gun,2026-04-13,39000,
Chroma Vampire's Gun,2026-04-14,39000,7
Chroma Vampire's Gun,2026-04-20,39000,7
Chroma Vampire's Gun,2026-04-22,39000,7
Chroma Vampire's Gun,2026-04-24,39000,7
Chroma Vampire's Gun,2026-04-27,39000,7
Chroma Vampire's Gun,2026-04-28,39000,7
Chroma Vampire's Gun,2026-05-02,39000,7
Chroma Vampire's Gun,2026-05-03,39000,7
Chroma Vampire's Gun,2026-05-06,38000,
Chroma Vampire's Gun,2026-05-08,37500,
Chroma Vampire's Gun,2026-05-09,37500,7
Chroma Vampire's Gun,2026-05-11,37000,
Chroma Vampire's Gun,2026-05-12,37000,7
Chroma Vampire's Gun,2026-05-14,36000,
Chroma Vampire's Gun,2026-05-17,35000,
Chroma Vampire's Gun,2026-05-19,35000,7
Chroma Vampire's Gun,2026-05-21,35000,7
Chroma Vampire's Gun,2026-05-24,35000,7
Chroma Vampire's Gun,2026-06-14,35000,7
Chroma Vampire's Gun,2026-06-19,34000,
Chroma Vampire's Gun,2026-06-21,34000,7
Chroma Vampire's Gun,2026-06-22,33000,
Chroma Vampire's Gun,2026-06-24,32000,
Chroma Vampire's Gun,2026-06-26,32000,6
Chroma Vampire's Gun,2026-06-27,30000,
Chroma Vampire's Gun,2026-06-28,30000,6
Chroma Vampire's Gun,2026-06-29,29000,
Chroma Vampire's Gun,2026-07-02,29000,6
Chroma Vampire's Gun,2026-07-03,29000,7
Chroma Vampire's Gun,2026-07-05,29000,7
Chroma Vampire's Gun,2026-07-06,29000,7
Chroma Vampire's Gun,2026-07-12,29000,7
Chroma Vampire's Gun,2026-07-14,29000,7
Chroma Vampire's Gun,2026-07-24,29000,7
Chroma Vampire's Gun,2026-07-25,29000,7
Chroma Vampire's Gun,2026-07-27,29000,7
Chroma Vampire's Gun,2026-07-28,29000,7
Chroma Vampire's Gun,2026-07-30,29000,7
Chroma Vampire's Gun,2026-07-31,29000,7
Chroma Vampire's Gun,2026-08-03,29000,7
Chroma Vampire's Gun,2026-08-04,29000,7
Chroma Vampire's Gun,2026-08-05,29000,7
Chroma Vampire's Gun,2026-08-06,29000,7
Chroma Vampire's Gun,2026-08-07,29000,7
Chroma Vampire's Gun,2026-08-08,29000,7
Chroma Vampire's Gun,2026-08-09,29000,7
Chroma Vampire's Gun,2026-08-10,29000,7
Chroma Vampire's Gun,2026-08-11,29000,7
Chroma Vampire's Gun,2026-08-13,29000,7
Chroma Vampire's Gun,2026-08-14,29000,7
Chroma Vampire's Gun,2026-08-15,29000,7
Chroma Vampire's Gun,2026-08-16,29000,7
Chroma Vampire's Gun,2026-08-17,29000,7
Chroma Vampire's Gun,2026-08-18,29000,7
Chroma Vampire's Gun,2026-08-19,29000,7
Chroma Vampire's Gun,2026-08-20,29000,7
Chroma Vampire's Gun,2026-08-21,29000,7
Chroma Vampire's Gun,2026-08-22,29000,7
Chroma Vampire's Gun,2026-08-24,29000,7
Chroma Vampire's Gun,2026-08-25,29000,7
Chroma Vampire's Gun,2026-09-02,29000,7
Chroma Vampire's Gun,2026-09-03,29000,7
Chroma Vampire's Gun,2026-09-04,29000,7
Chroma Vampire's Gun,2026-09-05,29000,7
Chroma Vampire's Gun,2026-09-06,29000,7
Chroma Vampire's Gun,2026-09-07,29000,7
Chroma Vampire's Gun,2026-09-12,29000,7
Chroma Vampire's Gun,2026-09-17,29000,7
Chroma Vampire's Gun,2026-09-18,29000,7
Chroma Vampire's Gun,2026-09-19,29000,7
Chroma Vampire's Gun,2026-09-20,29000,7
Chroma Watergun,2024-07-11,15000,
Chroma Watergun,2024-07-14,13000,
Chroma Watergun,2024-07-15,12000,
Chroma Watergun,2024-07-18,7000,
Chroma Watergun,2024-07-21,5300,
Chroma Watergun,2024-07-25,4000,
Chroma Watergun,2024-07-27,3600,
Chroma Watergun,2024-07-29,3200,
Chroma Watergun,2024-07-31,3500,
Chroma Watergun,2024-08-02,3700,
Chroma Watergun,2024-08-04,3800,
Chroma Watergun,2024-08-11,3700,
Chroma Watergun,2024-08-14,3500,
Chroma Watergun,2024-08-16,3400,
Chroma Watergun,2024-08-22,3300,
Chroma Watergun,2024-08-24,3100,
Chroma Watergun,2024-08-26,3000,
Chroma Watergun,2024-08-29,2850,
Chroma Watergun,2024-09-02,2900,
Chroma Watergun,2024-09-12,2800,
Chroma Watergun,2024-09-14,2600,
Chroma Watergun,2024-09-18,2500,
Chroma Watergun,2024-09-19,2400,
Chroma Watergun,2024-09-23,2300,
Chroma Watergun,2024-09-27,2250,
Chroma Watergun,2024-10-02,2400,
Chroma Watergun,2024-10-06,2600,
Chroma Watergun,2024-10-11,2800,
Chroma Watergun,2024-10-13,3000,
Chroma Watergun,2024-10-16,3250,
Chroma Watergun,2024-10-18,3300,
Chroma Watergun,2024-10-20,3250,
Chroma Watergun,2024-10-23,3200,
Chroma Watergun,2024-10-26,3100,
Chroma Watergun,2024-10-28,3000,
Chroma Watergun,2024-10-30,2900,
Chroma Watergun,2024-11-02,2800,
Chroma Watergun,2024-11-03,2600,
Chroma Watergun,2024-11-08,2400,
Chroma Watergun,2024-11-13,2200,
Chroma Watergun,2024-11-22,2500,
Chroma Watergun,2024-11-24,2700,
Chroma Watergun,2024-11-26,2800,
Chroma Watergun,2024-12-02,2750,
Chroma Watergun,2024-12-06,2700,
Chroma Watergun,2024-12-15,2600,
Chroma Watergun,2024-12-20,2500,
Chroma Watergun,2024-12-24,2400,
Chroma Watergun,2024-12-26,2300,
Chroma Watergun,2024-12-31,2200,
Chroma Watergun,2025-02-12,2400,
Chroma Watergun,2025-02-17,2500,
Chroma Watergun,2025-02-19,2600,
Chroma Watergun,2025-02-22,2700,
Chroma Watergun,2025-02-28,2800,
Chroma Watergun,2025-03-04,2950,
Chroma Watergun,2025-03-09,2900,
Chroma Watergun,2025-03-11,2800,
Chroma Watergun,2025-03-15,2600,
Chroma Watergun,2025-03-17,2400,
Chroma Watergun,2025-03-19,2300,
Chroma Watergun,2025-03-26,2400,
Chroma Watergun,2025-03-29,2500,
Chroma Watergun,2025-04-02,2600,
Chroma Watergun,2025-04-06,2700,
Chroma Watergun,2025-04-09,2800,
Chroma Watergun,2025-04-13,2700,
Chroma Watergun,2025-04-15,2600,
Chroma Watergun,2025-04-20,2500,
Chroma Watergun,2025-05-12,2600,
Chroma Watergun,2025-05-15,2700,
Chroma Watergun,2025-05-21,2800,
Chroma Watergun,2025-05-24,2900,
Chroma Watergun,2025-05-28,3000,
Chroma Watergun,2025-06-05,3100,
Chroma Watergun,2025-06-08,3000,
Chroma Watergun,2025-06-11,2900,
Chroma Watergun,2025-06-13,2800,
Chroma Watergun,2025-06-17,2700,
Chroma Watergun,2025-06-24,2750,
Chroma Watergun,2025-06-26,2800,
Chroma Watergun,2025-06-29,2900,
Chroma Watergun,2025-07-02,3000,
Chroma Watergun,2025-07-05,2950,
Chroma Watergun,2025-07-11,2900,
Chroma Watergun,2025-07-14,2850,
Chroma Watergun,2025-07-19,2800,
Chroma Watergun,2025-07-21,2750,
Chroma Watergun,2025-07-24,2700,
Chroma Watergun,2025-07-28,2650,
Chroma Watergun,2025-08-01,2700,
Chroma Watergun,2025-08-03,2750,
Chroma Watergun,2025-08-07,2800,
Chroma Watergun,2025-08-11,2850,
Chroma Watergun,2025-08-22,2800,
Chroma Watergun,2025-08-26,2750,
Chroma Watergun,2025-08-30,2700,
Chroma Watergun,2025-11-13,2750,
Chroma Watergun,2025-11-24,2750,5
Chroma Watergun,2025-11-25,2750,5
Chroma Watergun,2025-11-30,2750,5
Chroma Watergun,2025-12-04,2750,5
Chroma Watergun,2025-12-21,2750,5
Chroma Watergun,2025-12-23,2750,5
Chroma Watergun,2025-12-24,2750,5
Chroma Watergun,2025-12-26,2750,5
Chroma Watergun,2025-12-30,2750,5
Chroma Watergun,2026-01-01,2750,5
Chroma Watergun,2026-01-17,2750,5
Chroma Watergun,2026-01-28,2750,5
Chroma Watergun,2026-02-04,2800,
Chroma Watergun,2026-02-08,2900,
Chroma Watergun,2026-02-10,3000,
Chroma Watergun,2026-02-15,3200,
Chroma Watergun,2026-02-16,3350,
Chroma Watergun,2026-02-17,3400,
Chroma Watergun,2026-02-19,3500,
Chroma Watergun,2026-02-23,3450,
Chroma Watergun,2026-02-25,3400,
Chroma Watergun,2026-03-06,3400,5
Chroma Watergun,2026-03-21,3400,5
Chroma Watergun,2026-04-14,3400,5
Chroma Watergun,2026-04-20,3400,5
Chroma Watergun,2026-04-22,3400,5
Chroma Watergun,2026-04-24,3400,5
Chroma Watergun,2026-04-27,3400,5
Chroma Watergun,2026-04-28,3400,5
Chroma Watergun,2026-05-02,3400,5
Chroma Watergun,2026-05-03,3400,5
Chroma Watergun,2026-05-06,3400,5
Chroma Watergun,2026-05-09,3400,5
Chroma Watergun,2026-05-12,3400,5
Chroma Watergun,2026-05-14,3400,5
Chroma Watergun,2026-05-17,3400,5
Chroma Watergun,2026-05-19,3400,5
Chroma Watergun,2026-05-21,3400,5
Chroma Watergun,2026-05-24,3400,5
Chroma Watergun,2026-06-14,3400,5
Chroma Watergun,2026-06-21,3400,5
Chroma Watergun,2026-06-22,3400,5
Chroma Watergun,2026-06-26,3400,5
Chroma Watergun,2026-06-28,3400,5
Chroma Watergun,2026-07-02,3400,5
Chroma Watergun,2026-07-03,3400,5
Chroma Watergun,2026-07-05,3400,5
Chroma Watergun,2026-07-06,3400,5
Chroma Watergun,2026-07-12,3400,5
Chroma Watergun,2026-07-14,3400,5
Chroma Watergun,2026-07-24,3400,5
Chroma Watergun,2026-07-25,3400,5
Chroma Watergun,2026-07-27,3400,5
Chroma Watergun,2026-07-28,3400,5
Chroma Watergun,2026-07-30,3400,5
Chroma Watergun,2026-07-31,3400,5
Chroma Watergun,2026-08-03,3400,5
Chroma Watergun,2026-08-04,3400,5
Chroma Watergun,2026-08-05,3400,5
Chroma Watergun,2026-08-06,3400,5
Chroma Watergun,2026-08-07,3400,5
Chroma Watergun,2026-08-08,3400,5
Chroma Watergun,2026-08-09,3400,5
Chroma Watergun,2026-08-10,3400,5
Chroma Watergun,2026-08-11,3400,5
Chroma Watergun,2026-08-13,3400,5
Chroma Watergun,2026-08-14,3400,5
Chroma Watergun,2026-08-15,3400,5
Chroma Watergun,2026-08-16,3400,5
Chroma Watergun,2026-08-17,3400,5
Chroma Watergun,2026-08-18,3400,5
Chroma Watergun,2026-08-19,3400,5
Chroma Watergun,2026-08-20,3400,5
Chroma Watergun,2026-08-21,3400,5
Chroma Watergun,2026-08-22,3400,5
Chroma Watergun,2026-08-24,3400,5
Chroma Watergun,2026-08-25,3400,5
Chroma Watergun,2026-09-01,3300,
Chroma Watergun,2026-09-02,3200,
Chroma Watergun,2026-09-03,3200,5
Chroma Watergun,2026-09-04,3000,
Chroma Watergun,2026-09-05,3000,5
Chroma Watergun,2026-09-06,3000,5
Chroma Watergun,2026-09-07,2800,
Chroma Watergun,2026-09-09,2700,
Chroma Watergun,2026-09-12,2600,
Chroma Watergun,2026-09-17,2600,5
Chroma Watergun,2026-09-18,2600,5
Chroma Watergun,2026-09-19,2600,5
Chroma Watergun,2026-09-20,2600,5
Alienbeam,2025-10-19,1500,
Alienbeam,2025-10-21,1050,
Alienbeam,2025-10-23,750,
Alienbeam,2025-10-26,750,5
Alienbeam,2025-10-28,475,
Alienbeam,2025-11-01,350,
Alienbeam,2025-11-04,250,
Alienbeam,2025-11-06,240,
Alienbeam,2025-11-11,260,
Alienbeam,2025-11-13,300,
Alienbeam,2025-11-16,320,
Alienbeam,2025-11-18,350,
Alienbeam,2025-11-20,375,
Alienbeam,2025-11-24,400,
Alienbeam,2025-11-25,400,4
Alienbeam,2025-11-27,425,
Alienbeam,2025-11-30,450,
Alienbeam,2025-12-01,475,
Alienbeam,2025-12-04,500,
Alienbeam,2025-12-08,525,
Alienbeam,2025-12-11,550,
Alienbeam,2025-12-14,550,5
Alienbeam,2025-12-15,525,
Alienbeam,2025-12-17,500,
Alienbeam,2025-12-18,475,
Alienbeam,2025-12-21,475,4
Alienbeam,2025-12-23,475,4
Alienbeam,2025-12-24,475,4
Alienbeam,2025-12-26,475,4
Alienbeam,2025-12-27,485,
Alienbeam,2025-12-28,485,4
Alienbeam,2025-12-29,500,
Alienbeam,2025-12-30,500,4
Alienbeam,2026-01-01,525,
Alienbeam,2026-01-04,550,
Alienbeam,2026-01-06,575,
Alienbeam,2026-01-08,625,
Alienbeam,2026-01-09,625,5
Alienbeam,2026-01-11,675,
Alienbeam,2026-01-14,725,
Alienbeam,2026-01-16,775,
Alienbeam,2026-01-18,825,
Alienbeam,2026-01-20,875,
Alienbeam,2026-01-22,925,
Alienbeam,2026-01-24,975,
Alienbeam,2026-01-27,1000,
Alienbeam,2026-01-31,975,
Alienbeam,2026-02-01,950,
Alienbeam,2026-02-04,925,
Alienbeam,2026-02-06,950,
Alienbeam,2026-02-07,950,5
Alienbeam,2026-02-08,975,
Alienbeam,2026-02-10,1000,
Alienbeam,2026-02-13,1000,6
Alienbeam,2026-02-15,1025,
Alienbeam,2026-02-16,975,
Alienbeam,2026-02-17,950,
Alienbeam,2026-02-19,950,5
Alienbeam,2026-02-23,975,
Alienbeam,2026-02-25,1000,
Alienbeam,2026-02-27,1025,
Alienbeam,2026-03-01,1050,
Alienbeam,2026-03-04,1075,
Alienbeam,2026-03-06,1100,
Alienbeam,2026-03-09,1125,
Alienbeam,2026-03-11,1150,
Alienbeam,2026-03-14,1175,
Alienbeam,2026-03-16,1250,
Alienbeam,2026-03-17,1250,6
Alienbeam,2026-03-19,1300,
Alienbeam,2026-03-21,1325,6
Alienbeam,2026-03-24,1350,
Alienbeam,2026-03-25,1350,6
Alienbeam,2026-03-26,1375,
Alienbeam,2026-03-31,1400,
Alienbeam,2026-04-04,1425,
Alienbeam,2026-04-07,1450,
Alienbeam,2026-04-11,1550,
Alienbeam,2026-04-13,1650,
Alienbeam,2026-04-16,1750,
Alienbeam,2026-04-18,1850,
Alienbeam,2026-04-19,1850,7
Alienbeam,2026-04-20,1850,7
Alienbeam,2026-04-21,2000,
Alienbeam,2026-04-22,2000,7
Alienbeam,2026-04-23,2200,
Alienbeam,2026-04-24,2200,7
Alienbeam,2026-04-26,2300,
Alienbeam,2026-04-27,2300,6
Alienbeam,2026-04-28,2350,
Alienbeam,2026-05-02,2350,6
Alienbeam,2026-05-03,2300,
Alienbeam,2026-05-06,2250,
Alienbeam,2026-05-08,2175,
Alienbeam,2026-05-09,2175,5
Alienbeam,2026-05-11,2100,
Alienbeam,2026-05-12,2100,5
Alienbeam,2026-05-14,2050,
Alienbeam,2026-05-17,2050,5
Alienbeam,2026-05-18,2100,
Alienbeam,2026-05-19,2100,5
Alienbeam,2026-05-21,2175,
Alienbeam,2026-05-23,2175,6
Alienbeam,2026-05-24,2225,6
Alienbeam,2026-05-25,2275,
Alienbeam,2026-05-27,2250,
Alienbeam,2026-05-30,2200,
Alienbeam,2026-06-03,2150,
Alienbeam,2026-06-06,2100,
Alienbeam,2026-06-07,2050,
Alienbeam,2026-06-10,2000,
Alienbeam,2026-06-21,2000,5
Alienbeam,2026-06-22,2000,5
Alienbeam,2026-06-23,2000,5
Alienbeam,2026-06-24,2000,5
Alienbeam,2026-06-25,2000,5
Alienbeam,2026-06-26,2000,5
Alienbeam,2026-06-27,2000,5
Alienbeam,2026-06-28,2000,5
Alienbeam,2026-07-02,2000,5
Alienbeam,2026-07-03,2000,5
Alienbeam,2026-07-05,2000,5
Alienbeam,2026-07-06,2000,5
Alienbeam,2026-07-12,1975,
Alienbeam,2026-07-13,1950,
Alienbeam,2026-07-14,1950,5
Alienbeam,2026-07-16,1925,
Alienbeam,2026-07-17,1925,5
Alienbeam,2026-07-18,1900,
Alienbeam,2026-07-21,1875,
Alienbeam,2026-07-28,1850,
Alienbeam,2026-08-10,1875,
Alienbeam,2026-08-12,1925,
Alienbeam,2026-08-13,1975,
Alienbeam,2026-08-15,2100,
Alienbeam,2026-08-18,2350,
Alienbeam,2026-08-20,2500,
Alienbeam,2026-08-23,2600,
Alienbeam,2026-08-26,2650,
Alienbeam,2026-08-28,2600,
Alienbeam,2026-08-30,2550,
Alienbeam,2026-09-01,2450,
Alienbeam,2026-09-02,2350,
Alienbeam,2026-09-04,2250,
Alienbeam,2026-09-07,2250,5
Alienbeam,2026-09-09,2050,
Alienbeam,2026-09-12,1950,
Alienbeam,2026-09-13,1850,
Alienbeam,2026-09-15,1800,
Alienbeam,2026-09-17,1800,5
Alienbeam,2026-09-18,1800,5
Alienbeam,2026-09-19,2000,6
Alienbeam,2026-09-20,2000,6
Amerilaser,2020-08-26,110,
Amerilaser,2020-10-31,115,
Amerilaser,2021-01-22,110,
Amerilaser,2021-04-26,115,
Amerilaser,2021-06-13,125,
Amerilaser,2021-06-18,130,
Amerilaser,2021-07-18,140,
Amerilaser,2021-07-27,150,
Amerilaser,2021-08-23,140,
Amerilaser,2021-09-05,130,
Amerilaser,2021-09-09,120,
Amerilaser,2021-10-02,110,
Amerilaser,2021-10-25,100,
Amerilaser,2021-11-22,105,
Amerilaser,2021-12-13,110,
Amerilaser,2022-01-08,105,
Amerilaser,2022-01-16,100,
Amerilaser,2022-02-03,90,
Amerilaser,2022-02-16,80,
Amerilaser,2022-03-07,75,
Amerilaser,2022-03-14,70,
Amerilaser,2022-04-02,65,
Amerilaser,2022-05-19,60,
Amerilaser,2022-06-06,55,
Amerilaser,2022-07-28,50,
Amerilaser,2022-12-07,55,
Amerilaser,2022-12-20,60,
Amerilaser,2023-04-27,65,
Amerilaser,2023-05-08,70,
Amerilaser,2023-06-01,65,
Amerilaser,2023-06-07,60,
Amerilaser,2023-08-20,55,
Amerilaser,2023-09-16,50,
Amerilaser,2023-10-15,48,
Amerilaser,2023-10-26,43,
Amerilaser,2023-12-03,42,
Amerilaser,2024-01-02,40,
Amerilaser,2024-03-29,33,
Amerilaser,2024-04-24,32,
Amerilaser,2025-01-15,30,
Amerilaser,2025-04-13,28,
Amerilaser,2025-09-23,25,
Amerilaser,2025-10-26,25,2
Amerilaser,2025-11-25,25,2
Amerilaser,2025-12-04,25,2
Amerilaser,2025-12-08,25,2
Amerilaser,2025-12-14,25,2
Amerilaser,2025-12-21,25,2
Amerilaser,2025-12-23,25,2
Amerilaser,2025-12-24,25,2
Amerilaser,2025-12-26,25,2
Amerilaser,2025-12-28,25,2
Amerilaser,2025-12-30,25,2
Amerilaser,2026-01-09,25,2
Amerilaser,2026-01-24,25,2
Amerilaser,2026-02-07,25,2
Amerilaser,2026-02-13,25,2
Amerilaser,2026-02-19,25,2
Amerilaser,2026-03-17,25,2
Amerilaser,2026-03-21,25,2
Amerilaser,2026-03-25,25,2
Amerilaser,2026-04-13,25,2
Amerilaser,2026-04-19,25,2
Amerilaser,2026-04-20,25,2
Amerilaser,2026-04-22,25,2
Amerilaser,2026-04-24,25,2
Amerilaser,2026-04-27,25,2
Amerilaser,2026-04-28,25,2
Amerilaser,2026-05-02,25,2
Amerilaser,2026-05-03,25,2
Amerilaser,2026-05-06,25,2
Amerilaser,2026-05-09,25,2
Amerilaser,2026-05-11,25,2
Amerilaser,2026-05-12,25,2
Amerilaser,2026-05-14,25,2
Amerilaser,2026-05-17,25,2
Amerilaser,2026-05-19,25,2
Amerilaser,2026-05-21,25,2
Amerilaser,2026-05-23,25,2
Amerilaser,2026-05-24,23,1
Amerilaser,2026-06-21,23,1
Amerilaser,2026-06-22,23,1
Amerilaser,2026-06-23,23,1
Amerilaser,2026-06-24,23,1
Amerilaser,2026-06-25,23,1
Amerilaser,2026-06-26,23,1
Amerilaser,2026-06-27,23,1
Amerilaser,2026-06-28,23,1
Amerilaser,2026-07-02,23,1
Amerilaser,2026-07-03,23,1
Amerilaser,2026-07-05,23,1
Amerilaser,2026-07-06,23,1
Amerilaser,2026-07-12,23,1
Amerilaser,2026-07-14,23,1
Amerilaser,2026-07-17,23,1
Amerilaser,2026-07-21,22,
Amerilaser,2026-07-25,22,1
Amerilaser,2026-07-27,22,1
Amerilaser,2026-07-28,22,1
Amerilaser,2026-07-30,22,1
Amerilaser,2026-07-31,22,1
Amerilaser,2026-08-02,22,1
Amerilaser,2026-08-03,22,1
Amerilaser,2026-08-04,22,1
Amerilaser,2026-08-05,22,1
Amerilaser,2026-08-06,22,1
Amerilaser,2026-08-07,22,1
Amerilaser,2026-08-08,22,1
Amerilaser,2026-08-09,22,1
Amerilaser,2026-08-10,22,1
Amerilaser,2026-08-11,22,1
Amerilaser,2026-08-13,22,1
Amerilaser,2026-08-14,22,1
Amerilaser,2026-08-15,22,1
Amerilaser,2026-08-16,22,1
Amerilaser,2026-08-17,22,1
Amerilaser,2026-08-18,22,1
Amerilaser,2026-08-19,22,1
Amerilaser,2026-08-20,22,1
Amerilaser,2026-08-21,22,1
Amerilaser,2026-08-22,22,1
Amerilaser,2026-08-24,22,1
Amerilaser,2026-09-02,22,1
Amerilaser,2026-09-03,22,1
Amerilaser,2026-09-04,22,1
Amerilaser,2026-09-05,22,1
Amerilaser,2026-09-06,22,1
Amerilaser,2026-09-07,22,1
Amerilaser,2026-09-12,22,1
Amerilaser,2026-09-17,22,1
Amerilaser,2026-09-18,22,1
Amerilaser,2026-09-19,22,1
Amerilaser,2026-09-20,22,1
Australis,2024-12-23,375,
Australis,2024-12-24,350,
Australis,2024-12-26,225,
Australis,2024-12-29,200,
Australis,2024-12-31,175,
Australis,2025-01-03,150,
Australis,2025-01-06,145,
Australis,2025-01-15,140,
Australis,2025-01-24,135,
Australis,2025-01-26,120,
Australis,2025-02-03,115,
Australis,2025-02-07,110,
Australis,2025-02-17,105,
Australis,2025-02-22,100,
Australis,2025-03-11,105,
Australis,2025-03-15,110,
Australis,2025-04-13,105,
Australis,2025-09-23,100,
Australis,2025-10-26,100,3
Australis,2025-11-25,100,3
Australis,2025-12-04,100,3
Australis,2025-12-08,100,3
Australis,2025-12-14,100,3
Australis,2025-12-21,100,3
Australis,2025-12-23,100,3
Australis,2025-12-24,100,3
Australis,2025-12-26,100,3
Australis,2025-12-28,100,3
Australis,2025-12-30,100,3
Australis,2026-01-09,100,3
Australis,2026-01-24,100,3
Australis,2026-02-07,100,3
Australis,2026-02-13,100,3
Australis,2026-02-19,100,3
Australis,2026-03-17,100,3
Australis,2026-03-21,100,3
Australis,2026-03-25,100,3
Australis,2026-04-13,100,3
Australis,2026-04-19,100,3
Australis,2026-04-20,100,3
Australis,2026-04-22,100,3
Australis,2026-04-24,100,3
Australis,2026-04-27,100,3
Australis,2026-04-28,100,3
Australis,2026-05-02,100,3
Australis,2026-05-03,100,3
Australis,2026-05-06,100,3
Australis,2026-05-09,100,3
Australis,2026-05-11,100,3
Australis,2026-05-12,100,3
Australis,2026-05-14,100,3
Australis,2026-05-17,100,3
Australis,2026-05-19,100,3
Australis,2026-05-21,100,3
Australis,2026-05-23,100,3
Australis,2026-05-24,100,2
Australis,2026-06-12,105,
Australis,2026-06-14,110,
Australis,2026-06-17,120,
Australis,2026-06-19,130,
Australis,2026-06-21,130,4
Australis,2026-06-22,145,
Australis,2026-06-23,145,4
Australis,2026-06-24,150,
Australis,2026-06-25,150,4
Australis,2026-06-26,150,4
Australis,2026-06-27,155,
Australis,2026-06-28,155,3
Australis,2026-06-29,150,
Australis,2026-07-02,150,3
Australis,2026-07-03,150,3
Australis,2026-07-05,150,3
Australis,2026-07-06,150,3
Australis,2026-07-12,150,3
Australis,2026-07-14,150,3
Australis,2026-07-16,145,
Australis,2026-07-17,145,3
Australis,2026-07-25,145,3
Australis,2026-07-27,140,
Australis,2026-07-28,140,3
Australis,2026-07-30,140,3
Australis,2026-07-31,140,3
Australis,2026-08-02,140,3
Australis,2026-08-03,140,3
Australis,2026-08-04,140,3
Australis,2026-08-05,140,3
Australis,2026-08-06,140,3
Australis,2026-08-07,140,3
Australis,2026-08-08,140,3
Australis,2026-08-09,140,3
Australis,2026-08-10,140,3
Australis,2026-08-11,140,3
Australis,2026-08-13,140,2
Australis,2026-08-14,140,2
Australis,2026-08-15,140,2
Australis,2026-08-16,140,2
Australis,2026-08-17,140,2
Australis,2026-08-18,140,2
Australis,2026-08-19,140,2
Australis,2026-08-20,140,2
Australis,2026-08-21,140,2
Australis,2026-08-22,140,2
Australis,2026-08-24,140,2
Australis,2026-09-02,140,2
Australis,2026-09-03,140,2
Australis,2026-09-04,140,2
Australis,2026-09-05,140,2
Australis,2026-09-06,140,2
Australis,2026-09-07,140,2
Australis,2026-09-12,140,2
Australis,2026-09-17,140,2
Australis,2026-09-18,140,2
Australis,2026-09-19,140,2
Australis,2026-09-20,140,2
Bat,2022-10-18,4750,
Bat,2022-10-22,4600,
Bat,2022-10-29,4450,
Bat,2022-10-30,4350,
Bat,2022-11-06,3900,
Bat,2022-11-12,3700,
Bat,2022-11-14,3500,
Bat,2022-11-21,3000,
Bat,2022-11-26,2750,
Bat,2022-11-29,2500,
Bat,2022-12-02,2200,
Bat,2022-12-04,1900,
Bat,2022-12-07,1600,
Bat,2022-12-08,1400,
Bat,2022-12-12,1500,
Bat,2022-12-13,1600,
Bat,2022-12-17,1700,
Bat,2022-12-18,1800,
Bat,2022-12-23,1850,
Bat,2023-01-01,1900,
Bat,2023-01-08,2000,
Bat,2023-01-20,2100,
Bat,2023-01-21,2200,
Bat,2023-01-24,2250,
Bat,2023-01-27,2300,
Bat,2023-02-02,2400,
Bat,2023-02-05,2500,
Bat,2023-02-13,2600,
Bat,2023-02-19,2800,
Bat,2023-02-21,2900,
Bat,2023-02-27,3000,
Bat,2023-03-09,2800,
Bat,2023-03-12,2700,
Bat,2023-03-19,2500,
Bat,2023-03-21,2400,
Bat,2023-03-24,2300,
Bat,2023-03-26,2100,
Bat,2023-04-27,2050,
Bat,2023-04-30,2000,
Bat,2023-05-08,1900,
Bat,2023-05-10,1800,
Bat,2023-05-13,1700,
Bat,2023-05-16,1600,
Bat,2023-05-27,1650,
Bat,2023-05-28,1800,
Bat,2023-06-01,1900,
Bat,2023-06-02,2000,
Bat,2023-06-07,2250,
Bat,2023-06-12,2500,
Bat,2023-06-13,2700,
Bat,2023-06-18,2800,
Bat,2023-06-21,3000,
Bat,2023-06-26,2700,
Bat,2023-06-30,2400,
Bat,2023-07-03,2100,
Bat,2023-07-06,2000,
Bat,2023-07-15,2050,
Bat,2023-07-19,2150,
Bat,2023-07-20,2200,
Bat,2023-07-23,2250,
Bat,2023-07-24,2300,
Bat,2023-07-27,2400,
Bat,2023-07-29,2600,
Bat,2023-08-01,2750,
Bat,2023-08-02,2850,
Bat,2023-08-05,3000,
Bat,2023-08-07,3100,
Bat,2023-08-16,2900,
Bat,2023-08-18,2750,
Bat,2023-08-20,2700,
Bat,2023-08-21,2650,
Bat,2023-08-24,2600,
Bat,2023-08-25,2575,
Bat,2023-08-28,2550,
Bat,2023-08-29,2500,
Bat,2023-09-08,2600,
Bat,2023-09-09,2700,
Bat,2023-09-11,2750,
Bat,2023-09-16,2650,
Bat,2023-09-18,2500,
Bat,2023-09-20,2350,
Bat,2023-09-21,2250,
Bat,2023-09-23,2200,
Bat,2023-09-25,2100,
Bat,2023-09-27,2000,
Bat,2023-09-28,1900,
Bat,2023-10-01,1800,
Bat,2023-10-05,1700,
Bat,2023-10-08,1600,
Bat,2023-10-11,1500,
Bat,2023-10-18,1550,
Bat,2023-10-23,1650,
Bat,2023-10-26,1750,
Bat,2023-11-01,1800,
Bat,2023-11-05,1850,
Bat,2023-11-13,1800,
Bat,2023-11-14,1750,
Bat,2023-11-17,1650,
Bat,2023-11-22,1600,
Bat,2023-11-26,1550,
Bat,2023-12-03,1450,
Bat,2023-12-10,1400,
Bat,2023-12-14,1350,
Bat,2023-12-20,1275,
Bat,2023-12-22,1225,
Bat,2023-12-27,1200,
Bat,2024-01-02,1150,
Bat,2024-01-12,1175,
Bat,2024-01-16,1200,
Bat,2024-01-26,1150,
Bat,2024-01-29,1050,
Bat,2024-02-02,950,
Bat,2024-02-03,900,
Bat,2024-02-17,850,
Bat,2024-02-22,825,
Bat,2024-02-26,800,
Bat,2024-03-11,750,
Bat,2024-03-25,700,
Bat,2024-03-31,675,
Bat,2024-04-03,650,
Bat,2024-04-08,625,
Bat,2024-04-10,575,
Bat,2024-04-11,550,
Bat,2024-04-15,500,
Bat,2024-04-16,450,
Bat,2024-04-24,475,
Bat,2024-04-26,500,
Bat,2024-05-07,475,
Bat,2024-05-09,450,
Bat,2024-05-15,425,
Bat,2024-05-20,400,
Bat,2024-05-26,375,
Bat,2024-05-29,350,
Bat,2024-06-08,300,
Bat,2024-06-10,275,
Bat,2024-06-14,250,
Bat,2024-06-15,240,
Bat,2024-06-28,250,
Bat,2024-07-03,260,
Bat,2024-07-06,270,
Bat,2024-07-09,280,
Bat,2024-07-11,290,
Bat,2024-07-14,300,
Bat,2024-07-15,315,
Bat,2024-07-18,325,
Bat,2024-07-21,340,
Bat,2024-07-25,355,
Bat,2024-07-27,375,
Bat,2024-07-29,400,
Bat,2024-07-31,425,
Bat,2024-08-02,475,
Bat,2024-08-04,500,
Bat,2024-08-08,550,
Bat,2024-08-11,600,
Bat,2024-08-22,575,
Bat,2024-08-24,550,
Bat,2024-08-26,500,
Bat,2024-08-29,475,
Bat,2024-08-31,450,
Bat,2024-09-02,425,
Bat,2024-09-05,400,
Bat,2024-09-08,375,
Bat,2024-09-12,350,
Bat,2024-09-18,400,
Bat,2024-09-19,450,
Bat,2024-09-23,475,
Bat,2024-09-27,500,
Bat,2024-09-29,510,
Bat,2024-10-02,540,
Bat,2024-10-06,510,
Bat,2024-10-11,500,
Bat,2024-10-13,480,
Bat,2024-10-20,450,
Bat,2024-10-28,440,
Bat,2024-11-02,425,
Bat,2024-11-15,440,
Bat,2024-11-18,450,
Bat,2024-12-06,400,
Bat,2024-12-15,375,
Bat,2024-12-23,370,
Bat,2024-12-24,365,
Bat,2024-12-26,360,
Bat,2025-01-03,350,
Bat,2025-01-06,340,
Bat,2025-01-13,325,
Bat,2025-01-20,300,
Bat,2025-02-03,290,
Bat,2025-02-09,280,
Bat,2025-02-12,275,
Bat,2025-02-14,260,
Bat,2025-02-17,245,
Bat,2025-02-22,240,
Bat,2025-02-23,235,
Bat,2025-03-09,240,
Bat,2025-03-11,245,
Bat,2025-03-15,250,
Bat,2025-03-17,265,
Bat,2025-03-19,270,
Bat,2025-04-20,275,
Bat,2025-05-15,280,
Bat,2025-06-11,285,
Bat,2025-08-11,290,
Bat,2025-09-17,295,
Bat,2025-09-18,300,
Bat,2025-09-25,295,
Bat,2025-09-28,290,
Bat,2025-10-08,280,
Bat,2025-10-10,275,
Bat,2025-10-15,270,
Bat,2025-10-19,265,
Bat,2025-10-21,260,
Bat,2025-10-23,255,
Bat,2025-10-26,255,4
Bat,2025-10-28,250,
Bat,2025-11-06,240,
Bat,2025-11-13,245,
Bat,2025-11-16,250,
Bat,2025-11-25,250,4
Bat,2025-12-04,250,4
Bat,2025-12-08,250,4
Bat,2025-12-14,250,4
Bat,2025-12-19,245,
Bat,2025-12-21,245,4
Bat,2025-12-23,245,4
Bat,2025-12-24,245,4
Bat,2025-12-26,245,4
Bat,2025-12-28,245,4
Bat,2025-12-30,245,4
Bat,2026-01-09,245,4
Bat,2026-01-22,240,
Bat,2026-01-24,235,
Bat,2026-01-27,230,
Bat,2026-01-28,220,
Bat,2026-02-07,220,3
Bat,2026-02-13,220,3
Bat,2026-02-15,215,
Bat,2026-02-16,205,
Bat,2026-02-19,205,3
Bat,2026-03-14,200,
Bat,2026-03-17,200,3
Bat,2026-03-19,195,
Bat,2026-03-21,190,3
Bat,2026-03-24,180,
Bat,2026-03-25,180,3
Bat,2026-03-26,175,
Bat,2026-03-30,170,
Bat,2026-04-04,165,
Bat,2026-04-13,160,
Bat,2026-04-16,155,
Bat,2026-04-18,150,
Bat,2026-04-19,150,3
Bat,2026-04-20,150,3
Bat,2026-04-21,145,
Bat,2026-04-22,145,3
Bat,2026-04-24,145,3
Bat,2026-04-26,140,
Bat,2026-04-27,140,3
Bat,2026-04-28,135,
Bat,2026-05-01,130,
Bat,2026-05-02,130,3
Bat,2026-05-03,130,3
Bat,2026-05-06,125,
Bat,2026-05-09,125,3
Bat,2026-05-11,125,3
Bat,2026-05-12,125,3
Bat,2026-05-14,125,3
Bat,2026-05-17,125,3
Bat,2026-05-19,125,3
Bat,2026-05-21,125,3
Bat,2026-05-23,125,3
Bat,2026-05-24,125,2
Bat,2026-06-17,120,
Bat,2026-06-21,120,2
Bat,2026-06-22,120,2
Bat,2026-06-23,120,2
Bat,2026-06-24,120,2
Bat,2026-06-25,120,2
Bat,2026-06-26,120,2
Bat,2026-06-27,120,2
Bat,2026-06-28,120,2
Bat,2026-07-02,120,2
Bat,2026-07-03,120,2
Bat,2026-07-05,120,2
Bat,2026-07-06,120,2
Bat,2026-07-12,120,2
Bat,2026-07-14,120,2
Bat,2026-07-17,120,2
Bat,2026-07-25,120,2
Bat,2026-07-27,120,2
Bat,2026-07-28,120,2
Bat,2026-07-30,120,2
Bat,2026-07-31,120,2
Bat,2026-08-02,120,2
Bat,2026-08-03,120,2
Bat,2026-08-04,120,2
Bat,2026-08-05,120,2
Bat,2026-08-06,120,2
Bat,2026-08-07,120,2
Bat,2026-08-08,120,2
Bat,2026-08-09,120,2
Bat,2026-08-10,120,2
Bat,2026-08-11,120,2
Bat,2026-08-13,120,2
Bat,2026-08-14,120,2
Bat,2026-08-15,120,2
Bat,2026-08-16,120,2
Bat,2026-08-17,120,2
Bat,2026-08-18,120,2
Bat,2026-08-19,120,2
Bat,2026-08-20,120,2
Bat,2026-08-21,120,2
Bat,2026-08-22,120,2
Bat,2026-08-24,120,2
Bat,2026-09-02,120,2
Bat,2026-09-03,120,2
Bat,2026-09-04,120,2
Bat,2026-09-05,120,2
Bat,2026-09-06,120,2
Bat,2026-09-07,120,2
Bat,2026-09-12,120,2
Bat,2026-09-17,120,2
Bat,2026-09-18,120,2
Bat,2026-09-19,120,2
Bat,2026-09-20,120,2
Battleaxe,2020-08-26,30,
Battleaxe,2021-12-13,28,
Battleaxe,2022-08-27,25,
Battleaxe,2022-11-12,22,
Battleaxe,2023-01-16,20,
Battleaxe,2023-06-01,18,
Battleaxe,2023-09-16,17,
Battleaxe,2024-03-29,13,
Battleaxe,2024-04-24,12,
Battleaxe,2024-09-27,13,
Battleaxe,2025-04-13,12,
Battleaxe,2025-10-26,12,1
Battleaxe,2025-11-25,12,1
Battleaxe,2025-12-04,12,1
Battleaxe,2025-12-08,12,1
Battleaxe,2025-12-14,12,1
Battleaxe,2025-12-21,12,1
Battleaxe,2025-12-23,12,1
Battleaxe,2025-12-24,12,1
Battleaxe,2025-12-26,12,1
Battleaxe,2025-12-28,12,1
Battleaxe,2025-12-30,12,1
Battleaxe,2026-01-09,12,1
Battleaxe,2026-01-24,12,1
Battleaxe,2026-02-07,12,1
Battleaxe,2026-02-13,12,1
Battleaxe,2026-02-19,12,1
Battleaxe,2026-03-17,12,1
Battleaxe,2026-03-21,12,1
Battleaxe,2026-03-25,12,1
Battleaxe,2026-04-13,12,1
Battleaxe,2026-04-19,12,1
Battleaxe,2026-04-20,12,1
Battleaxe,2026-04-22,12,1
Battleaxe,2026-04-24,12,1
Battleaxe,2026-04-27,12,1
Battleaxe,2026-04-28,12,1
Battleaxe,2026-05-02,12,1
Battleaxe,2026-05-03,12,1
Battleaxe,2026-05-06,12,1
Battleaxe,2026-05-09,12,1
Battleaxe,2026-05-11,12,1
Battleaxe,2026-05-12,12,1
Battleaxe,2026-05-14,12,1
Battleaxe,2026-05-17,12,1
Battleaxe,2026-05-19,12,1
Battleaxe,2026-05-21,12,1
Battleaxe,2026-05-23,12,1
Battleaxe,2026-05-24,12,1
Battleaxe,2026-06-21,12,1
Battleaxe,2026-06-22,12,1
Battleaxe,2026-06-23,12,1
Battleaxe,2026-06-24,12,1
Battleaxe,2026-06-25,12,1
Battleaxe,2026-06-26,12,1
Battleaxe,2026-06-27,12,1
Battleaxe,2026-06-28,12,1
Battleaxe,2026-07-02,12,1
Battleaxe,2026-07-03,12,1
Battleaxe,2026-07-05,12,1
Battleaxe,2026-07-06,12,1
Battleaxe,2026-07-12,12,1
Battleaxe,2026-07-14,12,1
Battleaxe,2026-07-17,12,1
Battleaxe,2026-07-25,12,1
Battleaxe,2026-07-27,12,1
Battleaxe,2026-07-28,12,1
Battleaxe,2026-07-30,12,1
Battleaxe,2026-07-31,12,1
Battleaxe,2026-08-02,12,1
Battleaxe,2026-08-03,12,1
Battleaxe,2026-08-04,12,1
Battleaxe,2026-08-05,12,1
Battleaxe,2026-08-06,12,1
Battleaxe,2026-08-07,12,1
Battleaxe,2026-08-08,12,1
Battleaxe,2026-08-09,12,1
Battleaxe,2026-08-10,12,1
Battleaxe,2026-08-11,12,1
Battleaxe,2026-08-13,12,1
Battleaxe,2026-08-14,12,1
Battleaxe,2026-08-15,12,1
Battleaxe,2026-08-16,12,1
Battleaxe,2026-08-17,12,1
Battleaxe,2026-08-18,12,1
Battleaxe,2026-08-19,12,1
Battleaxe,2026-08-20,12,1
Battleaxe,2026-08-21,12,1
Battleaxe,2026-08-22,12,1
Battleaxe,2026-08-24,12,1
Battleaxe,2026-09-02,12,1
Battleaxe,2026-09-03,12,1
Battleaxe,2026-09-04,12,1
Battleaxe,2026-09-05,12,1
Battleaxe,2026-09-06,12,1
Battleaxe,2026-09-07,12,1
Battleaxe,2026-09-12,12,1
Battleaxe,2026-09-17,12,1
Battleaxe,2026-09-18,12,1
Battleaxe,2026-09-19,12,1
Battleaxe,2026-09-20,12,1
Battleaxe II,2020-08-26,110,
Battleaxe II,2020-11-10,105,
Battleaxe II,2020-12-03,100,
Battleaxe II,2020-12-14,95,
Battleaxe II,2020-12-20,85,
Battleaxe II,2020-12-28,75,
Battleaxe II,2021-01-03,60,
Battleaxe II,2021-01-22,58,
Battleaxe II,2021-01-26,53,
Battleaxe II,2021-04-26,60,
Battleaxe II,2021-05-07,65,
Battleaxe II,2021-05-12,70,
Battleaxe II,2021-06-13,75,
Battleaxe II,2021-06-18,80,
Battleaxe II,2021-06-28,85,
Battleaxe II,2021-07-18,95,
Battleaxe II,2021-07-27,110,
Battleaxe II,2021-08-17,130,
Battleaxe II,2021-08-23,115,
Battleaxe II,2021-09-05,80,
Battleaxe II,2021-10-25,73,
Battleaxe II,2021-11-22,70,
Battleaxe II,2021-11-23,65,
Battleaxe II,2021-11-28,60,
Battleaxe II,2021-12-13,55,
Battleaxe II,2022-01-08,50,
Battleaxe II,2022-02-03,45,
Battleaxe II,2022-03-07,40,
Battleaxe II,2022-04-02,38,
Battleaxe II,2022-05-19,35,
Battleaxe II,2022-07-28,32,
Battleaxe II,2022-08-04,30,
Battleaxe II,2022-08-27,28,
Battleaxe II,2022-11-12,25,
Battleaxe II,2023-09-16,22,
Battleaxe II,2023-11-01,20,
Battleaxe II,2024-03-29,18,
Battleaxe II,2024-04-24,15,
Battleaxe II,2024-09-27,18,
Battleaxe II,2025-01-15,20,
Battleaxe II,2025-04-15,18,
Battleaxe II,2025-10-26,18,1
Battleaxe II,2025-11-25,18,1
Battleaxe II,2025-12-04,18,1
Battleaxe II,2025-12-08,18,1
Battleaxe II,2025-12-14,18,1
Battleaxe II,2025-12-21,18,1
Battleaxe II,2025-12-23,18,1
Battleaxe II,2025-12-24,18,1
Battleaxe II,2025-12-26,18,1
Battleaxe II,2025-12-28,18,1
Battleaxe II,2025-12-30,18,1
Battleaxe II,2026-01-09,18,1
Battleaxe II,2026-01-24,18,1
Battleaxe II,2026-02-07,18,1
Battleaxe II,2026-02-13,18,1
Battleaxe II,2026-02-19,18,1
Battleaxe II,2026-03-17,18,1
Battleaxe II,2026-03-21,18,1
Battleaxe II,2026-03-25,18,1
Battleaxe II,2026-04-13,18,1
Battleaxe II,2026-04-19,18,1
Battleaxe II,2026-04-20,18,1
Battleaxe II,2026-04-22,18,1
Battleaxe II,2026-04-24,18,1
Battleaxe II,2026-04-27,18,1
Battleaxe II,2026-04-28,18,1
Battleaxe II,2026-05-02,18,1
Battleaxe II,2026-05-03,18,1
Battleaxe II,2026-05-06,18,1
Battleaxe II,2026-05-09,18,1
Battleaxe II,2026-05-11,18,1
Battleaxe II,2026-05-12,18,1
Battleaxe II,2026-05-14,18,1
Battleaxe II,2026-05-17,18,1
Battleaxe II,2026-05-19,18,1
Battleaxe II,2026-05-21,18,1
Battleaxe II,2026-05-23,18,1
Battleaxe II,2026-05-24,17,1
Battleaxe II,2026-06-21,17,1
Battleaxe II,2026-06-22,17,1
Battleaxe II,2026-06-23,17,1
Battleaxe II,2026-06-24,17,1
Battleaxe II,2026-06-25,17,1
Battleaxe II,2026-06-26,17,1
Battleaxe II,2026-06-27,17,1
Battleaxe II,2026-06-28,17,1
Battleaxe II,2026-07-02,17,1
Battleaxe II,2026-07-03,17,1
Battleaxe II,2026-07-05,17,1
Battleaxe II,2026-07-06,17,1
Battleaxe II,2026-07-12,17,1
Battleaxe II,2026-07-14,17,1
Battleaxe II,2026-07-17,17,1
Battleaxe II,2026-07-25,17,1
Battleaxe II,2026-07-27,17,1
Battleaxe II,2026-07-28,17,1
Battleaxe II,2026-07-30,17,1
Battleaxe II,2026-07-31,17,1
Battleaxe II,2026-08-02,17,1
Battleaxe II,2026-08-03,17,1
Battleaxe II,2026-08-04,17,1
Battleaxe II,2026-08-05,17,1
Battleaxe II,2026-08-06,17,1
Battleaxe II,2026-08-07,17,1
Battleaxe II,2026-08-08,17,1
Battleaxe II,2026-08-09,17,1
Battleaxe II,2026-08-10,17,1
Battleaxe II,2026-08-11,17,1
Battleaxe II,2026-08-13,17,1
Battleaxe II,2026-08-14,17,1
Battleaxe II,2026-08-15,17,1
Battleaxe II,2026-08-16,17,1
Battleaxe II,2026-08-17,17,1
Battleaxe II,2026-08-18,17,1
Battleaxe II,2026-08-19,17,1
Battleaxe II,2026-08-20,17,1
Battleaxe II,2026-08-21,17,1
Battleaxe II,2026-08-22,17,1
Battleaxe II,2026-08-24,17,1
Battleaxe II,2026-09-02,17,1
Battleaxe II,2026-09-03,17,1
Battleaxe II,2026-09-04,17,1
Battleaxe II,2026-09-05,17,1
Battleaxe II,2026-09-06,17,1
Battleaxe II,2026-09-07,17,1
Battleaxe II,2026-09-12,17,1
Battleaxe II,2026-09-17,17,1
Battleaxe II,2026-09-18,17,1
Battleaxe II,2026-09-19,17,1
Battleaxe II,2026-09-20,17,1
Bauble,2024-12-23,800,
Bauble,2024-12-24,700,
Bauble,2024-12-26,600,
Bauble,2024-12-31,550,
Bauble,2025-01-03,475,
Bauble,2025-01-06,450,
Bauble,2025-01-10,400,
Bauble,2025-01-13,350,
Bauble,2025-01-15,325,
Bauble,2025-01-20,310,
Bauble,2025-01-26,300,
Bauble,2025-02-17,305,
Bauble,2025-02-19,365,
Bauble,2025-02-22,425,
Bauble,2025-02-23,500,
Bauble,2025-02-28,575,
Bauble,2025-03-04,600,
Bauble,2025-03-09,525,
Bauble,2025-03-11,500,
Bauble,2025-03-15,475,
Bauble,2025-03-17,450,
Bauble,2025-03-26,500,
Bauble,2025-03-29,550,
Bauble,2025-04-02,525,
Bauble,2025-04-06,475,
Bauble,2025-04-09,450,
Bauble,2025-04-13,425,
Bauble,2025-04-23,450,
Bauble,2025-04-27,475,
Bauble,2025-04-30,450,
Bauble,2025-06-11,475,
Bauble,2025-06-13,500,
Bauble,2025-06-17,525,
Bauble,2025-06-29,500,
Bauble,2025-10-26,500,5
Bauble,2025-11-04,525,
Bauble,2025-11-13,550,
Bauble,2025-11-16,575,
Bauble,2025-11-18,600,
Bauble,2025-11-20,675,
Bauble,2025-11-24,750,
Bauble,2025-11-25,750,6
Bauble,2025-11-27,800,
Bauble,2025-11-30,825,
Bauble,2025-12-01,800,
Bauble,2025-12-04,775,
Bauble,2025-12-08,750,
Bauble,2025-12-11,725,
Bauble,2025-12-14,725,5
Bauble,2025-12-15,750,
Bauble,2025-12-17,800,
Bauble,2025-12-18,850,
Bauble,2025-12-19,900,
Bauble,2025-12-21,950,
Bauble,2025-12-23,950,6
Bauble,2025-12-24,1000,
Bauble,2025-12-26,1000,6
Bauble,2025-12-27,1050,
Bauble,2025-12-28,1050,6
Bauble,2025-12-29,1100,
Bauble,2025-12-30,1100,6
Bauble,2026-01-01,1075,
Bauble,2026-01-04,1050,
Bauble,2026-01-06,1025,
Bauble,2026-01-08,1000,
Bauble,2026-01-09,1000,5
Bauble,2026-01-11,950,
Bauble,2026-01-14,900,
Bauble,2026-01-16,850,
Bauble,2026-01-18,825,
Bauble,2026-01-20,800,
Bauble,2026-01-22,825,
Bauble,2026-01-24,850,
Bauble,2026-01-27,875,
Bauble,2026-01-28,900,
Bauble,2026-01-31,925,
Bauble,2026-02-01,950,
Bauble,2026-02-06,925,
Bauble,2026-02-07,925,5
Bauble,2026-02-08,900,
Bauble,2026-02-10,875,
Bauble,2026-02-13,875,5
Bauble,2026-02-15,850,
Bauble,2026-02-19,850,
Bauble,2026-02-21,875,
Bauble,2026-02-23,900,
Bauble,2026-02-25,925,
Bauble,2026-03-17,925,5
Bauble,2026-03-21,925,5
Bauble,2026-03-25,925,5
Bauble,2026-04-13,925,5
Bauble,2026-04-19,925,5
Bauble,2026-04-20,925,5
Bauble,2026-04-22,925,5
Bauble,2026-04-24,925,5
Bauble,2026-04-27,925,5
Bauble,2026-04-28,925,5
Bauble,2026-05-02,925,5
Bauble,2026-05-03,925,5
Bauble,2026-05-06,925,5
Bauble,2026-05-09,925,5
Bauble,2026-05-11,925,5
Bauble,2026-05-12,925,5
Bauble,2026-05-14,925,5
Bauble,2026-05-17,900,
Bauble,2026-05-19,900,5
Bauble,2026-05-21,900,5
Bauble,2026-05-23,900,5
Bauble,2026-05-24,900,5
Bauble,2026-06-21,900,5
Bauble,2026-06-22,900,5
Bauble,2026-06-23,900,5
Bauble,2026-06-24,900,5
Bauble,2026-06-25,900,5
Bauble,2026-06-26,900,5
Bauble,2026-06-27,900,5
Bauble,2026-06-28,900,5
Bauble,2026-07-02,900,5
Bauble,2026-07-03,900,5
Bauble,2026-07-05,900,5
Bauble,2026-07-06,900,5
Bauble,2026-07-12,875,
Bauble,2026-07-14,875,5
Bauble,2026-07-16,850,
Bauble,2026-07-17,850,5
Bauble,2026-07-21,825,
Bauble,2026-08-28,800,
Bauble,2026-08-30,775,
Bauble,2026-09-01,750,
Bauble,2026-09-02,725,
Bauble,2026-09-04,700,
Bauble,2026-09-07,700,5
Bauble,2026-09-17,675,5
Bauble,2026-09-18,675,5
Bauble,2026-09-19,675,5
Bauble,2026-09-20,675,5
Beachy,2026-07-24,375,
Beachy,2026-07-25,300,
Beachy,2026-07-26,250,
Beachy,2026-07-27,225,
Beachy,2026-07-28,175,
Beachy,2026-07-29,160,
Beachy,2026-07-30,160,3
Beachy,2026-07-31,150,
Beachy,2026-08-02,150,3
Beachy,2026-08-03,150,3
Beachy,2026-08-04,150,3
Beachy,2026-08-05,150,3
Beachy,2026-08-06,150,3
Beachy,2026-08-07,150,3
Beachy,2026-08-08,150,3
Beachy,2026-08-09,150,3
Beachy,2026-08-10,150,3
Beachy,2026-08-11,150,3
Beachy,2026-08-13,145,
Beachy,2026-08-14,145,2
Beachy,2026-08-15,135,
Beachy,2026-08-16,135,2
Beachy,2026-08-17,135,2
Beachy,2026-08-18,130,
Beachy,2026-08-19,130,2
Beachy,2026-08-20,120,
Beachy,2026-08-21,120,2
Beachy,2026-08-22,120,2
Beachy,2026-08-23,110,
Beachy,2026-08-24,110,2
Beachy,2026-08-26,105,
Beachy,2026-08-30,105,
Beachy,2026-09-02,105,2
Beachy,2026-09-03,105,2
Beachy,2026-09-04,105,2
Beachy,2026-09-05,105,2
Beachy,2026-09-06,105,2
Beachy,2026-09-07,105,2
Beachy,2026-09-12,105,2
Beachy,2026-09-17,105,2
Beachy,2026-09-18,105,2
Beachy,2026-09-19,105,2
Beachy,2026-09-20,105,2
Bioblade,2020-08-26,5,
Bioblade,2020-10-31,7,
Bioblade,2020-12-28,10,
Bioblade,2021-01-22,8,
Bioblade,2021-04-26,10,
Bioblade,2021-08-17,13,
Bioblade,2021-11-22,15,
Bioblade,2022-01-16,13,
Bioblade,2022-08-27,10,
Bioblade,2022-09-30,8,
Bioblade,2022-10-18,7,
Bioblade,2023-01-01,8,
Bioblade,2023-01-17,10,
Bioblade,2023-02-19,12,
Bioblade,2023-03-30,13,
Bioblade,2023-04-27,15,
Bioblade,2023-05-08,18,
Bioblade,2023-06-01,15,
Bioblade,2024-03-29,13,
Bioblade,2024-04-24,12,
Bioblade,2024-09-27,13,
Bioblade,2025-02-07,15,
Bioblade,2025-08-07,17,
Bioblade,2025-08-14,15,
Bioblade,2025-10-02,13,
Bioblade,2025-10-26,13,2
Bioblade,2025-11-04,12,
Bioblade,2025-11-11,10,
Bioblade,2025-11-25,10,1
Bioblade,2025-12-04,10,1
Bioblade,2025-12-08,10,1
Bioblade,2025-12-14,10,1
Bioblade,2025-12-21,10,1
Bioblade,2025-12-23,10,1
Bioblade,2025-12-24,10,1
Bioblade,2025-12-26,10,1
Bioblade,2025-12-28,10,1
Bioblade,2025-12-30,10,1
Bioblade,2026-01-09,10,1
Bioblade,2026-01-24,10,1
Bioblade,2026-02-07,10,1
Bioblade,2026-02-13,10,1
Bioblade,2026-02-19,10,1
Bioblade,2026-03-17,10,1
Bioblade,2026-03-21,10,1
Bioblade,2026-03-25,10,1
Bioblade,2026-04-13,10,1
Bioblade,2026-04-19,10,1
Bioblade,2026-04-20,10,1
Bioblade,2026-04-22,10,1
Bioblade,2026-04-24,10,1
Bioblade,2026-04-27,10,1
Bioblade,2026-04-28,10,1
Bioblade,2026-05-02,10,1
Bioblade,2026-05-03,10,1
Bioblade,2026-05-06,10,1
Bioblade,2026-05-09,10,1
Bioblade,2026-05-11,10,1
Bioblade,2026-05-12,10,1
Bioblade,2026-05-14,10,1
Bioblade,2026-05-17,10,1
Bioblade,2026-05-19,10,1
Bioblade,2026-05-21,10,1
Bioblade,2026-05-23,10,1
Bioblade,2026-05-24,10,1
Bioblade,2026-06-21,10,1
Bioblade,2026-06-22,10,1
Bioblade,2026-06-23,10,1
Bioblade,2026-06-24,10,1
Bioblade,2026-06-25,10,1
Bioblade,2026-06-26,10,1
Bioblade,2026-06-27,10,1
Bioblade,2026-06-28,10,1
Bioblade,2026-07-02,10,1
Bioblade,2026-07-03,10,1
Bioblade,2026-07-05,10,1
Bioblade,2026-07-06,10,1
Bioblade,2026-07-12,8,
Bioblade,2026-07-14,8,1
Bioblade,2026-07-17,8,1
Bioblade,2026-07-25,8,1
Bioblade,2026-07-27,8,1
Bioblade,2026-07-28,8,1
Bioblade,2026-07-30,8,1
Bioblade,2026-07-31,8,1
Bioblade,2026-08-02,8,1
Bioblade,2026-08-03,8,1
Bioblade,2026-08-04,8,1
Bioblade,2026-08-05,8,1
Bioblade,2026-08-06,8,1
Bioblade,2026-08-07,8,1
Bioblade,2026-08-08,8,1
Bioblade,2026-08-09,8,1
Bioblade,2026-08-10,8,1
Bioblade,2026-08-11,8,1
Bioblade,2026-08-13,8,1
Bioblade,2026-08-14,8,1
Bioblade,2026-08-15,8,1
Bioblade,2026-08-16,8,1
Bioblade,2026-08-17,8,1
Bioblade,2026-08-18,8,1
Bioblade,2026-08-19,8,1
Bioblade,2026-08-20,8,1
Bioblade,2026-08-21,8,1
Bioblade,2026-08-22,8,1
Bioblade,2026-08-24,8,1
Bioblade,2026-09-02,8,1
Bioblade,2026-09-03,8,1
Bioblade,2026-09-04,8,1
Bioblade,2026-09-05,8,1
Bioblade,2026-09-06,8,1
Bioblade,2026-09-07,8,1
Bioblade,2026-09-12,8,1
Bioblade,2026-09-17,8,1
Bioblade,2026-09-18,8,1
Bioblade,2026-09-19,8,1
Bioblade,2026-09-20,8,1
Blaster,2020-08-26,90,
Blaster,2020-10-31,95,
Blaster,2021-01-22,93,
Blaster,2021-03-20,100,
Blaster,2021-04-26,105,
Blaster,2021-05-12,110,
Blaster,2021-06-13,120,
Blaster,2021-06-18,125,
Blaster,2021-07-18,138,
Blaster,2021-07-27,145,
Blaster,2021-08-23,135,
Blaster,2021-09-05,125,
Blaster,2021-09-09,115,
Blaster,2021-10-02,105,
Blaster,2021-10-25,95,
Blaster,2021-11-22,100,
Blaster,2021-12-13,105,
Blaster,2022-01-08,100,
Blaster,2022-01-16,95,
Blaster,2022-02-03,85,
Blaster,2022-02-16,75,
Blaster,2022-03-07,65,
Blaster,2022-03-14,60,
Blaster,2022-04-02,55,
Blaster,2022-06-06,50,
Blaster,2022-07-28,45,
Blaster,2022-12-02,50,
Blaster,2022-12-07,55,
Blaster,2022-12-20,60,
Blaster,2023-02-19,55,
Blaster,2023-04-27,60,
Blaster,2023-05-08,65,
Blaster,2023-06-01,60,
Blaster,2023-06-07,55,
Blaster,2023-08-20,50,
Blaster,2023-09-16,48,
Blaster,2023-10-15,45,
Blaster,2023-10-26,42,
Blaster,2023-12-03,40,
Blaster,2024-01-02,38,
Blaster,2024-03-29,33,
Blaster,2024-04-24,32,
Blaster,2024-09-23,30,
Blaster,2025-04-13,27,
Blaster,2025-04-15,25,
Blaster,2025-09-17,22,
Blaster,2025-09-25,20,
Blaster,2025-10-26,20,2
Blaster,2025-11-25,20,2
Blaster,2025-12-04,20,2
Blaster,2025-12-08,20,2
Blaster,2025-12-14,20,2
Blaster,2025-12-21,20,2
Blaster,2025-12-23,20,2
Blaster,2025-12-24,20,2
Blaster,2025-12-26,20,2
Blaster,2025-12-28,20,2
Blaster,2025-12-30,20,2
Blaster,2026-01-09,20,2
Blaster,2026-01-24,20,2
Blaster,2026-02-07,20,2
Blaster,2026-02-13,20,2
Blaster,2026-02-19,20,2
Blaster,2026-03-17,20,2
Blaster,2026-03-21,20,2
Blaster,2026-03-25,20,2
Blaster,2026-04-13,20,2
Blaster,2026-04-19,20,2
Blaster,2026-04-20,20,2
Blaster,2026-04-22,20,2
Blaster,2026-04-24,20,2
Blaster,2026-04-27,20,2
Blaster,2026-04-28,20,2
Blaster,2026-05-02,20,2
Blaster,2026-05-03,20,2
Blaster,2026-05-06,20,2
Blaster,2026-05-09,20,2
Blaster,2026-05-11,20,2
Blaster,2026-05-12,20,2
Blaster,2026-05-14,20,2
Blaster,2026-05-17,20,2
Blaster,2026-05-19,20,2
Blaster,2026-05-21,20,2
Blaster,2026-05-23,20,2
Blaster,2026-05-24,18,1
Blaster,2026-06-21,18,1
Blaster,2026-06-22,18,1
Blaster,2026-06-23,18,1
Blaster,2026-06-24,18,1
Blaster,2026-06-25,18,1
Blaster,2026-06-26,18,1
Blaster,2026-06-27,18,1
Blaster,2026-06-28,18,1
Blaster,2026-07-02,18,1
Blaster,2026-07-03,18,1
Blaster,2026-07-05,18,1
Blaster,2026-07-06,18,1
Blaster,2026-07-12,17,
Blaster,2026-07-14,17,1
Blaster,2026-07-17,17,1
Blaster,2026-07-25,17,1
Blaster,2026-07-27,17,1
Blaster,2026-07-28,17,1
Blaster,2026-07-30,17,1
Blaster,2026-07-31,17,1
Blaster,2026-08-02,17,1
Blaster,2026-08-03,17,1
Blaster,2026-08-04,17,1
Blaster,2026-08-05,17,1
Blaster,2026-08-06,17,1
Blaster,2026-08-07,17,1
Blaster,2026-08-08,17,1
Blaster,2026-08-09,17,1
Blaster,2026-08-10,17,1
Blaster,2026-08-11,17,1
Blaster,2026-08-13,17,1
Blaster,2026-08-14,17,1
Blaster,2026-08-15,17,1
Blaster,2026-08-16,17,1
Blaster,2026-08-17,17,1
Blaster,2026-08-18,17,1
Blaster,2026-08-19,17,1
Blaster,2026-08-20,17,1
Blaster,2026-08-21,17,1
Blaster,2026-08-22,17,1
Blaster,2026-08-24,17,1
Blaster,2026-09-02,17,1
Blaster,2026-09-03,17,1
Blaster,2026-09-04,17,1
Blaster,2026-09-05,17,1
Blaster,2026-09-06,17,1
Blaster,2026-09-07,17,1
Blaster,2026-09-12,17,1
Blaster,2026-09-17,17,1
Blaster,2026-09-18,17,1
Blaster,2026-09-19,17,1
Blaster,2026-09-20,17,1
Blizzard,2025-12-15,400,
Blizzard,2025-12-17,375,
Blizzard,2025-12-21,350,
Blizzard,2025-12-23,350,5
Blizzard,2025-12-24,325,
Blizzard,2025-12-26,300,
Blizzard,2025-12-27,275,
Blizzard,2025-12-28,250,
Blizzard,2025-12-29,225,
Blizzard,2025-12-30,225,4
Blizzard,2026-01-01,200,
Blizzard,2026-01-04,175,
Blizzard,2026-01-06,160,
Blizzard,2026-01-08,150,
Blizzard,2026-01-09,150,4
Blizzard,2026-01-16,155,
Blizzard,2026-01-20,165,
Blizzard,2026-01-22,170,
Blizzard,2026-01-24,175,
Blizzard,2026-01-27,170,
Blizzard,2026-01-28,165,
Blizzard,2026-01-31,160,
Blizzard,2026-02-01,155,
Blizzard,2026-02-07,155,4
Blizzard,2026-02-13,155,4
Blizzard,2026-02-19,155,4
Blizzard,2026-03-04,150,
Blizzard,2026-03-17,150,3
Blizzard,2026-03-21,150,3
Blizzard,2026-03-25,150,3
Blizzard,2026-04-13,150,3
Blizzard,2026-04-19,150,3
Blizzard,2026-04-20,150,3
Blizzard,2026-04-22,150,3
Blizzard,2026-04-24,150,3
Blizzard,2026-04-27,150,3
Blizzard,2026-04-28,150,3
Blizzard,2026-05-02,150,3
Blizzard,2026-05-03,150,3
Blizzard,2026-05-06,155,
Blizzard,2026-05-09,155,3
Blizzard,2026-05-11,155,3
Blizzard,2026-05-12,155,3
Blizzard,2026-05-14,155,3
Blizzard,2026-05-17,155,3
Blizzard,2026-05-19,155,3
Blizzard,2026-05-21,155,3
Blizzard,2026-05-23,155,3
Blizzard,2026-05-24,160,3
Blizzard,2026-05-25,165,
Blizzard,2026-05-27,170,
Blizzard,2026-05-30,175,
Blizzard,2026-06-10,185,
Blizzard,2026-06-12,195,
Blizzard,2026-06-14,205,
Blizzard,2026-06-17,215,
Blizzard,2026-06-19,235,
Blizzard,2026-06-21,235,4
Blizzard,2026-06-22,250,
Blizzard,2026-06-23,250,4
Blizzard,2026-06-24,250,4
Blizzard,2026-06-25,250,4
Blizzard,2026-06-26,250,4
Blizzard,2026-06-27,250,4
Blizzard,2026-06-28,250,4
Blizzard,2026-07-02,250,4
Blizzard,2026-07-03,250,4
Blizzard,2026-07-05,250,4
Blizzard,2026-07-06,250,4
Blizzard,2026-07-12,250,4
Blizzard,2026-07-14,250,4
Blizzard,2026-07-16,255,
Blizzard,2026-07-17,255,4
Blizzard,2026-07-18,260,
Blizzard,2026-07-25,260,4
Blizzard,2026-07-27,260,4
Blizzard,2026-07-28,260,4
Blizzard,2026-07-30,260,4
Blizzard,2026-07-31,260,4
Blizzard,2026-08-02,260,4
Blizzard,2026-08-03,260,4
Blizzard,2026-08-04,260,4
Blizzard,2026-08-05,260,4
Blizzard,2026-08-06,260,4
Blizzard,2026-08-07,260,4
Blizzard,2026-08-08,260,4
Blizzard,2026-08-09,260,4
Blizzard,2026-08-10,260,4
Blizzard,2026-08-11,260,4
Blizzard,2026-08-13,260,4
Blizzard,2026-08-14,260,4
Blizzard,2026-08-15,260,4
Blizzard,2026-08-16,260,4
Blizzard,2026-08-17,260,4
Blizzard,2026-08-18,260,4
Blizzard,2026-08-19,260,4
Blizzard,2026-08-20,260,4
Blizzard,2026-08-21,260,4
Blizzard,2026-08-22,260,4
Blizzard,2026-08-24,260,4
Blizzard,2026-09-02,260,4
Blizzard,2026-09-03,260,4
Blizzard,2026-09-04,260,4
Blizzard,2026-09-05,260,4
Blizzard,2026-09-06,260,4
Blizzard,2026-09-07,260,4
Blizzard,2026-09-09,280,
Blizzard,2026-09-12,290,
Blizzard,2026-09-13,300,
Blizzard,2026-09-15,305,
Blizzard,2026-09-16,310,
Blizzard,2026-09-17,310,5
Blizzard,2026-09-18,310,5
Blizzard,2026-09-19,310,4
Blizzard,2026-09-20,310,4
Bloom,2025-04-20,375,
Bloom,2025-04-23,275,
Bloom,2025-04-27,225,
Bloom,2025-04-30,175,
Bloom,2025-05-04,150,
Bloom,2025-05-09,145,
Bloom,2025-05-12,140,
Bloom,2025-05-21,145,
Bloom,2025-06-05,150,
Bloom,2025-06-08,155,
Bloom,2025-06-29,150,
Bloom,2025-07-02,145,
Bloom,2025-07-05,140,
Bloom,2025-08-11,145,
Bloom,2025-08-14,150,
Bloom,2025-08-19,155,
Bloom,2025-08-22,160,
Bloom,2025-08-26,165,
Bloom,2025-08-30,170,
Bloom,2025-09-03,175,
Bloom,2025-09-18,170,
Bloom,2025-09-25,165,
Bloom,2025-10-26,165,4
Bloom,2025-11-25,165,4
Bloom,2025-12-04,165,4
Bloom,2025-12-08,165,4
Bloom,2025-12-14,165,4
Bloom,2025-12-18,170,
Bloom,2025-12-19,175,
Bloom,2025-12-21,180,
Bloom,2025-12-23,180,4
Bloom,2025-12-24,190,
Bloom,2025-12-26,190,4
Bloom,2025-12-27,195,
Bloom,2025-12-28,195,4
Bloom,2025-12-30,195,4
Bloom,2026-01-06,200,
Bloom,2026-01-08,205,
Bloom,2026-01-09,205,4
Bloom,2026-01-24,210,
Bloom,2026-02-06,220,
Bloom,2026-02-07,220,4
Bloom,2026-02-08,225,
Bloom,2026-02-10,230,
Bloom,2026-02-13,230,4
Bloom,2026-02-15,265,
Bloom,2026-02-16,260,
Bloom,2026-02-17,255,
Bloom,2026-02-19,255,4
Bloom,2026-03-17,255,4
Bloom,2026-03-21,255,4
Bloom,2026-03-25,255,4
Bloom,2026-04-13,255,4
Bloom,2026-04-18,260,
Bloom,2026-04-19,260,4
Bloom,2026-04-20,260,4
Bloom,2026-04-22,260,4
Bloom,2026-04-24,260,4
Bloom,2026-04-27,260,4
Bloom,2026-04-28,260,4
Bloom,2026-05-02,260,4
Bloom,2026-05-03,260,4
Bloom,2026-05-06,265,
Bloom,2026-05-08,270,
Bloom,2026-05-09,270,4
Bloom,2026-05-11,275,
Bloom,2026-05-12,275,4
Bloom,2026-05-14,280,
Bloom,2026-05-17,285,
Bloom,2026-05-18,290,
Bloom,2026-05-19,290,4
Bloom,2026-05-21,300,
Bloom,2026-05-23,300,4
Bloom,2026-05-24,315,5
Bloom,2026-05-25,325,
Bloom,2026-05-27,345,
Bloom,2026-05-30,365,
Bloom,2026-06-03,380,
Bloom,2026-06-06,390,
Bloom,2026-06-21,400,5
Bloom,2026-06-22,400,5
Bloom,2026-06-23,400,5
Bloom,2026-06-24,400,5
Bloom,2026-06-25,400,5
Bloom,2026-06-26,400,5
Bloom,2026-06-27,400,5
Bloom,2026-06-28,400,5
Bloom,2026-07-02,400,5
Bloom,2026-07-03,400,5
Bloom,2026-07-05,400,5
Bloom,2026-07-06,400,5
Bloom,2026-07-12,400,5
Bloom,2026-07-14,400,5
Bloom,2026-07-17,400,5
Bloom,2026-07-22,400,
Bloom,2026-09-07,400,5
Bloom,2026-09-17,400,5
Bloom,2026-09-18,400,5
Bloom,2026-09-19,400,5
Bloom,2026-09-20,400,5
Blossom,2023-02-05,400,
Blossom,2023-02-07,300,
Blossom,2023-02-11,225,
Blossom,2023-03-24,230,
Blossom,2023-04-04,240,
Blossom,2023-04-07,250,
Blossom,2023-04-10,255,
Blossom,2023-04-15,260,
Blossom,2023-04-18,270,
Blossom,2023-04-21,280,
Blossom,2023-04-23,285,
Blossom,2023-04-27,290,
Blossom,2023-04-30,300,
Blossom,2023-05-03,305,
Blossom,2023-05-08,315,
Blossom,2023-05-10,325,
Blossom,2023-05-20,330,
Blossom,2023-06-07,325,
Blossom,2023-06-12,310,
Blossom,2023-06-18,300,
Blossom,2023-06-21,290,
Blossom,2023-07-03,310,
Blossom,2023-07-06,325,
Blossom,2023-07-07,330,
Blossom,2023-07-09,340,
Blossom,2023-07-11,350,
Blossom,2023-07-12,355,
Blossom,2023-07-15,365,
Blossom,2023-07-19,375,
Blossom,2023-07-23,390,
Blossom,2023-07-24,400,
Blossom,2023-07-27,415,
Blossom,2023-07-29,425,
Blossom,2023-08-01,440,
Blossom,2023-08-02,450,
Blossom,2023-08-05,460,
Blossom,2023-08-07,465,
Blossom,2023-08-12,470,
Blossom,2023-08-13,475,
Blossom,2023-08-16,485,
Blossom,2023-08-18,490,
Blossom,2023-08-20,495,
Blossom,2023-08-21,500,
Blossom,2023-08-24,515,
Blossom,2023-08-25,525,
Blossom,2023-08-28,535,
Blossom,2023-08-29,540,
Blossom,2023-09-01,550,
Blossom,2023-09-18,540,
Blossom,2023-09-20,535,
Blossom,2023-09-21,530,
Blossom,2023-09-23,525,
Blossom,2023-10-05,520,
Blossom,2023-10-07,515,
Blossom,2023-10-11,510,
Blossom,2023-10-15,500,
Blossom,2023-10-26,490,
Blossom,2023-11-01,480,
Blossom,2023-11-05,475,
Blossom,2023-11-09,465,
Blossom,2023-11-13,455,
Blossom,2023-11-14,450,
Blossom,2023-11-22,440,
Blossom,2023-12-03,430,
Blossom,2023-12-05,425,
Blossom,2023-12-22,415,
Blossom,2024-01-02,400,
Blossom,2024-01-12,390,
Blossom,2024-01-19,400,
Blossom,2024-01-29,415,
Blossom,2024-02-02,440,
Blossom,2024-02-03,450,
Blossom,2024-02-07,490,
Blossom,2024-02-10,525,
Blossom,2024-02-14,540,
Blossom,2024-02-17,550,
Blossom,2024-02-22,540,
Blossom,2024-02-26,525,
Blossom,2024-03-11,540,
Blossom,2024-03-14,550,
Blossom,2024-03-18,575,
Blossom,2024-03-21,590,
Blossom,2024-03-25,615,
Blossom,2024-03-29,625,
Blossom,2024-03-31,640,
Blossom,2024-04-08,635,
Blossom,2024-04-10,625,
Blossom,2024-04-21,615,
Blossom,2024-05-01,600,
Blossom,2024-05-31,615,
Blossom,2024-06-03,625,
Blossom,2024-06-10,645,
Blossom,2024-06-14,675,
Blossom,2024-07-21,665,
Blossom,2024-07-25,650,
Blossom,2024-07-27,640,
Blossom,2024-07-29,625,
Blossom,2024-07-31,605,
Blossom,2024-08-02,590,
Blossom,2024-08-04,575,
Blossom,2024-08-08,560,
Blossom,2024-08-11,550,
Blossom,2024-08-14,535,
Blossom,2024-08-16,520,
Blossom,2024-08-18,505,
Blossom,2024-08-22,500,
Blossom,2024-08-24,495,
Blossom,2024-08-29,510,
Blossom,2024-08-31,515,
Blossom,2024-09-05,525,
Blossom,2024-09-08,540,
Blossom,2024-09-14,545,
Blossom,2024-09-18,550,
Blossom,2024-09-23,555,
Blossom,2024-10-06,560,
Blossom,2024-10-13,555,
Blossom,2024-10-28,560,
Blossom,2024-11-30,555,
Blossom,2024-12-02,550,
Blossom,2024-12-11,555,
Blossom,2024-12-15,560,
Blossom,2024-12-24,570,
Blossom,2024-12-31,580,
Blossom,2025-01-10,590,
Blossom,2025-01-18,595,
Blossom,2025-01-20,605,
Blossom,2025-01-24,640,
Blossom,2025-01-26,655,
Blossom,2025-01-29,665,
Blossom,2025-02-03,680,
Blossom,2025-02-07,690,
Blossom,2025-02-09,705,
Blossom,2025-03-04,710,
Blossom,2025-03-09,730,
Blossom,2025-03-11,745,
Blossom,2025-03-15,760,
Blossom,2025-03-17,780,
Blossom,2025-03-19,790,
Blossom,2025-03-23,805,
Blossom,2025-03-26,800,
Blossom,2025-04-02,795,
Blossom,2025-04-09,790,
Blossom,2025-04-23,780,
Blossom,2025-04-27,785,
Blossom,2025-04-30,790,
Blossom,2025-05-04,795,
Blossom,2025-05-09,800,
Blossom,2025-05-12,805,
Blossom,2025-05-15,810,
Blossom,2025-05-21,815,
Blossom,2025-05-24,820,
Blossom,2025-05-28,835,
Blossom,2025-06-01,845,
Blossom,2025-06-05,855,
Blossom,2025-06-11,860,
Blossom,2025-06-13,870,
Blossom,2025-06-17,865,
Blossom,2025-06-20,860,
Blossom,2025-06-24,850,
Blossom,2025-06-26,860,
Blossom,2025-06-29,870,
Blossom,2025-07-02,880,
Blossom,2025-07-05,890,
Blossom,2025-07-11,900,
Blossom,2025-09-23,905,
Blossom,2025-09-25,915,
Blossom,2025-09-28,930,
Blossom,2025-10-02,940,
Blossom,2025-10-08,950,
Blossom,2025-10-10,955,
Blossom,2025-10-19,950,
Blossom,2025-10-26,950,5
Blossom,2025-10-28,940,
Blossom,2025-11-01,930,
Blossom,2025-11-06,925,
Blossom,2025-11-13,920,
Blossom,2025-11-16,915,
Blossom,2025-11-18,905,
Blossom,2025-11-25,905,5
Blossom,2025-12-04,905,5
Blossom,2025-12-08,905,5
Blossom,2025-12-14,905,5
Blossom,2025-12-21,905,5
Blossom,2025-12-23,905,5
Blossom,2025-12-24,905,5
Blossom,2025-12-26,905,5
Blossom,2025-12-28,905,5
Blossom,2025-12-30,905,5
Blossom,2026-01-08,910,
Blossom,2026-01-09,910,5
Blossom,2026-01-24,910,5
Blossom,2026-02-01,915,
Blossom,2026-02-04,920,
Blossom,2026-02-06,930,
Blossom,2026-02-07,930,5
Blossom,2026-02-08,935,
Blossom,2026-02-10,940,
Blossom,2026-02-13,940,5
Blossom,2026-02-15,950,
Blossom,2026-02-16,965,
Blossom,2026-02-17,970,
Blossom,2026-02-19,975,
Blossom,2026-02-21,980,
Blossom,2026-02-23,985,
Blossom,2026-03-09,990,
Blossom,2026-03-11,995,
Blossom,2026-03-14,1005,
Blossom,2026-03-16,1010,
Blossom,2026-03-17,1010,6
Blossom,2026-03-19,1020,
Blossom,2026-03-21,1030,6
Blossom,2026-03-24,1040,
Blossom,2026-03-25,1040,6
Blossom,2026-03-26,1050,
Blossom,2026-03-30,1060,
Blossom,2026-03-31,1070,
Blossom,2026-04-04,1080,
Blossom,2026-04-07,1090,
Blossom,2026-04-11,1100,
Blossom,2026-04-13,1100,5
Blossom,2026-04-19,1100,5
Blossom,2026-04-20,1100,5
Blossom,2026-04-22,1100,5
Blossom,2026-04-24,1100,5
Blossom,2026-04-27,1100,5
Blossom,2026-04-28,1100,5
Blossom,2026-05-02,1100,5
Blossom,2026-05-03,1100,5
Blossom,2026-05-06,1110,
Blossom,2026-05-08,1120,
Blossom,2026-05-09,1120,5
Blossom,2026-05-11,1130,
Blossom,2026-05-12,1130,5
Blossom,2026-05-14,1140,
Blossom,2026-05-17,1150,
Blossom,2026-05-18,1160,
Blossom,2026-05-19,1160,5
Blossom,2026-05-21,1180,
Blossom,2026-05-23,1180,6
Blossom,2026-05-24,1200,6
Blossom,2026-05-25,1215,
Blossom,2026-05-27,1230,
Blossom,2026-05-30,1245,
Blossom,2026-06-03,1255,
Blossom,2026-06-06,1265,
Blossom,2026-06-21,1265,6
Blossom,2026-06-22,1265,6
Blossom,2026-06-23,1265,6
Blossom,2026-06-24,1265,6
Blossom,2026-06-25,1265,6
Blossom,2026-06-26,1265,6
Blossom,2026-06-27,1265,6
Blossom,2026-06-28,1265,6
Blossom,2026-07-02,1265,6
Blossom,2026-07-03,1265,6
Blossom,2026-07-05,1265,6
Blossom,2026-07-06,1265,6
Blossom,2026-07-12,1270,
Blossom,2026-07-14,1270,6
Blossom,2026-07-16,1275,
Blossom,2026-07-17,1275,6
Blossom,2026-07-18,1280,
Blossom,2026-07-21,1290,
Blossom,2026-07-25,1295,
Blossom,2026-07-26,1300,
Blossom,2026-07-27,1305,
Blossom,2026-07-29,1310,
Blossom,2026-07-31,1320,
Blossom,2026-08-03,1330,
Blossom,2026-08-06,1340,
Blossom,2026-08-10,1350,
Blossom,2026-08-12,1360,
Blossom,2026-08-15,1370,
Blossom,2026-09-07,1370,6
Blossom,2026-09-17,1370,6
Blossom,2026-09-18,1370,6
Blossom,2026-09-19,1370,6
Blossom,2026-09-20,1370,6
Blue Seer,2020-08-26,35,
Blue Seer,2021-08-17,30,
Blue Seer,2021-12-13,28,
Blue Seer,2022-08-27,25,
Blue Seer,2022-10-22,22,
Blue Seer,2022-10-29,20,
Blue Seer,2022-11-06,18,
Blue Seer,2022-12-13,15,
Blue Seer,2023-01-20,13,
Blue Seer,2023-06-01,12,
Blue Seer,2023-06-07,10,
Blue Seer,2023-09-01,8,
Blue Seer,2024-01-02,7,
Blue Seer,2024-03-29,5,
Blue Seer,2024-04-24,4,
Blue Seer,2024-09-27,3,
Blue Seer,2025-10-26,3,1
Blue Seer,2025-11-25,3,1
Blue Seer,2025-12-04,3,1
Blue Seer,2025-12-08,3,1
Blue Seer,2025-12-14,3,1
Blue Seer,2025-12-21,3,1
Blue Seer,2025-12-23,3,1
Blue Seer,2025-12-24,3,1
Blue Seer,2025-12-26,3,1
Blue Seer,2025-12-28,3,1
Blue Seer,2025-12-30,3,1
Blue Seer,2026-01-09,3,1
Blue Seer,2026-01-24,3,1
Blue Seer,2026-02-07,3,1
Blue Seer,2026-02-13,3,1
Blue Seer,2026-02-19,3,1
Blue Seer,2026-03-17,3,1
Blue Seer,2026-03-21,3,1
Blue Seer,2026-03-25,3,1
Blue Seer,2026-04-13,3,1
Blue Seer,2026-04-19,3,1
Blue Seer,2026-04-20,3,1
Blue Seer,2026-04-22,3,1
Blue Seer,2026-04-24,3,1
Blue Seer,2026-04-27,3,1
Blue Seer,2026-04-28,3,1
Blue Seer,2026-05-02,3,1
Blue Seer,2026-05-03,3,1
Blue Seer,2026-05-06,3,1
Blue Seer,2026-05-09,3,1
Blue Seer,2026-05-11,3,1
Blue Seer,2026-05-12,3,1
Blue Seer,2026-05-14,3,1
Blue Seer,2026-05-17,3,1
Blue Seer,2026-05-19,3,1
Blue Seer,2026-05-21,3,1
Blue Seer,2026-05-23,3,1
Blue Seer,2026-05-24,3,1
Blue Seer,2026-06-21,3,1
Blue Seer,2026-06-22,3,1
Blue Seer,2026-06-23,3,1
Blue Seer,2026-06-24,3,1
Blue Seer,2026-06-25,3,1
Blue Seer,2026-06-26,3,1
Blue Seer,2026-06-27,3,1
Blue Seer,2026-06-28,3,1
Blue Seer,2026-07-02,3,1
Blue Seer,2026-07-03,3,1
Blue Seer,2026-07-05,3,1
Blue Seer,2026-07-06,3,1
Blue Seer,2026-07-12,3,1
Blue Seer,2026-07-14,3,1
Blue Seer,2026-07-17,3,1
Blue Seer,2026-07-25,3,1
Blue Seer,2026-07-27,3,1
Blue Seer,2026-07-28,3,1
Blue Seer,2026-07-30,3,1
Blue Seer,2026-07-31,3,1
Blue Seer,2026-08-02,3,1
Blue Seer,2026-08-03,3,1
Blue Seer,2026-08-04,3,1
Blue Seer,2026-08-05,3,1
Blue Seer,2026-08-06,3,1
Blue Seer,2026-08-07,3,1
Blue Seer,2026-08-08,3,1
Blue Seer,2026-08-09,3,1
Blue Seer,2026-08-10,3,1
Blue Seer,2026-08-11,3,1
Blue Seer,2026-08-13,3,1
Blue Seer,2026-08-14,3,1
Blue Seer,2026-08-15,3,1
Blue Seer,2026-08-16,3,1
Blue Seer,2026-08-17,3,1
Blue Seer,2026-08-18,3,1
Blue Seer,2026-08-19,3,1
Blue Seer,2026-08-20,3,1
Blue Seer,2026-08-21,3,1
Blue Seer,2026-08-22,3,1
Blue Seer,2026-08-24,3,1
Blue Seer,2026-09-02,3,1
Blue Seer,2026-09-03,3,1
Blue Seer,2026-09-04,3,1
Blue Seer,2026-09-05,3,1
Blue Seer,2026-09-06,3,1
Blue Seer,2026-09-07,3,1
Blue Seer,2026-09-12,3,1
Blue Seer,2026-09-17,3,1
Blue Seer,2026-09-18,3,1
Blue Seer,2026-09-19,3,1
Blue Seer,2026-09-20,3,1
Boneblade,2020-08-26,115,
Boneblade,2020-11-17,110,
Boneblade,2020-12-03,105,
Boneblade,2020-12-14,100,
Boneblade,2020-12-20,90,
Boneblade,2020-12-28,85,
Boneblade,2021-01-03,65,
Boneblade,2021-01-22,55,
Boneblade,2021-04-26,65,
Boneblade,2021-05-07,70,
Boneblade,2021-05-12,65,
Boneblade,2021-07-27,70,
Boneblade,2021-08-17,65,
Boneblade,2021-11-28,60,
Boneblade,2021-12-13,58,
Boneblade,2022-02-03,55,
Boneblade,2022-02-16,50,
Boneblade,2022-03-07,45,
Boneblade,2022-05-19,40,
Boneblade,2022-07-06,35,
Boneblade,2022-08-27,30,
Boneblade,2022-09-11,28,
Boneblade,2022-10-29,25,
Boneblade,2022-11-06,22,
Boneblade,2022-11-12,20,
Boneblade,2022-12-02,18,
Boneblade,2022-12-07,15,
Boneblade,2022-12-13,12,
Boneblade,2022-12-20,10,
Boneblade,2023-09-01,8,
Boneblade,2023-11-01,10,
Boneblade,2024-04-24,8,
Boneblade,2025-04-13,7,
Boneblade,2025-10-26,7,1
Boneblade,2025-11-25,7,1
Boneblade,2025-12-04,7,1
Boneblade,2025-12-08,7,1
Boneblade,2025-12-14,7,1
Boneblade,2025-12-21,7,1
Boneblade,2025-12-23,7,1
Boneblade,2025-12-24,7,1
Boneblade,2025-12-26,7,1
Boneblade,2025-12-28,7,1
Boneblade,2025-12-30,7,1
Boneblade,2026-01-09,7,1
Boneblade,2026-01-24,7,1
Boneblade,2026-02-07,7,1
Boneblade,2026-02-13,7,1
Boneblade,2026-02-19,7,1
Boneblade,2026-03-17,7,1
Boneblade,2026-03-21,7,1
Boneblade,2026-03-25,7,1
Boneblade,2026-04-13,7,1
Boneblade,2026-04-19,7,1
Boneblade,2026-04-20,7,1
Boneblade,2026-04-22,7,1
Boneblade,2026-04-24,7,1
Boneblade,2026-04-27,7,1
Boneblade,2026-04-28,7,1
Boneblade,2026-05-02,7,1
Boneblade,2026-05-03,7,1
Boneblade,2026-05-06,7,1
Boneblade,2026-05-09,7,1
Boneblade,2026-05-11,7,1
Boneblade,2026-05-12,7,1
Boneblade,2026-05-14,7,1
Boneblade,2026-05-17,7,1
Boneblade,2026-05-19,7,1
Boneblade,2026-05-21,7,1
Boneblade,2026-05-23,7,1
Boneblade,2026-05-24,7,1
Boneblade,2026-06-21,7,1
Boneblade,2026-06-22,7,1
Boneblade,2026-06-23,7,1
Boneblade,2026-06-24,7,1
Boneblade,2026-06-25,7,1
Boneblade,2026-06-26,7,1
Boneblade,2026-06-27,7,1
Boneblade,2026-06-28,7,1
Boneblade,2026-07-02,7,1
Boneblade,2026-07-03,7,1
Boneblade,2026-07-05,7,1
Boneblade,2026-07-06,7,1
Boneblade,2026-07-12,7,1
Boneblade,2026-07-14,7,1
Boneblade,2026-07-17,7,1
Boneblade,2026-07-25,7,1
Boneblade,2026-07-27,7,1
Boneblade,2026-07-28,7,1
Boneblade,2026-07-30,7,1
Boneblade,2026-07-31,7,1
Boneblade,2026-08-02,7,1
Boneblade,2026-08-03,7,1
Boneblade,2026-08-04,7,1
Boneblade,2026-08-05,7,1
Boneblade,2026-08-06,7,1
Boneblade,2026-08-07,7,1
Boneblade,2026-08-08,7,1
Boneblade,2026-08-09,7,1
Boneblade,2026-08-10,7,1
Boneblade,2026-08-11,7,1
Boneblade,2026-08-13,7,1
Boneblade,2026-08-14,7,1
Boneblade,2026-08-15,7,1
Boneblade,2026-08-16,7,1
Boneblade,2026-08-17,7,1
Boneblade,2026-08-18,7,1
Boneblade,2026-08-19,7,1
Boneblade,2026-08-20,7,1
Boneblade,2026-08-21,7,1
Boneblade,2026-08-22,7,1
Boneblade,2026-08-24,7,1
Boneblade,2026-09-02,7,1
Boneblade,2026-09-03,7,1
Boneblade,2026-09-04,7,1
Boneblade,2026-09-05,7,1
Boneblade,2026-09-06,7,1
Boneblade,2026-09-07,7,1
Boneblade,2026-09-12,7,1
Boneblade,2026-09-17,7,1
Boneblade,2026-09-18,7,1
Boneblade,2026-09-19,7,1
Boneblade,2026-09-20,7,1
Borealis,2024-12-23,375,
Borealis,2024-12-24,350,
Borealis,2024-12-26,225,
Borealis,2024-12-29,200,
Borealis,2024-12-31,175,
Borealis,2025-01-03,150,
Borealis,2025-01-06,145,
Borealis,2025-01-15,140,
Borealis,2025-01-24,135,
Borealis,2025-01-26,120,
Borealis,2025-02-03,115,
Borealis,2025-02-07,110,
Borealis,2025-02-17,105,
Borealis,2025-02-22,100,
Borealis,2025-03-11,105,
Borealis,2025-03-15,110,
Borealis,2025-03-17,115,
Borealis,2025-04-13,110,
Borealis,2025-09-23,105,
Borealis,2025-10-26,105,3
Borealis,2025-11-25,105,3
Borealis,2025-12-04,105,3
Borealis,2025-12-08,105,3
Borealis,2025-12-14,105,3
Borealis,2025-12-21,105,3
Borealis,2025-12-23,105,3
Borealis,2025-12-24,105,3
Borealis,2025-12-26,105,3
Borealis,2025-12-28,105,3
Borealis,2025-12-30,105,3
Borealis,2026-01-09,105,3
Borealis,2026-01-24,105,3
Borealis,2026-02-07,105,3
Borealis,2026-02-13,105,3
Borealis,2026-02-19,105,3
Borealis,2026-03-17,105,3
Borealis,2026-03-21,105,3
Borealis,2026-03-25,105,3
Borealis,2026-04-13,105,3
Borealis,2026-04-19,105,3
Borealis,2026-04-20,105,3
Borealis,2026-04-22,105,3
Borealis,2026-04-24,105,3
Borealis,2026-04-27,105,3
Borealis,2026-04-28,105,3
Borealis,2026-05-02,105,3
Borealis,2026-05-03,105,3
Borealis,2026-05-06,105,3
Borealis,2026-05-09,105,3
Borealis,2026-05-11,105,3
Borealis,2026-05-12,105,3
Borealis,2026-05-14,105,3
Borealis,2026-05-17,105,3
Borealis,2026-05-19,105,3
Borealis,2026-05-21,105,3
Borealis,2026-05-23,105,3
Borealis,2026-05-24,105,2
Borealis,2026-06-12,110,
Borealis,2026-06-14,115,
Borealis,2026-06-17,125,
Borealis,2026-06-19,135,
Borealis,2026-06-21,135,4
Borealis,2026-06-22,150,
Borealis,2026-06-23,150,4
Borealis,2026-06-24,155,
Borealis,2026-06-25,155,4
Borealis,2026-06-26,155,4
Borealis,2026-06-27,160,
Borealis,2026-06-28,160,3
Borealis,2026-06-29,155,
Borealis,2026-07-02,155,3
Borealis,2026-07-03,155,3
Borealis,2026-07-05,155,3
Borealis,2026-07-06,155,3
Borealis,2026-07-12,155,3
Borealis,2026-07-14,155,3
Borealis,2026-07-16,150,
Borealis,2026-07-17,150,3
Borealis,2026-07-25,150,3
Borealis,2026-07-27,145,
Borealis,2026-07-28,145,3
Borealis,2026-07-30,145,3
Borealis,2026-07-31,145,3
Borealis,2026-08-02,145,3
Borealis,2026-08-03,145,3
Borealis,2026-08-04,145,3
Borealis,2026-08-05,145,3
Borealis,2026-08-06,145,3
Borealis,2026-08-07,145,3
Borealis,2026-08-08,145,3
Borealis,2026-08-09,145,3
Borealis,2026-08-10,145,3
Borealis,2026-08-11,145,3
Borealis,2026-08-13,145,2
Borealis,2026-08-14,145,2
Borealis,2026-08-15,145,2
Borealis,2026-08-16,145,2
Borealis,2026-08-17,145,2
Borealis,2026-08-18,145,2
Borealis,2026-08-19,145,2
Borealis,2026-08-20,145,2
Borealis,2026-08-21,145,2
Borealis,2026-08-22,145,2
Borealis,2026-08-24,145,2
Borealis,2026-09-02,145,2
Borealis,2026-09-03,145,2
Borealis,2026-09-04,145,2
Borealis,2026-09-05,145,2
Borealis,2026-09-06,145,2
Borealis,2026-09-07,145,2
Borealis,2026-09-12,145,2
Borealis,2026-09-17,145,2
Borealis,2026-09-18,145,2
Borealis,2026-09-19,145,2
Borealis,2026-09-20,145,2
Candleflame,2021-10-25,565,
Candleflame,2021-11-22,500,
Candleflame,2021-11-23,485,
Candleflame,2021-11-28,450,
Candleflame,2021-12-13,370,
Candleflame,2021-12-14,350,
Candleflame,2022-01-08,310,
Candleflame,2022-01-16,330,
Candleflame,2022-02-03,350,
Candleflame,2022-02-16,380,
Candleflame,2022-03-07,410,
Candleflame,2022-03-14,485,
Candleflame,2022-04-02,550,
Candleflame,2022-04-06,600,
Candleflame,2022-05-19,725,
Candleflame,2022-05-26,750,
Candleflame,2022-06-06,800,
Candleflame,2022-06-18,850,
Candleflame,2022-06-20,900,
Candleflame,2022-07-06,1000,
Candleflame,2022-07-11,1100,
Candleflame,2022-07-28,1300,
Candleflame,2022-08-04,1400,
Candleflame,2022-08-05,1500,
Candleflame,2022-08-11,1600,
Candleflame,2022-08-17,1800,
Candleflame,2022-08-27,2000,
Candleflame,2022-08-30,2200,
Candleflame,2022-09-03,2400,
Candleflame,2022-09-14,2250,
Candleflame,2022-09-18,2150,
Candleflame,2022-09-30,1500,
Candleflame,2022-10-03,1350,
Candleflame,2022-10-09,1200,
Candleflame,2022-10-12,1100,
Candleflame,2022-10-18,900,
Candleflame,2022-10-22,950,
Candleflame,2022-10-29,1000,
Candleflame,2022-11-06,1100,
Candleflame,2022-11-21,1050,
Candleflame,2022-11-26,1000,
Candleflame,2022-12-02,900,
Candleflame,2022-12-07,850,
Candleflame,2022-12-17,825,
Candleflame,2022-12-20,800,
Candleflame,2023-01-06,850,
Candleflame,2023-01-08,900,
Candleflame,2023-01-14,950,
Candleflame,2023-01-16,1000,
Candleflame,2023-04-12,1050,
Candleflame,2023-04-27,1000,
Candleflame,2023-04-30,950,
Candleflame,2023-05-03,900,
Candleflame,2023-05-08,850,
Candleflame,2023-05-10,800,
Candleflame,2023-05-13,750,
Candleflame,2023-06-12,725,
Candleflame,2023-06-18,700,
Candleflame,2023-06-21,650,
Candleflame,2023-06-25,625,
Candleflame,2023-07-07,600,
Candleflame,2023-07-29,625,
Candleflame,2023-08-01,650,
Candleflame,2023-09-25,675,
Candleflame,2023-10-01,700,
Candleflame,2023-10-15,725,
Candleflame,2023-10-21,700,
Candleflame,2023-11-13,675,
Candleflame,2023-11-22,650,
Candleflame,2024-01-12,625,
Candleflame,2024-01-16,600,
Candleflame,2024-01-29,575,
Candleflame,2024-02-02,550,
Candleflame,2024-02-07,500,
Candleflame,2024-02-10,450,
Candleflame,2024-02-14,425,
Candleflame,2024-02-20,400,
Candleflame,2024-02-29,375,
Candleflame,2024-03-04,350,
Candleflame,2024-03-11,325,
Candleflame,2024-03-18,300,
Candleflame,2024-04-03,275,
Candleflame,2024-04-10,250,
Candleflame,2024-04-15,200,
Candleflame,2024-04-16,175,
Candleflame,2024-04-21,150,
Candleflame,2024-04-24,130,
Candleflame,2024-04-26,125,
Candleflame,2024-05-03,140,
Candleflame,2024-05-07,150,
Candleflame,2024-05-26,145,
Candleflame,2024-05-29,140,
Candleflame,2024-06-08,135,
Candleflame,2024-06-14,130,
Candleflame,2024-06-26,125,
Candleflame,2024-07-01,115,
Candleflame,2024-07-09,120,
Candleflame,2024-07-15,125,
Candleflame,2024-07-18,130,
Candleflame,2024-07-29,135,
Candleflame,2024-09-12,130,
Candleflame,2024-10-02,125,
Candleflame,2024-10-28,120,
Candleflame,2024-12-29,115,
Candleflame,2025-01-10,110,
Candleflame,2025-01-18,105,
Candleflame,2025-01-24,100,
Candleflame,2025-02-03,95,
Candleflame,2025-02-07,90,
Candleflame,2025-02-12,85,
Candleflame,2025-02-14,80,
Candleflame,2025-02-17,75,
Candleflame,2025-03-04,72,
Candleflame,2025-03-09,70,
Candleflame,2025-03-11,68,
Candleflame,2025-03-15,67,
Candleflame,2025-03-29,65,
Candleflame,2025-09-17,60,
Candleflame,2025-10-26,60,2
Candleflame,2025-11-25,60,2
Candleflame,2025-12-04,60,2
Candleflame,2025-12-08,60,2
Candleflame,2025-12-14,60,2
Candleflame,2025-12-21,55,
Candleflame,2025-12-23,55,2
Candleflame,2025-12-24,55,2
Candleflame,2025-12-26,55,2
Candleflame,2025-12-28,55,2
Candleflame,2025-12-30,55,2
Candleflame,2026-01-09,55,2
Candleflame,2026-01-24,55,2
Candleflame,2026-02-07,55,2
Candleflame,2026-02-13,55,2
Candleflame,2026-02-19,55,2
Candleflame,2026-03-04,50,
Candleflame,2026-03-14,45,
Candleflame,2026-03-17,45,2
Candleflame,2026-03-21,45,2
Candleflame,2026-03-25,45,2
Candleflame,2026-04-13,45,2
Candleflame,2026-04-19,45,2
Candleflame,2026-04-20,45,2
Candleflame,2026-04-22,45,2
Candleflame,2026-04-24,45,2
Candleflame,2026-04-27,45,2
Candleflame,2026-04-28,45,2
Candleflame,2026-05-02,45,2
Candleflame,2026-05-03,45,2
Candleflame,2026-05-06,45,2
Candleflame,2026-05-09,45,2
Candleflame,2026-05-11,45,2
Candleflame,2026-05-12,45,2
Candleflame,2026-05-14,45,2
Candleflame,2026-05-17,42,
Candleflame,2026-05-19,42,2
Candleflame,2026-05-21,42,2
Candleflame,2026-05-23,42,2
Candleflame,2026-05-24,40,1
Candleflame,2026-06-17,38,
Candleflame,2026-06-21,38,1
Candleflame,2026-06-22,38,1
Candleflame,2026-06-23,38,1
Candleflame,2026-06-24,38,1
Candleflame,2026-06-25,38,1
Candleflame,2026-06-26,38,1
Candleflame,2026-06-27,38,1
Candleflame,2026-06-28,38,1
Candleflame,2026-07-02,38,1
Candleflame,2026-07-03,38,1
Candleflame,2026-07-05,38,1
Candleflame,2026-07-06,38,1
Candleflame,2026-07-07,35,
Candleflame,2026-07-12,33,
Candleflame,2026-07-14,33,1
Candleflame,2026-07-17,33,1
Candleflame,2026-07-25,33,1
Candleflame,2026-07-27,33,1
Candleflame,2026-07-28,33,1
Candleflame,2026-07-30,33,1
Candleflame,2026-07-31,33,1
Candleflame,2026-08-02,33,1
Candleflame,2026-08-03,33,1
Candleflame,2026-08-04,33,1
Candleflame,2026-08-05,33,1
Candleflame,2026-08-06,33,1
Candleflame,2026-08-07,33,1
Candleflame,2026-08-08,33,1
Candleflame,2026-08-09,33,1
Candleflame,2026-08-10,33,1
Candleflame,2026-08-11,33,1
Candleflame,2026-08-13,33,1
Candleflame,2026-08-14,33,1
Candleflame,2026-08-15,33,1
Candleflame,2026-08-16,33,1
Candleflame,2026-08-17,33,1
Candleflame,2026-08-18,33,1
Candleflame,2026-08-19,33,1
Candleflame,2026-08-20,33,1
Candleflame,2026-08-21,33,1
Candleflame,2026-08-22,33,1
Candleflame,2026-08-24,33,1
Candleflame,2026-09-02,33,1
Candleflame,2026-09-03,33,1
Candleflame,2026-09-04,33,1
Candleflame,2026-09-05,33,1
Candleflame,2026-09-06,33,1
Candleflame,2026-09-07,33,1
Candleflame,2026-09-12,33,1
Candleflame,2026-09-17,33,1
Candleflame,2026-09-18,33,1
Candleflame,2026-09-19,33,1
Candleflame,2026-09-20,33,1
Candy,2020-08-26,135,
Candy,2020-10-18,150,
Candy,2020-10-31,180,
Candy,2020-11-17,190,
Candy,2020-11-26,205,
Candy,2020-12-03,210,
Candy,2020-12-14,220,
Candy,2020-12-28,225,
Candy,2021-01-03,230,
Candy,2021-02-22,210,
Candy,2021-03-09,200,
Candy,2021-03-20,190,
Candy,2021-03-23,180,
Candy,2021-04-08,160,
Candy,2021-05-07,165,
Candy,2021-05-12,170,
Candy,2021-06-13,185,
Candy,2021-06-18,200,
Candy,2021-06-28,215,
Candy,2021-07-27,200,
Candy,2021-08-17,160,
Candy,2021-08-23,155,
Candy,2021-09-05,160,
Candy,2021-09-09,180,
Candy,2021-10-02,200,
Candy,2021-11-22,170,
Candy,2021-11-23,165,
Candy,2021-11-28,150,
Candy,2021-12-13,140,
Candy,2022-01-08,145,
Candy,2022-01-16,155,
Candy,2022-02-03,170,
Candy,2022-02-16,180,
Candy,2022-03-07,185,
Candy,2022-03-14,190,
Candy,2022-07-11,205,
Candy,2022-07-28,210,
Candy,2022-08-30,215,
Candy,2022-10-30,220,
Candy,2022-12-04,225,
Candy,2022-12-27,230,
Candy,2022-12-31,235,
Candy,2023-01-06,240,
Candy,2023-02-19,245,
Candy,2023-02-25,250,
Candy,2023-03-12,260,
Candy,2023-03-24,265,
Candy,2023-04-02,270,
Candy,2023-04-04,275,
Candy,2023-04-27,270,
Candy,2023-05-08,260,
Candy,2023-05-10,250,
Candy,2023-05-13,240,
Candy,2023-05-16,230,
Candy,2023-05-20,215,
Candy,2023-05-22,210,
Candy,2023-05-27,200,
Candy,2023-06-01,175,
Candy,2023-06-07,165,
Candy,2023-06-12,155,
Candy,2023-06-13,150,
Candy,2023-06-18,140,
Candy,2023-06-25,130,
Candy,2023-07-06,140,
Candy,2023-07-09,145,
Candy,2023-07-12,150,
Candy,2023-07-15,165,
Candy,2023-07-19,175,
Candy,2023-07-20,185,
Candy,2023-07-23,190,
Candy,2023-07-24,200,
Candy,2023-07-27,215,
Candy,2023-07-29,225,
Candy,2023-08-05,220,
Candy,2023-08-07,215,
Candy,2023-08-12,210,
Candy,2023-08-13,200,
Candy,2023-08-20,195,
Candy,2023-08-21,190,
Candy,2023-09-01,185,
Candy,2023-09-11,180,
Candy,2023-09-16,175,
Candy,2023-09-20,170,
Candy,2023-10-01,175,
Candy,2023-10-07,180,
Candy,2023-10-11,190,
Candy,2023-10-18,185,
Candy,2023-10-21,180,
Candy,2023-10-23,175,
Candy,2023-10-24,165,
Candy,2023-10-26,155,
Candy,2023-10-28,145,
Candy,2023-11-01,140,
Candy,2023-12-10,145,
Candy,2023-12-14,150,
Candy,2023-12-20,160,
Candy,2023-12-22,165,
Candy,2023-12-27,175,
Candy,2024-01-02,170,
Candy,2024-01-03,165,
Candy,2024-01-08,155,
Candy,2024-01-12,150,
Candy,2024-02-29,140,
Candy,2024-04-03,135,
Candy,2024-04-08,130,
Candy,2024-04-10,125,
Candy,2024-04-16,120,
Candy,2024-05-01,115,
Candy,2024-05-15,110,
Candy,2024-05-20,105,
Candy,2024-06-03,100,
Candy,2024-06-19,110,
Candy,2024-06-26,115,
Candy,2024-07-01,120,
Candy,2024-07-03,125,
Candy,2024-07-06,130,
Candy,2024-07-09,135,
Candy,2024-07-14,140,
Candy,2024-07-25,145,
Candy,2024-07-29,150,
Candy,2024-08-14,145,
Candy,2024-08-16,140,
Candy,2024-09-02,145,
Candy,2024-09-14,150,
Candy,2024-09-23,155,
Candy,2024-10-11,160,
Candy,2024-10-16,175,
Candy,2024-10-18,180,
Candy,2024-10-20,190,
Candy,2024-10-23,195,
Candy,2024-10-28,200,
Candy,2024-10-30,205,
Candy,2024-11-18,200,
Candy,2024-11-22,195,
Candy,2024-11-30,190,
Candy,2024-12-29,195,
Candy,2025-01-15,200,
Candy,2025-01-29,205,
Candy,2025-02-07,210,
Candy,2025-02-09,220,
Candy,2025-02-12,225,
Candy,2025-02-14,230,
Candy,2025-02-17,235,
Candy,2025-02-19,240,
Candy,2025-02-22,235,
Candy,2025-02-23,230,
Candy,2025-03-19,225,
Candy,2025-03-26,220,
Candy,2025-04-09,210,
Candy,2025-04-13,200,
Candy,2025-04-15,190,
Candy,2025-08-30,185,
Candy,2025-09-17,180,
Candy,2025-09-25,175,
Candy,2025-10-26,175,3
Candy,2025-10-28,170,
Candy,2025-11-25,170,3
Candy,2025-12-04,170,3
Candy,2025-12-08,170,3
Candy,2025-12-14,170,3
Candy,2025-12-21,170,3
Candy,2025-12-23,170,3
Candy,2025-12-24,170,3
Candy,2025-12-26,170,3
Candy,2025-12-28,170,3
Candy,2025-12-30,170,3
Candy,2026-01-09,170,3
Candy,2026-01-20,165,
Candy,2026-01-24,160,
Candy,2026-01-27,150,
Candy,2026-02-07,150,3
Candy,2026-02-13,150,3
Candy,2026-02-15,145,
Candy,2026-02-19,140,3
Candy,2026-02-25,135,
Candy,2026-02-27,130,
Candy,2026-03-01,125,
Candy,2026-03-04,120,
Candy,2026-03-06,115,
Candy,2026-03-09,110,
Candy,2026-03-11,105,
Candy,2026-03-17,105,2
Candy,2026-03-21,105,2
Candy,2026-03-25,105,2
Candy,2026-04-13,105,2
Candy,2026-04-19,105,2
Candy,2026-04-20,105,2
Candy,2026-04-22,105,2
Candy,2026-04-24,105,2
Candy,2026-04-27,105,2
Candy,2026-04-28,105,2
Candy,2026-05-02,105,2
Candy,2026-05-03,105,2
Candy,2026-05-06,105,2
Candy,2026-05-09,105,2
Candy,2026-05-11,105,2
Candy,2026-05-12,105,2
Candy,2026-05-14,105,2
Candy,2026-05-17,105,2
Candy,2026-05-18,100,
Candy,2026-05-19,100,2
Candy,2026-05-21,95,
Candy,2026-05-23,95,2
Candy,2026-05-24,85,1
Candy,2026-06-17,80,
Candy,2026-06-21,80,1
Candy,2026-06-22,80,1
Candy,2026-06-23,80,1
Candy,2026-06-24,80,1
Candy,2026-06-25,80,1
Candy,2026-06-26,80,1
Candy,2026-06-27,80,1
Candy,2026-06-28,80,1
Candy,2026-07-02,80,1
Candy,2026-07-03,80,1
Candy,2026-07-05,80,1
Candy,2026-07-06,80,1
Candy,2026-07-12,80,1
Candy,2026-07-14,80,1
Candy,2026-07-17,80,1
Candy,2026-07-25,80,1
Candy,2026-07-27,80,1
Candy,2026-07-28,80,1
Candy,2026-07-30,80,1
Candy,2026-07-31,80,1
Candy,2026-08-02,80,1
Candy,2026-08-03,80,1
Candy,2026-08-04,80,1
Candy,2026-08-05,80,1
Candy,2026-08-06,80,1
Candy,2026-08-07,80,1
Candy,2026-08-08,80,1
Candy,2026-08-09,80,1
Candy,2026-08-10,80,1
Candy,2026-08-11,80,1
Candy,2026-08-13,80,1
Candy,2026-08-14,80,1
Candy,2026-08-15,80,1
Candy,2026-08-16,80,1
Candy,2026-08-17,80,1
Candy,2026-08-18,80,1
Candy,2026-08-19,80,1
Candy,2026-08-20,80,1
Candy,2026-08-21,80,1
Candy,2026-08-22,80,1
Candy,2026-08-24,80,1
Candy,2026-09-02,80,1
Candy,2026-09-03,80,1
Candy,2026-09-04,80,1
Candy,2026-09-05,80,1
Candy,2026-09-06,80,1
Candy,2026-09-07,80,1
Candy,2026-09-12,80,1
Candy,2026-09-17,80,1
Candy,2026-09-18,80,1
Candy,2026-09-19,80,1
Candy,2026-09-20,80,1
Chill,2020-08-26,120,
Chill,2020-10-31,190,
Chill,2020-11-17,205,
Chill,2020-11-26,210,
Chill,2020-12-28,215,
Chill,2021-01-22,185,
Chill,2021-01-26,180,
Chill,2021-02-22,155,
Chill,2021-03-09,140,
Chill,2021-03-20,130,
Chill,2021-03-23,115,
Chill,2021-04-26,95,
Chill,2021-05-07,90,
Chill,2021-05-12,85,
Chill,2021-06-13,75,
Chill,2021-06-18,60,
Chill,2021-06-28,55,
Chill,2021-07-18,45,
Chill,2021-10-02,55,
Chill,2021-10-25,60,
Chill,2021-11-22,62,
Chill,2021-11-28,65,
Chill,2021-12-13,68,
Chill,2021-12-14,70,
Chill,2022-02-03,65,
Chill,2022-02-16,60,
Chill,2022-03-07,55,
Chill,2022-03-14,50,
Chill,2022-04-02,45,
Chill,2022-07-06,40,
Chill,2022-08-27,35,
Chill,2022-09-14,30,
Chill,2023-07-15,28,
Chill,2023-11-01,27,
Chill,2023-12-03,28,
Chill,2024-03-29,22,
Chill,2024-04-24,18,
Chill,2024-11-08,17,
Chill,2025-04-13,15,
Chill,2025-09-17,13,
Chill,2025-10-26,13,1
Chill,2025-11-04,12,
Chill,2025-11-25,12,1
Chill,2025-12-04,12,1
Chill,2025-12-08,12,1
Chill,2025-12-14,12,1
Chill,2025-12-21,10,
Chill,2025-12-23,10,1
Chill,2025-12-24,10,1
Chill,2025-12-26,10,1
Chill,2025-12-28,10,1
Chill,2025-12-30,10,1
Chill,2026-01-09,10,1
Chill,2026-01-24,10,1
Chill,2026-02-07,10,1
Chill,2026-02-13,10,1
Chill,2026-02-19,10,1
Chill,2026-03-17,10,1
Chill,2026-03-21,10,1
Chill,2026-03-25,10,1
Chill,2026-04-13,10,1
Chill,2026-04-19,10,1
Chill,2026-04-20,10,1
Chill,2026-04-22,10,1
Chill,2026-04-24,10,1
Chill,2026-04-27,10,1
Chill,2026-04-28,10,1
Chill,2026-05-02,10,1
Chill,2026-05-03,10,1
Chill,2026-05-06,10,1
Chill,2026-05-09,10,1
Chill,2026-05-11,10,1
Chill,2026-05-12,10,1
Chill,2026-05-14,10,1
Chill,2026-05-17,10,1
Chill,2026-05-19,10,1
Chill,2026-05-21,10,1
Chill,2026-05-23,10,1
Chill,2026-05-24,10,1
Chill,2026-06-21,10,1
Chill,2026-06-22,10,1
Chill,2026-06-23,10,1
Chill,2026-06-24,10,1
Chill,2026-06-25,10,1
Chill,2026-06-26,10,1
Chill,2026-06-27,10,1
Chill,2026-06-28,10,1
Chill,2026-07-02,10,1
Chill,2026-07-03,10,1
Chill,2026-07-05,10,1
Chill,2026-07-06,10,1
Chill,2026-07-12,10,1
Chill,2026-07-14,10,1
Chill,2026-07-17,10,1
Chill,2026-07-25,10,1
Chill,2026-07-27,10,1
Chill,2026-07-28,10,1
Chill,2026-07-30,10,1
Chill,2026-07-31,10,1
Chill,2026-08-02,10,1
Chill,2026-08-03,10,1
Chill,2026-08-04,10,1
Chill,2026-08-05,10,1
Chill,2026-08-06,10,1
Chill,2026-08-07,10,1
Chill,2026-08-08,10,1
Chill,2026-08-09,10,1
Chill,2026-08-10,10,1
Chill,2026-08-11,10,1
Chill,2026-08-13,10,1
Chill,2026-08-14,10,1
Chill,2026-08-15,10,1
Chill,2026-08-16,10,1
Chill,2026-08-17,10,1
Chill,2026-08-18,10,1
Chill,2026-08-19,10,1
Chill,2026-08-20,10,1
Chill,2026-08-21,10,1
Chill,2026-08-22,10,1
Chill,2026-08-24,10,1
Chill,2026-09-02,10,1
Chill,2026-09-03,10,1
Chill,2026-09-04,10,1
Chill,2026-09-05,10,1
Chill,2026-09-06,10,1
Chill,2026-09-07,10,1
Chill,2026-09-12,10,1
Chill,2026-09-17,10,1
Chill,2026-09-18,10,1
Chill,2026-09-19,10,1
Chill,2026-09-20,10,1
Clockwork,2020-08-26,130,
Clockwork,2020-10-15,135,
Clockwork,2020-10-31,145,
Clockwork,2020-12-14,150,
Clockwork,2021-02-22,155,
Clockwork,2021-03-20,148,
Clockwork,2021-04-08,140,
Clockwork,2021-05-07,138,
Clockwork,2021-06-13,130,
Clockwork,2021-06-18,125,
Clockwork,2021-06-28,115,
Clockwork,2021-07-18,105,
Clockwork,2021-07-21,100,
Clockwork,2021-07-27,95,
Clockwork,2021-10-25,90,
Clockwork,2021-11-22,80,
Clockwork,2021-11-23,75,
Clockwork,2021-12-13,70,
Clockwork,2021-12-14,65,
Clockwork,2022-01-16,55,
Clockwork,2022-02-03,50,
Clockwork,2022-02-16,45,
Clockwork,2022-03-07,40,
Clockwork,2022-04-02,38,
Clockwork,2022-07-06,40,
Clockwork,2022-07-11,42,
Clockwork,2022-08-27,45,
Clockwork,2023-06-01,40,
Clockwork,2023-09-27,38,
Clockwork,2023-11-01,35,
Clockwork,2023-12-03,33,
Clockwork,2024-01-02,32,
Clockwork,2024-03-29,28,
Clockwork,2024-04-24,27,
Clockwork,2024-09-23,25,
Clockwork,2025-01-15,23,
Clockwork,2025-04-13,22,
Clockwork,2025-07-19,20,
Clockwork,2025-09-17,17,
Clockwork,2025-10-26,17,1
Clockwork,2025-11-11,15,
Clockwork,2025-11-25,15,1
Clockwork,2025-12-04,15,1
Clockwork,2025-12-08,15,1
Clockwork,2025-12-14,15,1
Clockwork,2025-12-21,12,
Clockwork,2025-12-23,12,1
Clockwork,2025-12-24,12,1
Clockwork,2025-12-26,12,1
Clockwork,2025-12-28,12,1
Clockwork,2025-12-30,12,1
Clockwork,2026-01-09,12,1
Clockwork,2026-01-11,10,
Clockwork,2026-01-24,10,1
Clockwork,2026-02-07,10,1
Clockwork,2026-02-13,10,1
Clockwork,2026-02-19,10,1
Clockwork,2026-03-17,10,1
Clockwork,2026-03-21,10,1
Clockwork,2026-03-25,10,1
Clockwork,2026-04-13,10,1
Clockwork,2026-04-19,10,1
Clockwork,2026-04-20,10,1
Clockwork,2026-04-22,10,1
Clockwork,2026-04-24,10,1
Clockwork,2026-04-27,10,1
Clockwork,2026-04-28,10,1
Clockwork,2026-05-02,10,1
Clockwork,2026-05-03,10,1
Clockwork,2026-05-06,10,1
Clockwork,2026-05-09,10,1
Clockwork,2026-05-11,10,1
Clockwork,2026-05-12,10,1
Clockwork,2026-05-14,10,1
Clockwork,2026-05-17,10,1
Clockwork,2026-05-19,10,1
Clockwork,2026-05-21,10,1
Clockwork,2026-05-23,10,1
Clockwork,2026-05-24,10,1
Clockwork,2026-06-21,10,1
Clockwork,2026-06-22,10,1
Clockwork,2026-06-23,10,1
Clockwork,2026-06-24,10,1
Clockwork,2026-06-25,10,1
Clockwork,2026-06-26,10,1
Clockwork,2026-06-27,10,1
Clockwork,2026-06-28,10,1
Clockwork,2026-07-02,10,1
Clockwork,2026-07-03,10,1
Clockwork,2026-07-05,10,1
Clockwork,2026-07-06,10,1
Clockwork,2026-07-12,10,1
Clockwork,2026-07-14,10,1
Clockwork,2026-07-17,10,1
Clockwork,2026-07-25,10,1
Clockwork,2026-07-27,10,1
Clockwork,2026-07-28,10,1
Clockwork,2026-07-30,10,1
Clockwork,2026-07-31,10,1
Clockwork,2026-08-02,10,1
Clockwork,2026-08-03,10,1
Clockwork,2026-08-04,10,1
Clockwork,2026-08-05,10,1
Clockwork,2026-08-06,10,1
Clockwork,2026-08-07,10,1
Clockwork,2026-08-08,10,1
Clockwork,2026-08-09,10,1
Clockwork,2026-08-10,10,1
Clockwork,2026-08-11,10,1
Clockwork,2026-08-13,10,1
Clockwork,2026-08-14,10,1
Clockwork,2026-08-15,10,1
Clockwork,2026-08-16,10,1
Clockwork,2026-08-17,10,1
Clockwork,2026-08-18,10,1
Clockwork,2026-08-19,10,1
Clockwork,2026-08-20,10,1
Clockwork,2026-08-21,10,1
Clockwork,2026-08-22,10,1
Clockwork,2026-08-24,10,1
Clockwork,2026-09-02,10,1
Clockwork,2026-09-03,10,1
Clockwork,2026-09-04,10,1
Clockwork,2026-09-05,10,1
Clockwork,2026-09-06,10,1
Clockwork,2026-09-07,10,1
Clockwork,2026-09-12,10,1
Clockwork,2026-09-17,10,1
Clockwork,2026-09-18,10,1
Clockwork,2026-09-19,10,1
Clockwork,2026-09-20,10,1
Constellation,2024-12-23,2500,
Constellation,2024-12-26,1900,
Constellation,2024-12-29,1300,
Constellation,2024-12-31,850,
Constellation,2025-01-03,800,
Constellation,2025-01-06,650,
Constellation,2025-01-18,625,
Constellation,2025-01-20,600,
Constellation,2025-01-24,575,
Constellation,2025-01-26,500,
Constellation,2025-02-03,450,
Constellation,2025-02-12,425,
Constellation,2025-02-14,450,
Constellation,2025-02-17,475,
Constellation,2025-02-22,500,
Constellation,2025-02-23,550,
Constellation,2025-02-28,575,
Constellation,2025-03-04,600,
Constellation,2025-03-09,550,
Constellation,2025-03-11,525,
Constellation,2025-03-15,500,
Constellation,2025-03-17,475,
Constellation,2025-03-19,450,
Constellation,2025-03-26,500,
Constellation,2025-03-29,550,
Constellation,2025-04-02,525,
Constellation,2025-04-06,500,
Constellation,2025-04-09,475,
Constellation,2025-04-13,450,
Constellation,2025-04-20,475,
Constellation,2025-04-27,500,
Constellation,2025-04-30,525,
Constellation,2025-05-04,550,
Constellation,2025-05-09,600,
Constellation,2025-05-12,625,
Constellation,2025-05-15,650,
Constellation,2025-05-21,675,
Constellation,2025-05-24,700,
Constellation,2025-06-05,725,
Constellation,2025-06-08,750,
Constellation,2025-06-11,775,
Constellation,2025-06-13,800,
Constellation,2025-06-17,825,
Constellation,2025-06-20,850,
Constellation,2025-06-24,825,
Constellation,2025-07-05,850,
Constellation,2025-07-11,875,
Constellation,2025-07-14,900,
Constellation,2025-07-19,925,
Constellation,2025-07-21,950,
Constellation,2025-08-11,975,
Constellation,2025-08-14,1000,
Constellation,2025-08-19,1025,
Constellation,2025-08-22,1050,
Constellation,2025-08-26,1025,
Constellation,2025-09-03,1050,
Constellation,2025-09-05,1075,
Constellation,2025-09-09,1100,
Constellation,2025-09-13,1125,
Constellation,2025-09-17,1150,
Constellation,2025-09-18,1175,
Constellation,2025-09-23,1200,
Constellation,2025-09-25,1225,
Constellation,2025-09-28,1275,
Constellation,2025-10-02,1350,
Constellation,2025-10-08,1425,
Constellation,2025-10-10,1500,
Constellation,2025-10-15,1600,
Constellation,2025-10-19,1750,
Constellation,2025-10-21,1800,
Constellation,2025-10-23,1850,
Constellation,2025-10-26,1850,7
Constellation,2025-10-28,1950,
Constellation,2025-11-01,2050,
Constellation,2025-11-04,2100,
Constellation,2025-11-06,2150,
Constellation,2025-11-11,2200,
Constellation,2025-11-13,2250,
Constellation,2025-11-16,2300,
Constellation,2025-11-18,2400,
Constellation,2025-11-20,2500,
Constellation,2025-11-24,2600,
Constellation,2025-11-25,2600,6
Constellation,2025-11-27,2650,
Constellation,2025-11-30,2700,
Constellation,2025-12-01,2750,
Constellation,2025-12-04,2800,
Constellation,2025-12-08,2800,6
Constellation,2025-12-14,2800,5
Constellation,2025-12-17,2850,
Constellation,2025-12-18,2950,
Constellation,2025-12-19,3000,
Constellation,2025-12-21,3100,
Constellation,2025-12-23,3100,6
Constellation,2025-12-24,3200,
Constellation,2025-12-26,3200,6
Constellation,2025-12-27,3300,
Constellation,2025-12-28,3300,6
Constellation,2025-12-29,3400,
Constellation,2025-12-30,3400,6
Constellation,2026-01-01,3500,
Constellation,2026-01-04,3600,
Constellation,2026-01-09,3600,6
Constellation,2026-01-11,3500,
Constellation,2026-01-14,3300,
Constellation,2026-01-16,3200,
Constellation,2026-01-18,3100,
Constellation,2026-01-20,3000,
Constellation,2026-01-22,2900,
Constellation,2026-01-24,2900,5
Constellation,2026-01-27,2950,
Constellation,2026-01-28,3000,
Constellation,2026-01-31,3100,
Constellation,2026-02-01,3200,
Constellation,2026-02-04,3250,
Constellation,2026-02-06,3300,
Constellation,2026-02-07,3300,6
Constellation,2026-02-13,3300,6
Constellation,2026-02-15,3250,
Constellation,2026-02-19,3150,
Constellation,2026-02-23,3100,
Constellation,2026-02-25,3050,
Constellation,2026-02-27,3000,
Constellation,2026-03-17,3000,5
Constellation,2026-03-21,3000,5
Constellation,2026-03-25,3000,5
Constellation,2026-04-11,2950,
Constellation,2026-04-13,2900,
Constellation,2026-04-19,2900,5
Constellation,2026-04-20,2900,5
Constellation,2026-04-22,2900,5
Constellation,2026-04-24,2900,5
Constellation,2026-04-27,2900,5
Constellation,2026-04-28,2900,5
Constellation,2026-05-01,2850,
Constellation,2026-05-02,2850,5
Constellation,2026-05-03,2800,
Constellation,2026-05-06,2750,
Constellation,2026-05-08,2700,
Constellation,2026-05-09,2700,5
Constellation,2026-05-11,2650,
Constellation,2026-05-12,2650,5
Constellation,2026-05-14,2600,
Constellation,2026-05-17,2600,5
Constellation,2026-05-19,2600,5
Constellation,2026-05-21,2600,5
Constellation,2026-05-23,2600,5
Constellation,2026-05-24,2600,5
Constellation,2026-06-17,2625,
Constellation,2026-06-19,2650,
Constellation,2026-06-21,2650,5
Constellation,2026-06-22,2700,
Constellation,2026-06-23,2700,5
Constellation,2026-06-24,2725,
Constellation,2026-06-25,2725,5
Constellation,2026-06-26,2725,5
Constellation,2026-06-27,2725,5
Constellation,2026-06-28,2725,5
Constellation,2026-07-02,2725,5
Constellation,2026-07-03,2725,5
Constellation,2026-07-05,2725,5
Constellation,2026-07-06,2725,5
Constellation,2026-07-12,2700,
Constellation,2026-07-14,2700,5
Constellation,2026-07-17,2700,5
Constellation,2026-08-30,2750,
Constellation,2026-09-01,2850,
Constellation,2026-09-02,2950,
Constellation,2026-09-04,3050,
Constellation,2026-09-07,3050,6
Constellation,2026-09-09,3200,
Constellation,2026-09-12,3150,
Constellation,2026-09-13,3100,
Constellation,2026-09-15,3000,
Constellation,2026-09-16,2900,
Constellation,2026-09-17,2900,5
Constellation,2026-09-18,2900,5
Constellation,2026-09-19,2800,5
Constellation,2026-09-20,2800,5
Cookieblade,2020-12-28,30,
Cookieblade,2021-01-03,25,
Cookieblade,2021-01-22,15,
Cookieblade,2022-08-17,12,
Cookieblade,2022-08-27,10,
Cookieblade,2022-09-03,8,
Cookieblade,2022-09-18,7,
Cookieblade,2022-10-18,6,
Cookieblade,2022-12-07,5,
Cookieblade,2023-05-08,6,
Cookieblade,2023-06-07,4,
Cookieblade,2023-08-12,5,
Cookieblade,2024-03-29,4,
Cookieblade,2025-09-17,3,
Cookieblade,2025-10-26,3,1
Cookieblade,2025-11-25,3,1
Cookieblade,2025-12-04,3,1
Cookieblade,2025-12-08,3,1
Cookieblade,2025-12-14,3,1
Cookieblade,2025-12-21,3,1
Cookieblade,2025-12-23,3,1
Cookieblade,2025-12-24,3,1
Cookieblade,2025-12-26,3,1
Cookieblade,2025-12-28,3,1
Cookieblade,2025-12-30,3,1
Cookieblade,2026-01-09,3,1
Cookieblade,2026-01-24,3,1
Cookieblade,2026-02-07,3,1
Cookieblade,2026-02-13,3,1
Cookieblade,2026-02-19,3,1
Cookieblade,2026-03-17,3,1
Cookieblade,2026-03-21,3,1
Cookieblade,2026-03-25,3,1
Cookieblade,2026-04-13,3,1
Cookieblade,2026-04-19,3,1
Cookieblade,2026-04-20,3,1
Cookieblade,2026-04-22,3,1
Cookieblade,2026-04-24,3,1
Cookieblade,2026-04-27,3,1
Cookieblade,2026-04-28,3,1
Cookieblade,2026-05-02,3,1
Cookieblade,2026-05-03,3,1
Cookieblade,2026-05-06,3,1
Cookieblade,2026-05-09,3,1
Cookieblade,2026-05-11,3,1
Cookieblade,2026-05-12,3,1
Cookieblade,2026-05-14,3,1
Cookieblade,2026-05-17,3,1
Cookieblade,2026-05-19,3,1
Cookieblade,2026-05-21,3,1
Cookieblade,2026-05-23,3,1
Cookieblade,2026-05-24,3,1
Cookieblade,2026-06-21,3,1
Cookieblade,2026-06-22,3,1
Cookieblade,2026-06-23,3,1
Cookieblade,2026-06-24,3,1
Cookieblade,2026-06-25,3,1
Cookieblade,2026-06-26,3,1
Cookieblade,2026-06-27,3,1
Cookieblade,2026-06-28,3,1
Cookieblade,2026-07-02,3,1
Cookieblade,2026-07-03,3,1
Cookieblade,2026-07-05,3,1
Cookieblade,2026-07-06,3,1
Cookieblade,2026-07-12,3,1
Cookieblade,2026-07-14,3,1
Cookieblade,2026-07-17,3,1
Cookieblade,2026-07-25,3,1
Cookieblade,2026-07-27,3,1
Cookieblade,2026-07-28,3,1
Cookieblade,2026-07-30,3,1
Cookieblade,2026-07-31,3,1
Cookieblade,2026-08-02,3,1
Cookieblade,2026-08-03,3,1
Cookieblade,2026-08-04,3,1
Cookieblade,2026-08-05,3,1
Cookieblade,2026-08-06,3,1
Cookieblade,2026-08-07,3,1
Cookieblade,2026-08-08,3,1
Cookieblade,2026-08-09,3,1
Cookieblade,2026-08-10,3,1
Cookieblade,2026-08-11,3,1
Cookieblade,2026-08-13,3,1
Cookieblade,2026-08-14,3,1
Cookieblade,2026-08-15,3,1
Cookieblade,2026-08-16,3,1
Cookieblade,2026-08-17,3,1
Cookieblade,2026-08-18,3,1
Cookieblade,2026-08-19,3,1
Cookieblade,2026-08-20,3,1
Cookieblade,2026-08-21,3,1
Cookieblade,2026-08-22,3,1
Cookieblade,2026-08-24,3,1
Cookieblade,2026-09-02,3,1
Cookieblade,2026-09-03,3,1
Cookieblade,2026-09-04,3,1
Cookieblade,2026-09-05,3,1
Cookieblade,2026-09-06,3,1
Cookieblade,2026-09-07,3,1
Cookieblade,2026-09-12,3,1
Cookieblade,2026-09-17,3,1
Cookieblade,2026-09-18,3,1
Cookieblade,2026-09-19,3,1
Cookieblade,2026-09-20,3,1
Cookiecane,2022-12-23,5000,
Cookiecane,2022-12-27,4500,
Cookiecane,2022-12-31,4000,
Cookiecane,2023-01-01,3000,
Cookiecane,2023-01-06,2000,
Cookiecane,2023-01-08,1300,
Cookiecane,2023-01-10,850,
Cookiecane,2023-01-14,700,
Cookiecane,2023-01-17,750,
Cookiecane,2023-01-20,800,
Cookiecane,2023-02-11,750,
Cookiecane,2023-02-13,700,
Cookiecane,2023-02-19,600,
Cookiecane,2023-02-21,550,
Cookiecane,2023-02-25,500,
Cookiecane,2023-04-12,525,
Cookiecane,2023-04-30,500,
Cookiecane,2023-05-08,475,
Cookiecane,2023-05-10,450,
Cookiecane,2023-06-12,425,
Cookiecane,2023-06-21,400,
Cookiecane,2024-01-12,375,
Cookiecane,2024-02-02,350,
Cookiecane,2024-02-10,300,
Cookiecane,2024-02-22,275,
Cookiecane,2024-03-04,250,
Cookiecane,2024-03-11,225,
Cookiecane,2024-03-29,200,
Cookiecane,2024-04-11,175,
Cookiecane,2024-04-15,150,
Cookiecane,2024-04-16,125,
Cookiecane,2024-04-21,115,
Cookiecane,2024-04-24,110,
Cookiecane,2024-04-26,100,
Cookiecane,2024-05-01,105,
Cookiecane,2024-05-03,110,
Cookiecane,2024-05-07,115,
Cookiecane,2024-05-10,120,
Cookiecane,2024-05-20,115,
Cookiecane,2024-05-31,110,
Cookiecane,2024-06-08,105,
Cookiecane,2024-06-23,100,
Cookiecane,2024-06-26,95,
Cookiecane,2024-06-28,90,
Cookiecane,2024-07-11,85,
Cookiecane,2024-07-29,90,
Cookiecane,2024-08-29,85,
Cookiecane,2024-09-08,80,
Cookiecane,2024-09-18,75,
Cookiecane,2024-09-23,70,
Cookiecane,2024-10-28,65,
Cookiecane,2024-11-08,62,
Cookiecane,2024-11-13,60,
Cookiecane,2024-11-22,55,
Cookiecane,2025-01-13,50,
Cookiecane,2025-01-15,45,
Cookiecane,2025-01-24,40,
Cookiecane,2025-01-29,35,
Cookiecane,2025-02-14,30,
Cookiecane,2025-03-09,27,
Cookiecane,2025-03-11,25,
Cookiecane,2025-04-20,23,
Cookiecane,2025-10-19,22,
Cookiecane,2025-10-26,22,2
Cookiecane,2025-11-11,20,
Cookiecane,2025-11-25,20,2
Cookiecane,2025-12-04,20,2
Cookiecane,2025-12-08,20,2
Cookiecane,2025-12-14,20,2
Cookiecane,2025-12-21,20,2
Cookiecane,2025-12-23,20,2
Cookiecane,2025-12-24,20,2
Cookiecane,2025-12-26,20,2
Cookiecane,2025-12-28,20,2
Cookiecane,2025-12-30,20,2
Cookiecane,2026-01-09,20,2
Cookiecane,2026-01-24,20,2
Cookiecane,2026-02-07,20,2
Cookiecane,2026-02-13,20,2
Cookiecane,2026-02-19,20,2
Cookiecane,2026-03-14,18,
Cookiecane,2026-03-17,18,2
Cookiecane,2026-03-21,18,2
Cookiecane,2026-03-25,18,2
Cookiecane,2026-04-13,18,2
Cookiecane,2026-04-19,18,2
Cookiecane,2026-04-20,18,2
Cookiecane,2026-04-22,18,2
Cookiecane,2026-04-24,18,2
Cookiecane,2026-04-27,18,2
Cookiecane,2026-04-28,18,2
Cookiecane,2026-05-02,18,2
Cookiecane,2026-05-03,18,2
Cookiecane,2026-05-06,18,2
Cookiecane,2026-05-09,18,2
Cookiecane,2026-05-11,18,2
Cookiecane,2026-05-12,18,2
Cookiecane,2026-05-14,18,2
Cookiecane,2026-05-17,18,2
Cookiecane,2026-05-19,18,2
Cookiecane,2026-05-21,18,2
Cookiecane,2026-05-23,18,2
Cookiecane,2026-05-24,15,1
Cookiecane,2026-06-21,15,1
Cookiecane,2026-06-22,15,1
Cookiecane,2026-06-23,15,1
Cookiecane,2026-06-24,15,1
Cookiecane,2026-06-25,15,1
Cookiecane,2026-06-26,15,1
Cookiecane,2026-06-27,15,1
Cookiecane,2026-06-28,15,1
Cookiecane,2026-07-02,15,1
Cookiecane,2026-07-03,15,1
Cookiecane,2026-07-05,15,1
Cookiecane,2026-07-06,15,1
Cookiecane,2026-07-12,13,
Cookiecane,2026-07-14,13,1
Cookiecane,2026-07-17,13,1
Cookiecane,2026-07-25,13,1
Cookiecane,2026-07-27,13,1
Cookiecane,2026-07-28,13,1
Cookiecane,2026-07-30,13,1
Cookiecane,2026-07-31,13,1
Cookiecane,2026-08-02,13,1
Cookiecane,2026-08-03,13,1
Cookiecane,2026-08-04,13,1
Cookiecane,2026-08-05,13,1
Cookiecane,2026-08-06,13,1
Cookiecane,2026-08-07,13,1
Cookiecane,2026-08-08,13,1
Cookiecane,2026-08-09,13,1
Cookiecane,2026-08-10,13,1
Cookiecane,2026-08-11,13,1
Cookiecane,2026-08-13,13,1
Cookiecane,2026-08-14,13,1
Cookiecane,2026-08-15,13,1
Cookiecane,2026-08-16,13,1
Cookiecane,2026-08-17,13,1
Cookiecane,2026-08-18,13,1
Cookiecane,2026-08-19,13,1
Cookiecane,2026-08-20,13,1
Cookiecane,2026-08-21,13,1
Cookiecane,2026-08-22,13,1
Cookiecane,2026-08-24,13,1
Cookiecane,2026-09-02,13,1
Cookiecane,2026-09-03,13,1
Cookiecane,2026-09-04,13,1
Cookiecane,2026-09-05,13,1
Cookiecane,2026-09-06,13,1
Cookiecane,2026-09-07,13,1
Cookiecane,2026-09-12,13,1
Cookiecane,2026-09-17,13,1
Cookiecane,2026-09-18,13,1
Cookiecane,2026-09-19,13,1
Cookiecane,2026-09-20,13,1
Darkbringer,2020-08-26,100,
Darkbringer,2020-10-31,120,
Darkbringer,2020-12-14,115,
Darkbringer,2021-01-22,95,
Darkbringer,2021-01-26,90,
Darkbringer,2021-02-22,75,
Darkbringer,2021-05-12,70,
Darkbringer,2021-06-18,65,
Darkbringer,2021-06-28,55,
Darkbringer,2021-07-18,50,
Darkbringer,2021-07-21,45,
Darkbringer,2021-11-22,50,
Darkbringer,2022-07-11,55,
Darkbringer,2022-07-28,60,
Darkbringer,2022-08-04,65,
Darkbringer,2022-08-11,75,
Darkbringer,2022-08-17,85,
Darkbringer,2022-08-27,90,
Darkbringer,2022-08-30,100,
Darkbringer,2022-09-03,105,
Darkbringer,2022-09-11,110,
Darkbringer,2022-09-18,115,
Darkbringer,2022-09-30,110,
Darkbringer,2022-10-03,105,
Darkbringer,2022-10-12,100,
Darkbringer,2022-10-20,95,
Darkbringer,2022-10-22,90,
Darkbringer,2022-10-29,75,
Darkbringer,2022-12-18,80,
Darkbringer,2023-01-06,85,
Darkbringer,2023-03-09,90,
Darkbringer,2023-06-01,85,
Darkbringer,2023-06-07,80,
Darkbringer,2023-06-18,75,
Darkbringer,2023-08-01,80,
Darkbringer,2023-11-26,75,
Darkbringer,2024-01-02,72,
Darkbringer,2024-02-20,70,
Darkbringer,2024-03-29,68,
Darkbringer,2024-03-31,67,
Darkbringer,2024-05-07,65,
Darkbringer,2024-05-20,63,
Darkbringer,2024-05-22,62,
Darkbringer,2024-05-26,58,
Darkbringer,2024-08-22,60,
Darkbringer,2025-02-07,62,
Darkbringer,2025-04-15,60,
Darkbringer,2025-10-26,60,2
Darkbringer,2025-11-25,60,2
Darkbringer,2025-12-04,60,2
Darkbringer,2025-12-08,60,2
Darkbringer,2025-12-14,60,2
Darkbringer,2025-12-21,55,
Darkbringer,2025-12-23,55,2
Darkbringer,2025-12-24,55,2
Darkbringer,2025-12-26,55,2
Darkbringer,2025-12-28,55,2
Darkbringer,2025-12-30,55,2
Darkbringer,2026-01-09,55,2
Darkbringer,2026-01-24,55,2
Darkbringer,2026-02-07,55,2
Darkbringer,2026-02-13,55,2
Darkbringer,2026-02-19,55,2
Darkbringer,2026-03-04,50,
Darkbringer,2026-03-14,45,
Darkbringer,2026-03-17,45,2
Darkbringer,2026-03-21,45,2
Darkbringer,2026-03-25,45,2
Darkbringer,2026-04-13,45,2
Darkbringer,2026-04-19,45,2
Darkbringer,2026-04-20,45,2
Darkbringer,2026-04-22,45,2
Darkbringer,2026-04-24,45,2
Darkbringer,2026-04-27,45,2
Darkbringer,2026-04-28,45,2
Darkbringer,2026-05-02,45,2
Darkbringer,2026-05-03,42,
Darkbringer,2026-05-06,42,2
Darkbringer,2026-05-09,42,2
Darkbringer,2026-05-11,42,2
Darkbringer,2026-05-12,42,2
Darkbringer,2026-05-14,42,2
Darkbringer,2026-05-17,42,2
Darkbringer,2026-05-19,42,2
Darkbringer,2026-05-21,42,2
Darkbringer,2026-05-23,42,2
Darkbringer,2026-05-24,40,1
Darkbringer,2026-06-17,38,
Darkbringer,2026-06-21,38,1
Darkbringer,2026-06-22,38,1
Darkbringer,2026-06-23,38,1
Darkbringer,2026-06-24,38,1
Darkbringer,2026-06-25,38,1
Darkbringer,2026-06-26,38,1
Darkbringer,2026-06-27,38,1
Darkbringer,2026-06-28,38,1
Darkbringer,2026-07-02,38,1
Darkbringer,2026-07-03,38,1
Darkbringer,2026-07-05,38,1
Darkbringer,2026-07-06,38,1
Darkbringer,2026-07-07,35,
Darkbringer,2026-07-12,33,
Darkbringer,2026-07-14,33,1
Darkbringer,2026-07-17,33,1
Darkbringer,2026-07-25,33,1
Darkbringer,2026-07-27,33,1
Darkbringer,2026-07-28,33,1
Darkbringer,2026-07-30,33,1
Darkbringer,2026-07-31,33,1
Darkbringer,2026-08-02,33,1
Darkbringer,2026-08-03,33,1
Darkbringer,2026-08-04,33,1
Darkbringer,2026-08-05,33,1
Darkbringer,2026-08-06,33,1
Darkbringer,2026-08-07,33,1
Darkbringer,2026-08-08,33,1
Darkbringer,2026-08-09,33,1
Darkbringer,2026-08-10,33,1
Darkbringer,2026-08-11,33,1
Darkbringer,2026-08-13,33,1
Darkbringer,2026-08-14,33,1
Darkbringer,2026-08-15,33,1
Darkbringer,2026-08-16,33,1
Darkbringer,2026-08-17,33,1
Darkbringer,2026-08-18,33,1
Darkbringer,2026-08-19,33,1
Darkbringer,2026-08-20,33,1
Darkbringer,2026-08-21,33,1
Darkbringer,2026-08-22,33,1
Darkbringer,2026-08-24,33,1
Darkbringer,2026-09-02,33,1
Darkbringer,2026-09-03,33,1
Darkbringer,2026-09-04,33,1
Darkbringer,2026-09-05,33,1
Darkbringer,2026-09-06,33,1
Darkbringer,2026-09-07,33,1
Darkbringer,2026-09-12,33,1
Darkbringer,2026-09-17,33,1
Darkbringer,2026-09-18,33,1
Darkbringer,2026-09-19,33,1
Darkbringer,2026-09-20,33,1
Darkshot,2023-10-18,700,
Darkshot,2023-10-19,675,
Darkshot,2023-10-21,625,
Darkshot,2023-10-23,600,
Darkshot,2023-10-24,575,
Darkshot,2023-10-26,550,
Darkshot,2023-10-28,500,
Darkshot,2023-11-01,425,
Darkshot,2023-11-05,375,
Darkshot,2023-11-06,350,
Darkshot,2023-11-09,300,
Darkshot,2023-11-13,275,
Darkshot,2023-11-17,255,
Darkshot,2023-11-18,240,
Darkshot,2023-11-22,225,
Darkshot,2023-11-26,220,
Darkshot,2023-11-27,210,
Darkshot,2023-11-29,205,
Darkshot,2023-12-03,200,
Darkshot,2023-12-10,205,
Darkshot,2023-12-14,210,
Darkshot,2023-12-22,205,
Darkshot,2024-01-03,210,
Darkshot,2024-01-08,220,
Darkshot,2024-01-12,225,
Darkshot,2024-01-16,235,
Darkshot,2024-01-19,250,
Darkshot,2024-01-22,260,
Darkshot,2024-01-26,275,
Darkshot,2024-01-29,285,
Darkshot,2024-02-02,300,
Darkshot,2024-02-03,310,
Darkshot,2024-02-07,335,
Darkshot,2024-02-10,350,
Darkshot,2024-02-14,375,
Darkshot,2024-02-17,400,
Darkshot,2024-02-20,450,
Darkshot,2024-02-22,475,
Darkshot,2024-02-26,500,
Darkshot,2024-03-04,510,
Darkshot,2024-03-11,525,
Darkshot,2024-03-14,540,
Darkshot,2024-03-18,530,
Darkshot,2024-03-21,525,
Darkshot,2024-03-25,515,
Darkshot,2024-03-29,500,
Darkshot,2024-04-10,490,
Darkshot,2024-04-16,475,
Darkshot,2024-05-07,465,
Darkshot,2024-05-10,460,
Darkshot,2024-05-15,450,
Darkshot,2024-05-31,440,
Darkshot,2024-06-08,450,
Darkshot,2024-06-14,455,
Darkshot,2024-06-19,465,
Darkshot,2024-06-23,475,
Darkshot,2024-06-26,485,
Darkshot,2024-06-28,490,
Darkshot,2024-07-01,500,
Darkshot,2024-07-06,510,
Darkshot,2024-07-09,515,
Darkshot,2024-07-11,520,
Darkshot,2024-07-14,525,
Darkshot,2024-07-18,530,
Darkshot,2024-07-21,540,
Darkshot,2024-07-27,535,
Darkshot,2024-07-29,525,
Darkshot,2024-07-31,500,
Darkshot,2024-08-02,490,
Darkshot,2024-08-04,475,
Darkshot,2024-08-08,460,
Darkshot,2024-08-11,450,
Darkshot,2024-08-16,445,
Darkshot,2024-08-18,440,
Darkshot,2024-08-22,450,
Darkshot,2024-08-24,460,
Darkshot,2024-08-29,470,
Darkshot,2024-08-31,475,
Darkshot,2024-09-05,480,
Darkshot,2024-09-12,475,
Darkshot,2024-09-18,485,
Darkshot,2024-09-27,490,
Darkshot,2024-09-29,500,
Darkshot,2024-10-06,515,
Darkshot,2024-10-11,525,
Darkshot,2024-10-13,540,
Darkshot,2024-10-23,530,
Darkshot,2024-10-26,520,
Darkshot,2024-10-30,515,
Darkshot,2024-11-02,520,
Darkshot,2024-11-30,515,
Darkshot,2024-12-02,510,
Darkshot,2024-12-06,500,
Darkshot,2024-12-26,495,
Darkshot,2024-12-29,490,
Darkshot,2024-12-31,480,
Darkshot,2025-01-03,475,
Darkshot,2025-01-06,470,
Darkshot,2025-01-15,465,
Darkshot,2025-01-26,460,
Darkshot,2025-02-03,455,
Darkshot,2025-02-07,450,
Darkshot,2025-02-17,445,
Darkshot,2025-02-28,440,
Darkshot,2025-03-04,445,
Darkshot,2025-03-09,455,
Darkshot,2025-03-11,475,
Darkshot,2025-03-15,485,
Darkshot,2025-03-17,490,
Darkshot,2025-03-19,500,
Darkshot,2025-03-26,490,
Darkshot,2025-04-09,485,
Darkshot,2025-04-15,490,
Darkshot,2025-04-27,500,
Darkshot,2025-05-12,505,
Darkshot,2025-05-21,510,
Darkshot,2025-05-28,515,
Darkshot,2025-06-08,525,
Darkshot,2025-06-11,535,
Darkshot,2025-06-13,540,
Darkshot,2025-06-17,550,
Darkshot,2025-06-20,560,
Darkshot,2025-06-24,570,
Darkshot,2025-06-26,580,
Darkshot,2025-06-29,590,
Darkshot,2025-07-11,595,
Darkshot,2025-07-14,600,
Darkshot,2025-07-19,605,
Darkshot,2025-07-21,610,
Darkshot,2025-07-24,615,
Darkshot,2025-07-28,620,
Darkshot,2025-08-26,625,
Darkshot,2025-08-30,630,
Darkshot,2025-09-05,635,
Darkshot,2025-09-09,640,
Darkshot,2025-09-13,650,
Darkshot,2025-09-17,660,
Darkshot,2025-09-18,670,
Darkshot,2025-09-23,680,
Darkshot,2025-09-25,690,
Darkshot,2025-09-28,695,
Darkshot,2025-10-02,700,
Darkshot,2025-10-08,705,
Darkshot,2025-10-10,715,
Darkshot,2025-10-15,725,
Darkshot,2025-10-19,735,
Darkshot,2025-10-21,745,
Darkshot,2025-10-23,755,
Darkshot,2025-10-26,755,5
Darkshot,2025-10-28,765,
Darkshot,2025-11-01,780,
Darkshot,2025-11-04,800,
Darkshot,2025-11-06,810,
Darkshot,2025-11-11,820,
Darkshot,2025-11-13,830,
Darkshot,2025-11-16,840,
Darkshot,2025-11-18,830,
Darkshot,2025-11-25,830,5
Darkshot,2025-11-27,840,
Darkshot,2025-11-30,850,
Darkshot,2025-12-01,860,
Darkshot,2025-12-04,880,
Darkshot,2025-12-08,900,
Darkshot,2025-12-11,920,
Darkshot,2025-12-14,920,6
Darkshot,2025-12-15,940,
Darkshot,2025-12-17,960,
Darkshot,2025-12-18,980,
Darkshot,2025-12-19,990,
Darkshot,2025-12-21,1000,
Darkshot,2025-12-23,1000,6
Darkshot,2025-12-24,1010,
Darkshot,2025-12-26,1010,6
Darkshot,2025-12-27,1000,
Darkshot,2025-12-28,1000,6
Darkshot,2025-12-29,990,
Darkshot,2025-12-30,990,6
Darkshot,2026-01-01,980,
Darkshot,2026-01-04,970,
Darkshot,2026-01-06,960,
Darkshot,2026-01-09,960,5
Darkshot,2026-01-11,970,
Darkshot,2026-01-14,980,
Darkshot,2026-01-16,990,
Darkshot,2026-01-18,1010,
Darkshot,2026-01-20,1020,
Darkshot,2026-01-22,1030,
Darkshot,2026-01-24,1040,
Darkshot,2026-01-27,1050,
Darkshot,2026-01-28,1060,
Darkshot,2026-02-07,1060,5
Darkshot,2026-02-13,1060,5
Darkshot,2026-02-19,1060,5
Darkshot,2026-03-09,1070,
Darkshot,2026-03-11,1080,
Darkshot,2026-03-14,1095,
Darkshot,2026-03-16,1110,
Darkshot,2026-03-17,1110,6
Darkshot,2026-03-19,1120,
Darkshot,2026-03-21,1130,6
Darkshot,2026-03-24,1140,
Darkshot,2026-03-25,1140,6
Darkshot,2026-03-26,1160,
Darkshot,2026-03-30,1180,
Darkshot,2026-03-31,1190,
Darkshot,2026-04-04,1200,
Darkshot,2026-04-13,1200,5
Darkshot,2026-04-19,1200,5
Darkshot,2026-04-20,1200,5
Darkshot,2026-04-22,1200,5
Darkshot,2026-04-24,1200,5
Darkshot,2026-04-27,1200,5
Darkshot,2026-04-28,1200,5
Darkshot,2026-05-01,1220,
Darkshot,2026-05-02,1220,5
Darkshot,2026-05-03,1230,
Darkshot,2026-05-06,1240,
Darkshot,2026-05-08,1250,
Darkshot,2026-05-09,1250,6
Darkshot,2026-05-11,1270,
Darkshot,2026-05-12,1270,6
Darkshot,2026-05-14,1300,
Darkshot,2026-05-17,1330,
Darkshot,2026-05-18,1360,
Darkshot,2026-05-19,1360,6
Darkshot,2026-05-21,1390,
Darkshot,2026-05-23,1390,6
Darkshot,2026-05-24,1410,6
Darkshot,2026-05-25,1430,
Darkshot,2026-05-27,1450,
Darkshot,2026-05-30,1470,
Darkshot,2026-06-03,1480,
Darkshot,2026-06-06,1500,
Darkshot,2026-06-21,1500,6
Darkshot,2026-06-22,1500,6
Darkshot,2026-06-23,1500,6
Darkshot,2026-06-24,1500,6
Darkshot,2026-06-25,1500,6
Darkshot,2026-06-26,1500,6
Darkshot,2026-06-27,1500,6
Darkshot,2026-06-28,1500,6
Darkshot,2026-06-29,1510,
Darkshot,2026-07-02,1510,6
Darkshot,2026-07-03,1525,
Darkshot,2026-07-05,1550,
Darkshot,2026-07-06,1550,6
Darkshot,2026-07-07,1575,
Darkshot,2026-07-09,1600,
Darkshot,2026-07-12,1615,
Darkshot,2026-07-13,1625,
Darkshot,2026-07-14,1625,6
Darkshot,2026-07-17,1625,6
Darkshot,2026-07-29,1650,
Darkshot,2026-07-31,1675,
Darkshot,2026-08-03,1700,
Darkshot,2026-08-06,1725,
Darkshot,2026-08-10,1750,
Darkshot,2026-08-12,1775,
Darkshot,2026-08-15,1800,
Darkshot,2026-09-07,1800,6
Darkshot,2026-09-17,1800,6
Darkshot,2026-09-18,1800,6
Darkshot,2026-09-19,1800,6
Darkshot,2026-09-20,1800,6
Darksword,2023-10-18,700,
Darksword,2023-10-19,675,
Darksword,2023-10-21,625,
Darksword,2023-10-23,600,
Darksword,2023-10-24,575,
Darksword,2023-10-26,550,
Darksword,2023-10-28,500,
Darksword,2023-11-01,425,
Darksword,2023-11-05,375,
Darksword,2023-11-06,350,
Darksword,2023-11-09,300,
Darksword,2023-11-13,275,
Darksword,2023-11-17,255,
Darksword,2023-11-18,240,
Darksword,2023-11-22,225,
Darksword,2023-11-26,220,
Darksword,2023-11-27,210,
Darksword,2023-11-29,205,
Darksword,2023-12-03,200,
Darksword,2023-12-10,205,
Darksword,2023-12-14,210,
Darksword,2023-12-22,205,
Darksword,2024-01-03,210,
Darksword,2024-01-08,220,
Darksword,2024-01-12,225,
Darksword,2024-01-16,235,
Darksword,2024-01-19,250,
Darksword,2024-01-22,260,
Darksword,2024-01-26,275,
Darksword,2024-01-29,285,
Darksword,2024-02-02,300,
Darksword,2024-02-03,310,
Darksword,2024-02-07,335,
Darksword,2024-02-10,350,
Darksword,2024-02-14,375,
Darksword,2024-02-17,400,
Darksword,2024-02-20,450,
Darksword,2024-02-22,475,
Darksword,2024-02-26,500,
Darksword,2024-03-04,510,
Darksword,2024-03-11,525,
Darksword,2024-03-14,535,
Darksword,2024-03-18,525,
Darksword,2024-03-21,520,
Darksword,2024-03-25,510,
Darksword,2024-03-29,495,
Darksword,2024-04-10,485,
Darksword,2024-04-16,470,
Darksword,2024-05-07,460,
Darksword,2024-05-10,455,
Darksword,2024-05-15,445,
Darksword,2024-05-31,435,
Darksword,2024-06-08,445,
Darksword,2024-06-14,450,
Darksword,2024-06-19,460,
Darksword,2024-06-23,470,
Darksword,2024-06-26,480,
Darksword,2024-06-28,485,
Darksword,2024-07-01,495,
Darksword,2024-07-06,505,
Darksword,2024-07-09,510,
Darksword,2024-07-11,515,
Darksword,2024-07-14,520,
Darksword,2024-07-18,525,
Darksword,2024-07-21,535,
Darksword,2024-07-27,530,
Darksword,2024-07-29,520,
Darksword,2024-07-31,495,
Darksword,2024-08-02,485,
Darksword,2024-08-04,470,
Darksword,2024-08-08,455,
Darksword,2024-08-11,445,
Darksword,2024-08-16,440,
Darksword,2024-08-18,435,
Darksword,2024-08-22,445,
Darksword,2024-08-24,455,
Darksword,2024-08-29,465,
Darksword,2024-08-31,470,
Darksword,2024-09-05,475,
Darksword,2024-09-12,470,
Darksword,2024-09-18,480,
Darksword,2024-09-27,485,
Darksword,2024-09-29,495,
Darksword,2024-10-06,510,
Darksword,2024-10-11,520,
Darksword,2024-10-13,535,
Darksword,2024-10-23,525,
Darksword,2024-10-26,515,
Darksword,2024-10-30,510,
Darksword,2024-11-02,515,
Darksword,2024-11-30,510,
Darksword,2024-12-02,505,
Darksword,2024-12-06,495,
Darksword,2024-12-26,490,
Darksword,2024-12-29,485,
Darksword,2024-12-31,475,
Darksword,2025-01-03,470,
Darksword,2025-01-06,465,
Darksword,2025-01-15,460,
Darksword,2025-01-26,455,
Darksword,2025-02-03,450,
Darksword,2025-02-07,445,
Darksword,2025-02-17,440,
Darksword,2025-02-28,435,
Darksword,2025-03-04,440,
Darksword,2025-03-09,450,
Darksword,2025-03-11,470,
Darksword,2025-03-15,480,
Darksword,2025-03-17,485,
Darksword,2025-03-19,495,
Darksword,2025-03-26,485,
Darksword,2025-04-09,480,
Darksword,2025-04-15,485,
Darksword,2025-04-27,495,
Darksword,2025-05-12,500,
Darksword,2025-05-21,505,
Darksword,2025-05-28,510,
Darksword,2025-06-08,520,
Darksword,2025-06-11,530,
Darksword,2025-06-13,535,
Darksword,2025-06-17,545,
Darksword,2025-06-20,555,
Darksword,2025-06-24,565,
Darksword,2025-06-26,575,
Darksword,2025-06-29,585,
Darksword,2025-07-11,590,
Darksword,2025-07-14,595,
Darksword,2025-07-19,600,
Darksword,2025-07-21,605,
Darksword,2025-07-24,610,
Darksword,2025-07-28,615,
Darksword,2025-08-26,620,
Darksword,2025-08-30,625,
Darksword,2025-09-05,630,
Darksword,2025-09-09,635,
Darksword,2025-09-13,645,
Darksword,2025-09-17,650,
Darksword,2025-09-18,660,
Darksword,2025-09-23,670,
Darksword,2025-09-25,680,
Darksword,2025-09-28,685,
Darksword,2025-10-02,690,
Darksword,2025-10-08,695,
Darksword,2025-10-10,705,
Darksword,2025-10-15,715,
Darksword,2025-10-19,725,
Darksword,2025-10-21,735,
Darksword,2025-10-23,745,
Darksword,2025-10-26,745,5
Darksword,2025-10-28,755,
Darksword,2025-11-01,770,
Darksword,2025-11-04,780,
Darksword,2025-11-06,790,
Darksword,2025-11-11,800,
Darksword,2025-11-13,810,
Darksword,2025-11-16,820,
Darksword,2025-11-18,810,
Darksword,2025-11-25,810,5
Darksword,2025-11-27,820,
Darksword,2025-11-30,830,
Darksword,2025-12-01,840,
Darksword,2025-12-04,860,
Darksword,2025-12-08,880,
Darksword,2025-12-11,900,
Darksword,2025-12-14,900,6
Darksword,2025-12-15,920,
Darksword,2025-12-17,940,
Darksword,2025-12-18,960,
Darksword,2025-12-19,970,
Darksword,2025-12-21,980,
Darksword,2025-12-23,980,6
Darksword,2025-12-24,990,
Darksword,2025-12-26,990,6
Darksword,2025-12-27,980,
Darksword,2025-12-28,980,6
Darksword,2025-12-29,970,
Darksword,2025-12-30,970,6
Darksword,2026-01-01,960,
Darksword,2026-01-04,950,
Darksword,2026-01-06,940,
Darksword,2026-01-09,940,5
Darksword,2026-01-11,950,
Darksword,2026-01-14,960,
Darksword,2026-01-16,970,
Darksword,2026-01-18,990,
Darksword,2026-01-20,1000,
Darksword,2026-01-22,1010,
Darksword,2026-01-24,1020,
Darksword,2026-01-27,1030,
Darksword,2026-01-28,1040,
Darksword,2026-02-07,1040,5
Darksword,2026-02-13,1040,5
Darksword,2026-02-19,1040,5
Darksword,2026-03-09,1050,
Darksword,2026-03-11,1060,
Darksword,2026-03-14,1075,
Darksword,2026-03-16,1090,
Darksword,2026-03-17,1090,6
Darksword,2026-03-19,1100,
Darksword,2026-03-21,1110,6
Darksword,2026-03-24,1120,
Darksword,2026-03-25,1120,6
Darksword,2026-03-26,1140,
Darksword,2026-03-30,1160,
Darksword,2026-03-31,1170,
Darksword,2026-04-04,1180,
Darksword,2026-04-13,1180,5
Darksword,2026-04-19,1180,5
Darksword,2026-04-20,1180,5
Darksword,2026-04-22,1180,5
Darksword,2026-04-24,1180,5
Darksword,2026-04-27,1180,5
Darksword,2026-04-28,1180,5
Darksword,2026-05-01,1200,
Darksword,2026-05-02,1200,5
Darksword,2026-05-03,1210,
Darksword,2026-05-06,1220,
Darksword,2026-05-08,1230,
Darksword,2026-05-09,1230,6
Darksword,2026-05-11,1250,
Darksword,2026-05-12,1250,6
Darksword,2026-05-14,1280,
Darksword,2026-05-17,1310,
Darksword,2026-05-18,1340,
Darksword,2026-05-19,1340,6
Darksword,2026-05-21,1370,
Darksword,2026-05-23,1370,6
Darksword,2026-05-24,1390,6
Darksword,2026-05-25,1410,
Darksword,2026-05-27,1430,
Darksword,2026-05-30,1450,
Darksword,2026-06-03,1460,
Darksword,2026-06-06,1480,
Darksword,2026-06-21,1480,6
Darksword,2026-06-22,1480,6
Darksword,2026-06-23,1480,6
Darksword,2026-06-24,1480,6
Darksword,2026-06-25,1480,6
Darksword,2026-06-26,1480,6
Darksword,2026-06-27,1480,6
Darksword,2026-06-28,1480,6
Darksword,2026-06-29,1490,
Darksword,2026-07-02,1490,6
Darksword,2026-07-03,1500,
Darksword,2026-07-05,1525,
Darksword,2026-07-06,1525,6
Darksword,2026-07-07,1550,
Darksword,2026-07-09,1575,
Darksword,2026-07-12,1590,
Darksword,2026-07-13,1600,
Darksword,2026-07-14,1600,6
Darksword,2026-07-17,1600,6
Darksword,2026-07-29,1625,
Darksword,2026-07-31,1650,
Darksword,2026-08-03,1675,
Darksword,2026-08-06,1700,
Darksword,2026-08-10,1725,
Darksword,2026-08-12,1750,
Darksword,2026-08-15,1775,
Darksword,2026-09-07,1775,6
Darksword,2026-09-17,1775,6
Darksword,2026-09-18,1775,6
Darksword,2026-09-19,1775,6
Darksword,2026-09-20,1775,6
Deathshard,2020-08-26,30,
Deathshard,2021-01-22,28,
Deathshard,2021-10-02,33,
Deathshard,2021-11-22,30,
Deathshard,2022-02-16,28,
Deathshard,2022-09-18,30,
Deathshard,2022-12-08,28,
Deathshard,2023-06-01,25,
Deathshard,2023-08-20,27,
Deathshard,2023-11-01,25,
Deathshard,2024-03-29,23,
Deathshard,2024-04-24,22,
Deathshard,2025-01-15,20,
Deathshard,2025-09-17,18,
Deathshard,2025-10-26,18,1
Deathshard,2025-11-25,18,1
Deathshard,2025-12-04,18,1
Deathshard,2025-12-08,18,1
Deathshard,2025-12-14,18,1
Deathshard,2025-12-21,18,1
Deathshard,2025-12-23,18,1
Deathshard,2025-12-24,18,1
Deathshard,2025-12-26,18,1
Deathshard,2025-12-28,18,1
Deathshard,2025-12-30,18,1
Deathshard,2026-01-09,18,1
Deathshard,2026-01-11,15,
Deathshard,2026-01-24,15,1
Deathshard,2026-02-07,15,1
Deathshard,2026-02-13,15,1
Deathshard,2026-02-19,15,1
Deathshard,2026-03-17,15,1
Deathshard,2026-03-21,15,1
Deathshard,2026-03-25,15,1
Deathshard,2026-04-13,15,1
Deathshard,2026-04-19,15,1
Deathshard,2026-04-20,15,1
Deathshard,2026-04-22,15,1
Deathshard,2026-04-24,15,1
Deathshard,2026-04-27,15,1
Deathshard,2026-04-28,15,1
Deathshard,2026-05-02,15,1
Deathshard,2026-05-03,15,1
Deathshard,2026-05-06,15,1
Deathshard,2026-05-09,15,1
Deathshard,2026-05-11,15,1
Deathshard,2026-05-12,15,1
Deathshard,2026-05-14,15,1
Deathshard,2026-05-17,15,1
Deathshard,2026-05-19,15,1
Deathshard,2026-05-21,15,1
Deathshard,2026-05-23,15,1
Deathshard,2026-05-24,13,1
Deathshard,2026-06-21,13,1
Deathshard,2026-06-22,13,1
Deathshard,2026-06-23,13,1
Deathshard,2026-06-24,13,1
Deathshard,2026-06-25,13,1
Deathshard,2026-06-26,13,1
Deathshard,2026-06-27,13,1
Deathshard,2026-06-28,13,1
Deathshard,2026-07-02,13,1
Deathshard,2026-07-03,13,1
Deathshard,2026-07-05,13,1
Deathshard,2026-07-06,13,1
Deathshard,2026-07-12,13,1
Deathshard,2026-07-14,13,1
Deathshard,2026-07-17,13,1
Deathshard,2026-07-25,13,1
Deathshard,2026-07-27,13,1
Deathshard,2026-07-28,13,1
Deathshard,2026-07-30,13,1
Deathshard,2026-07-31,13,1
Deathshard,2026-08-02,13,1
Deathshard,2026-08-03,13,1
Deathshard,2026-08-04,13,1
Deathshard,2026-08-05,13,1
Deathshard,2026-08-06,13,1
Deathshard,2026-08-07,13,1
Deathshard,2026-08-08,13,1
Deathshard,2026-08-09,13,1
Deathshard,2026-08-10,13,1
Deathshard,2026-08-11,13,1
Deathshard,2026-08-13,13,1
Deathshard,2026-08-14,13,1
Deathshard,2026-08-15,13,1
Deathshard,2026-08-16,13,1
Deathshard,2026-08-17,13,1
Deathshard,2026-08-18,13,1
Deathshard,2026-08-19,13,1
Deathshard,2026-08-20,13,1
Deathshard,2026-08-21,13,1
Deathshard,2026-08-22,13,1
Deathshard,2026-08-24,13,1
Deathshard,2026-09-02,13,1
Deathshard,2026-09-03,13,1
Deathshard,2026-09-04,13,1
Deathshard,2026-09-05,13,1
Deathshard,2026-09-06,13,1
Deathshard,2026-09-07,13,1
Deathshard,2026-09-12,13,1
Deathshard,2026-09-17,13,1
Deathshard,2026-09-18,13,1
Deathshard,2026-09-19,13,1
Deathshard,2026-09-20,13,1
Eggblade,2021-04-08,25,
Eggblade,2021-04-26,18,
Eggblade,2021-05-07,15,
Eggblade,2021-06-28,13,
Eggblade,2021-07-18,10,
Eggblade,2021-08-17,8,
Eggblade,2021-11-22,7,
Eggblade,2022-08-11,6,
Eggblade,2022-08-27,3,
Eggblade,2023-02-19,4,
Eggblade,2023-06-07,3,
Eggblade,2023-08-12,4,
Eggblade,2023-11-01,3,
Eggblade,2024-10-16,4,
Eggblade,2024-10-18,5,
Eggblade,2024-10-20,6,
Eggblade,2024-11-13,7,
Eggblade,2024-11-15,8,
Eggblade,2025-01-18,7,
Eggblade,2025-09-17,5,
Eggblade,2025-10-26,5,1
Eggblade,2025-11-25,5,1
Eggblade,2025-12-04,5,1
Eggblade,2025-12-08,5,1
Eggblade,2025-12-14,5,1
Eggblade,2025-12-21,5,1
Eggblade,2025-12-23,5,1
Eggblade,2025-12-24,5,1
Eggblade,2025-12-26,5,1
Eggblade,2025-12-28,5,1
Eggblade,2025-12-30,5,1
Eggblade,2026-01-09,5,1
Eggblade,2026-01-24,5,1
Eggblade,2026-02-07,5,1
Eggblade,2026-02-13,5,1
Eggblade,2026-02-19,5,1
Eggblade,2026-03-17,5,1
Eggblade,2026-03-21,5,1
Eggblade,2026-03-25,5,1
Eggblade,2026-04-13,5,1
Eggblade,2026-04-19,5,1
Eggblade,2026-04-20,5,1
Eggblade,2026-04-22,5,1
Eggblade,2026-04-24,5,1
Eggblade,2026-04-27,5,1
Eggblade,2026-04-28,5,1
Eggblade,2026-05-02,5,1
Eggblade,2026-05-03,5,1
Eggblade,2026-05-06,5,1
Eggblade,2026-05-09,5,1
Eggblade,2026-05-11,5,1
Eggblade,2026-05-12,5,1
Eggblade,2026-05-14,5,1
Eggblade,2026-05-17,5,1
Eggblade,2026-05-19,5,1
Eggblade,2026-05-21,5,1
Eggblade,2026-05-23,5,1
Eggblade,2026-05-24,5,1
Eggblade,2026-06-21,5,1
Eggblade,2026-06-22,5,1
Eggblade,2026-06-23,5,1
Eggblade,2026-06-24,5,1
Eggblade,2026-06-25,5,1
Eggblade,2026-06-26,5,1
Eggblade,2026-06-27,5,1
Eggblade,2026-06-28,5,1
Eggblade,2026-07-02,5,1
Eggblade,2026-07-03,5,1
Eggblade,2026-07-05,5,1
Eggblade,2026-07-06,5,1
Eggblade,2026-07-12,5,1
Eggblade,2026-07-14,5,1
Eggblade,2026-07-17,5,1
Eggblade,2026-07-25,5,1
Eggblade,2026-07-27,5,1
Eggblade,2026-07-28,5,1
Eggblade,2026-07-30,5,1
Eggblade,2026-07-31,5,1
Eggblade,2026-08-02,5,1
Eggblade,2026-08-03,5,1
Eggblade,2026-08-04,5,1
Eggblade,2026-08-05,5,1
Eggblade,2026-08-06,5,1
Eggblade,2026-08-07,5,1
Eggblade,2026-08-08,5,1
Eggblade,2026-08-09,5,1
Eggblade,2026-08-10,5,1
Eggblade,2026-08-11,5,1
Eggblade,2026-08-13,5,1
Eggblade,2026-08-14,5,1
Eggblade,2026-08-15,5,1
Eggblade,2026-08-16,5,1
Eggblade,2026-08-17,5,1
Eggblade,2026-08-18,5,1
Eggblade,2026-08-19,5,1
Eggblade,2026-08-20,5,1
Eggblade,2026-08-21,5,1
Eggblade,2026-08-22,5,1
Eggblade,2026-08-24,5,1
Eggblade,2026-09-02,5,1
Eggblade,2026-09-03,5,1
Eggblade,2026-09-04,5,1
Eggblade,2026-09-05,5,1
Eggblade,2026-09-06,5,1
Eggblade,2026-09-07,5,1
Eggblade,2026-09-12,5,1
Eggblade,2026-09-17,5,1
Eggblade,2026-09-18,5,1
Eggblade,2026-09-19,5,1
Eggblade,2026-09-20,5,1
Elderwood Blade,2022-10-18,5000,
Elderwood Blade,2022-10-22,4900,
Elderwood Blade,2022-10-29,4600,
Elderwood Blade,2022-10-30,4500,
Elderwood Blade,2022-11-06,4000,
Elderwood Blade,2022-11-12,3750,
Elderwood Blade,2022-11-14,3500,
Elderwood Blade,2022-11-21,2800,
Elderwood Blade,2022-11-26,2500,
Elderwood Blade,2022-11-29,2200,
Elderwood Blade,2022-12-02,1800,
Elderwood Blade,2022-12-04,1500,
Elderwood Blade,2022-12-07,1300,
Elderwood Blade,2022-12-08,1200,
Elderwood Blade,2022-12-12,1250,
Elderwood Blade,2023-01-01,1300,
Elderwood Blade,2023-02-27,1350,
Elderwood Blade,2023-03-06,1400,
Elderwood Blade,2023-03-24,1450,
Elderwood Blade,2023-03-30,1500,
Elderwood Blade,2023-04-05,1600,
Elderwood Blade,2023-04-18,1750,
Elderwood Blade,2023-04-27,1700,
Elderwood Blade,2023-04-30,1600,
Elderwood Blade,2023-05-08,1550,
Elderwood Blade,2023-05-10,1500,
Elderwood Blade,2023-05-13,1450,
Elderwood Blade,2023-05-16,1400,
Elderwood Blade,2023-05-27,1350,
Elderwood Blade,2023-06-02,1300,
Elderwood Blade,2023-06-18,1350,
Elderwood Blade,2023-06-30,1400,
Elderwood Blade,2023-07-06,1450,
Elderwood Blade,2023-07-11,1500,
Elderwood Blade,2023-07-15,1550,
Elderwood Blade,2023-07-19,1600,
Elderwood Blade,2023-07-23,1650,
Elderwood Blade,2023-07-24,1700,
Elderwood Blade,2023-07-27,1750,
Elderwood Blade,2023-08-02,1775,
Elderwood Blade,2023-08-07,1750,
Elderwood Blade,2023-08-12,1725,
Elderwood Blade,2023-08-13,1675,
Elderwood Blade,2023-08-24,1625,
Elderwood Blade,2023-08-28,1600,
Elderwood Blade,2023-08-29,1575,
Elderwood Blade,2023-09-01,1600,
Elderwood Blade,2023-09-05,1675,
Elderwood Blade,2023-09-09,1625,
Elderwood Blade,2023-09-11,1600,
Elderwood Blade,2023-09-16,1575,
Elderwood Blade,2023-09-18,1550,
Elderwood Blade,2023-09-20,1500,
Elderwood Blade,2023-09-21,1450,
Elderwood Blade,2023-09-28,1400,
Elderwood Blade,2023-10-01,1350,
Elderwood Blade,2023-10-05,1300,
Elderwood Blade,2023-10-07,1250,
Elderwood Blade,2023-10-08,1200,
Elderwood Blade,2023-10-11,1150,
Elderwood Blade,2023-10-15,1050,
Elderwood Blade,2023-10-21,1025,
Elderwood Blade,2023-10-23,1000,
Elderwood Blade,2023-10-28,975,
Elderwood Blade,2023-11-01,950,
Elderwood Blade,2023-11-06,925,
Elderwood Blade,2023-11-09,900,
Elderwood Blade,2023-11-22,875,
Elderwood Blade,2023-12-03,850,
Elderwood Blade,2023-12-22,800,
Elderwood Blade,2024-01-02,775,
Elderwood Blade,2024-01-12,750,
Elderwood Blade,2024-01-26,700,
Elderwood Blade,2024-02-02,650,
Elderwood Blade,2024-02-14,600,
Elderwood Blade,2024-02-20,575,
Elderwood Blade,2024-02-22,525,
Elderwood Blade,2024-02-26,500,
Elderwood Blade,2024-03-04,475,
Elderwood Blade,2024-03-11,450,
Elderwood Blade,2024-03-18,400,
Elderwood Blade,2024-03-29,350,
Elderwood Blade,2024-03-31,325,
Elderwood Blade,2024-04-03,300,
Elderwood Blade,2024-04-10,275,
Elderwood Blade,2024-04-15,225,
Elderwood Blade,2024-04-16,200,
Elderwood Blade,2024-05-10,190,
Elderwood Blade,2024-05-15,175,
Elderwood Blade,2024-05-20,160,
Elderwood Blade,2024-05-22,150,
Elderwood Blade,2024-05-26,135,
Elderwood Blade,2024-05-29,130,
Elderwood Blade,2024-05-31,125,
Elderwood Blade,2024-06-03,120,
Elderwood Blade,2024-06-26,115,
Elderwood Blade,2024-07-01,110,
Elderwood Blade,2024-07-25,115,
Elderwood Blade,2024-07-29,120,
Elderwood Blade,2024-08-08,125,
Elderwood Blade,2024-10-30,120,
Elderwood Blade,2024-12-29,115,
Elderwood Blade,2025-01-10,110,
Elderwood Blade,2025-01-18,105,
Elderwood Blade,2025-01-24,100,
Elderwood Blade,2025-02-03,95,
Elderwood Blade,2025-02-07,90,
Elderwood Blade,2025-02-12,85,
Elderwood Blade,2025-02-14,80,
Elderwood Blade,2025-02-17,75,
Elderwood Blade,2025-03-04,72,
Elderwood Blade,2025-03-09,70,
Elderwood Blade,2025-03-11,68,
Elderwood Blade,2025-03-15,67,
Elderwood Blade,2025-03-29,65,
Elderwood Blade,2025-09-17,60,
Elderwood Blade,2025-10-26,60,2
Elderwood Blade,2025-11-25,60,2
Elderwood Blade,2025-12-04,60,2
Elderwood Blade,2025-12-08,60,2
Elderwood Blade,2025-12-14,60,2
Elderwood Blade,2025-12-21,55,
Elderwood Blade,2025-12-23,55,2
Elderwood Blade,2025-12-24,55,2
Elderwood Blade,2025-12-26,55,2
Elderwood Blade,2025-12-28,55,2
Elderwood Blade,2025-12-30,55,2
Elderwood Blade,2026-01-09,55,2
Elderwood Blade,2026-01-24,55,2
Elderwood Blade,2026-02-07,55,2
Elderwood Blade,2026-02-13,55,2
Elderwood Blade,2026-02-19,55,2
Elderwood Blade,2026-03-04,50,
Elderwood Blade,2026-03-14,45,
Elderwood Blade,2026-03-17,45,2
Elderwood Blade,2026-03-21,45,2
Elderwood Blade,2026-03-25,45,2
Elderwood Blade,2026-04-13,45,2
Elderwood Blade,2026-04-19,45,2
Elderwood Blade,2026-04-20,45,2
Elderwood Blade,2026-04-22,45,2
Elderwood Blade,2026-04-24,45,2
Elderwood Blade,2026-04-27,45,2
Elderwood Blade,2026-04-28,45,2
Elderwood Blade,2026-05-02,45,2
Elderwood Blade,2026-05-03,45,2
Elderwood Blade,2026-05-06,45,2
Elderwood Blade,2026-05-09,45,2
Elderwood Blade,2026-05-11,45,2
Elderwood Blade,2026-05-12,45,2
Elderwood Blade,2026-05-14,45,2
Elderwood Blade,2026-05-17,42,
Elderwood Blade,2026-05-19,42,2
Elderwood Blade,2026-05-21,42,2
Elderwood Blade,2026-05-23,42,2
Elderwood Blade,2026-05-24,40,1
Elderwood Blade,2026-06-17,38,
Elderwood Blade,2026-06-21,38,1
Elderwood Blade,2026-06-22,38,1
Elderwood Blade,2026-06-23,38,1
Elderwood Blade,2026-06-24,38,1
Elderwood Blade,2026-06-25,38,1
Elderwood Blade,2026-06-26,38,1
Elderwood Blade,2026-06-27,38,1
Elderwood Blade,2026-06-28,38,1
Elderwood Blade,2026-07-02,38,1
Elderwood Blade,2026-07-03,38,1
Elderwood Blade,2026-07-05,38,1
Elderwood Blade,2026-07-06,38,1
Elderwood Blade,2026-07-07,35,
Elderwood Blade,2026-07-12,33,
Elderwood Blade,2026-07-14,33,1
Elderwood Blade,2026-07-17,33,1
Elderwood Blade,2026-07-25,33,1
Elderwood Blade,2026-07-27,33,1
Elderwood Blade,2026-07-28,33,1
Elderwood Blade,2026-07-30,33,1
Elderwood Blade,2026-07-31,33,1
Elderwood Blade,2026-08-02,33,1
Elderwood Blade,2026-08-03,33,1
Elderwood Blade,2026-08-04,33,1
Elderwood Blade,2026-08-05,33,1
Elderwood Blade,2026-08-06,33,1
Elderwood Blade,2026-08-07,33,1
Elderwood Blade,2026-08-08,33,1
Elderwood Blade,2026-08-09,33,1
Elderwood Blade,2026-08-10,33,1
Elderwood Blade,2026-08-11,33,1
Elderwood Blade,2026-08-13,33,1
Elderwood Blade,2026-08-14,33,1
Elderwood Blade,2026-08-15,33,1
Elderwood Blade,2026-08-16,33,1
Elderwood Blade,2026-08-17,33,1
Elderwood Blade,2026-08-18,33,1
Elderwood Blade,2026-08-19,33,1
Elderwood Blade,2026-08-20,33,1
Elderwood Blade,2026-08-21,33,1
Elderwood Blade,2026-08-22,33,1
Elderwood Blade,2026-08-24,33,1
Elderwood Blade,2026-09-02,33,1
Elderwood Blade,2026-09-03,33,1
Elderwood Blade,2026-09-04,33,1
Elderwood Blade,2026-09-05,33,1
Elderwood Blade,2026-09-06,33,1
Elderwood Blade,2026-09-07,33,1
Elderwood Blade,2026-09-12,33,1
Elderwood Blade,2026-09-17,33,1
Elderwood Blade,2026-09-18,33,1
Elderwood Blade,2026-09-19,33,1
Elderwood Blade,2026-09-20,33,1
Elderwood Revolver,2020-08-26,160,
Elderwood Revolver,2020-10-31,200,
Elderwood Revolver,2020-11-17,205,
Elderwood Revolver,2020-11-26,215,
Elderwood Revolver,2020-12-14,220,
Elderwood Revolver,2021-01-22,215,
Elderwood Revolver,2021-03-23,210,
Elderwood Revolver,2021-04-08,195,
Elderwood Revolver,2021-04-26,180,
Elderwood Revolver,2021-05-07,170,
Elderwood Revolver,2021-05-12,160,
Elderwood Revolver,2021-06-13,155,
Elderwood Revolver,2021-06-18,140,
Elderwood Revolver,2021-06-28,125,
Elderwood Revolver,2021-07-18,130,
Elderwood Revolver,2021-07-21,135,
Elderwood Revolver,2021-07-27,140,
Elderwood Revolver,2021-08-17,150,
Elderwood Revolver,2021-09-05,130,
Elderwood Revolver,2021-09-09,110,
Elderwood Revolver,2021-10-25,115,
Elderwood Revolver,2021-11-22,125,
Elderwood Revolver,2021-11-28,135,
Elderwood Revolver,2021-12-13,145,
Elderwood Revolver,2022-01-08,135,
Elderwood Revolver,2022-01-16,130,
Elderwood Revolver,2022-02-03,115,
Elderwood Revolver,2022-02-16,105,
Elderwood Revolver,2022-03-07,95,
Elderwood Revolver,2022-03-14,80,
Elderwood Revolver,2022-04-06,75,
Elderwood Revolver,2022-05-19,85,
Elderwood Revolver,2022-06-06,90,
Elderwood Revolver,2022-06-18,95,
Elderwood Revolver,2022-06-20,100,
Elderwood Revolver,2022-07-06,110,
Elderwood Revolver,2022-07-11,120,
Elderwood Revolver,2022-07-28,125,
Elderwood Revolver,2022-08-04,130,
Elderwood Revolver,2022-08-11,140,
Elderwood Revolver,2022-08-17,150,
Elderwood Revolver,2022-08-27,155,
Elderwood Revolver,2022-08-30,165,
Elderwood Revolver,2022-09-11,170,
Elderwood Revolver,2022-09-30,160,
Elderwood Revolver,2022-10-09,150,
Elderwood Revolver,2022-10-12,140,
Elderwood Revolver,2022-10-18,130,
Elderwood Revolver,2022-10-20,120,
Elderwood Revolver,2022-10-22,110,
Elderwood Revolver,2022-11-29,115,
Elderwood Revolver,2022-12-02,120,
Elderwood Revolver,2022-12-04,125,
Elderwood Revolver,2022-12-12,130,
Elderwood Revolver,2023-01-14,125,
Elderwood Revolver,2023-04-21,120,
Elderwood Revolver,2023-06-01,110,
Elderwood Revolver,2023-06-02,100,
Elderwood Revolver,2023-06-07,95,
Elderwood Revolver,2023-06-12,90,
Elderwood Revolver,2023-06-13,85,
Elderwood Revolver,2023-06-18,80,
Elderwood Revolver,2023-06-21,75,
Elderwood Revolver,2023-09-08,80,
Elderwood Revolver,2023-11-09,75,
Elderwood Revolver,2023-11-26,70,
Elderwood Revolver,2024-02-20,68,
Elderwood Revolver,2024-03-29,65,
Elderwood Revolver,2024-05-07,62,
Elderwood Revolver,2024-05-22,60,
Elderwood Revolver,2024-05-26,57,
Elderwood Revolver,2024-08-22,58,
Elderwood Revolver,2024-08-26,60,
Elderwood Revolver,2025-10-26,60,2
Elderwood Revolver,2025-11-25,60,2
Elderwood Revolver,2025-12-04,60,2
Elderwood Revolver,2025-12-08,60,2
Elderwood Revolver,2025-12-14,60,2
Elderwood Revolver,2025-12-21,55,
Elderwood Revolver,2025-12-23,55,2
Elderwood Revolver,2025-12-24,55,2
Elderwood Revolver,2025-12-26,55,2
Elderwood Revolver,2025-12-28,55,2
Elderwood Revolver,2025-12-30,55,2
Elderwood Revolver,2026-01-09,55,2
Elderwood Revolver,2026-01-24,55,2
Elderwood Revolver,2026-02-07,55,2
Elderwood Revolver,2026-02-13,55,2
Elderwood Revolver,2026-02-19,55,2
Elderwood Revolver,2026-03-04,50,
Elderwood Revolver,2026-03-14,45,
Elderwood Revolver,2026-03-17,45,2
Elderwood Revolver,2026-03-21,45,2
Elderwood Revolver,2026-03-25,45,2
Elderwood Revolver,2026-04-13,45,2
Elderwood Revolver,2026-04-19,45,2
Elderwood Revolver,2026-04-20,45,2
Elderwood Revolver,2026-04-22,45,2
Elderwood Revolver,2026-04-24,45,2
Elderwood Revolver,2026-04-27,45,2
Elderwood Revolver,2026-04-28,45,2
Elderwood Revolver,2026-05-02,45,2
Elderwood Revolver,2026-05-03,45,2
Elderwood Revolver,2026-05-06,45,2
Elderwood Revolver,2026-05-09,45,2
Elderwood Revolver,2026-05-11,42,
Elderwood Revolver,2026-05-12,42,2
Elderwood Revolver,2026-05-14,42,2
Elderwood Revolver,2026-05-17,42,2
Elderwood Revolver,2026-05-19,42,2
Elderwood Revolver,2026-05-21,42,2
Elderwood Revolver,2026-05-23,42,2
Elderwood Revolver,2026-05-24,40,1
Elderwood Revolver,2026-06-17,38,
Elderwood Revolver,2026-06-21,38,1
Elderwood Revolver,2026-06-22,38,1
Elderwood Revolver,2026-06-23,38,1
Elderwood Revolver,2026-06-24,38,1
Elderwood Revolver,2026-06-25,38,1
Elderwood Revolver,2026-06-26,38,1
Elderwood Revolver,2026-06-27,38,1
Elderwood Revolver,2026-06-28,38,1
Elderwood Revolver,2026-07-02,38,1
Elderwood Revolver,2026-07-03,38,1
Elderwood Revolver,2026-07-05,38,1
Elderwood Revolver,2026-07-06,38,1
Elderwood Revolver,2026-07-07,35,
Elderwood Revolver,2026-07-12,33,
Elderwood Revolver,2026-07-14,33,1
Elderwood Revolver,2026-07-17,33,1
Elderwood Revolver,2026-07-25,33,1
Elderwood Revolver,2026-07-27,33,1
Elderwood Revolver,2026-07-28,33,1
Elderwood Revolver,2026-07-30,33,1
Elderwood Revolver,2026-07-31,33,1
Elderwood Revolver,2026-08-02,33,1
Elderwood Revolver,2026-08-03,33,1
Elderwood Revolver,2026-08-04,33,1
Elderwood Revolver,2026-08-05,33,1
Elderwood Revolver,2026-08-06,33,1
Elderwood Revolver,2026-08-07,33,1
Elderwood Revolver,2026-08-08,33,1
Elderwood Revolver,2026-08-09,33,1
Elderwood Revolver,2026-08-10,33,1
Elderwood Revolver,2026-08-11,33,1
Elderwood Revolver,2026-08-13,33,1
Elderwood Revolver,2026-08-14,33,1
Elderwood Revolver,2026-08-15,33,1
Elderwood Revolver,2026-08-16,33,1
Elderwood Revolver,2026-08-17,33,1
Elderwood Revolver,2026-08-18,33,1
Elderwood Revolver,2026-08-19,33,1
Elderwood Revolver,2026-08-20,33,1
Elderwood Revolver,2026-08-21,33,1
Elderwood Revolver,2026-08-22,33,1
Elderwood Revolver,2026-08-24,33,1
Elderwood Revolver,2026-09-02,33,1
Elderwood Revolver,2026-09-03,33,1
Elderwood Revolver,2026-09-04,33,1
Elderwood Revolver,2026-09-05,33,1
Elderwood Revolver,2026-09-06,33,1
Elderwood Revolver,2026-09-07,33,1
Elderwood Revolver,2026-09-12,33,1
Elderwood Revolver,2026-09-17,33,1
Elderwood Revolver,2026-09-18,33,1
Elderwood Revolver,2026-09-19,33,1
Elderwood Revolver,2026-09-20,33,1
Eternal,2020-08-26,110,
Eternal,2021-01-03,105,
Eternal,2021-03-09,100,
Eternal,2021-05-12,90,
Eternal,2021-06-13,85,
Eternal,2021-06-18,70,
Eternal,2021-06-28,65,
Eternal,2021-07-18,50,
Eternal,2021-07-27,40,
Eternal,2021-08-17,45,
Eternal,2021-11-22,40,
Eternal,2021-12-13,35,
Eternal,2022-02-03,32,
Eternal,2022-02-16,30,
Eternal,2022-06-18,25,
Eternal,2022-08-27,20,
Eternal,2022-10-18,18,
Eternal,2022-10-29,15,
Eternal,2022-11-12,12,
Eternal,2022-11-21,10,
Eternal,2023-01-10,6,
Eternal,2023-01-16,10,
Eternal,2023-01-21,13,
Eternal,2023-06-01,12,
Eternal,2023-09-01,10,
Eternal,2023-11-01,12,
Eternal,2024-04-24,10,
Eternal,2025-04-13,8,
Eternal,2025-10-26,8,1
Eternal,2025-11-25,8,1
Eternal,2025-12-04,8,1
Eternal,2025-12-08,8,1
Eternal,2025-12-14,8,1
Eternal,2025-12-21,8,1
Eternal,2025-12-23,8,1
Eternal,2025-12-24,8,1
Eternal,2025-12-26,8,1
Eternal,2025-12-28,8,1
Eternal,2025-12-30,8,1
Eternal,2026-01-09,8,1
Eternal,2026-01-24,8,1
Eternal,2026-02-07,8,1
Eternal,2026-02-13,8,1
Eternal,2026-02-19,8,1
Eternal,2026-03-17,8,1
Eternal,2026-03-21,8,1
Eternal,2026-03-25,8,1
Eternal,2026-04-13,8,1
Eternal,2026-04-19,8,1
Eternal,2026-04-20,8,1
Eternal,2026-04-22,8,1
Eternal,2026-04-24,8,1
Eternal,2026-04-27,8,1
Eternal,2026-04-28,8,1
Eternal,2026-05-02,8,1
Eternal,2026-05-03,8,1
Eternal,2026-05-06,8,1
Eternal,2026-05-09,8,1
Eternal,2026-05-11,8,1
Eternal,2026-05-12,8,1
Eternal,2026-05-14,8,1
Eternal,2026-05-17,8,1
Eternal,2026-05-19,8,1
Eternal,2026-05-21,8,1
Eternal,2026-05-23,8,1
Eternal,2026-05-24,8,1
Eternal,2026-06-21,8,1
Eternal,2026-06-22,8,1
Eternal,2026-06-23,8,1
Eternal,2026-06-24,8,1
Eternal,2026-06-25,8,1
Eternal,2026-06-26,8,1
Eternal,2026-06-27,8,1
Eternal,2026-06-28,8,1
Eternal,2026-07-02,8,1
Eternal,2026-07-03,8,1
Eternal,2026-07-05,8,1
Eternal,2026-07-06,8,1
Eternal,2026-07-12,7,
Eternal,2026-07-14,7,1
Eternal,2026-07-17,7,1
Eternal,2026-07-25,7,1
Eternal,2026-07-27,7,1
Eternal,2026-07-28,7,1
Eternal,2026-07-30,7,1
Eternal,2026-07-31,7,1
Eternal,2026-08-02,7,1
Eternal,2026-08-03,7,1
Eternal,2026-08-04,7,1
Eternal,2026-08-05,7,1
Eternal,2026-08-06,7,1
Eternal,2026-08-07,7,1
Eternal,2026-08-08,7,1
Eternal,2026-08-09,7,1
Eternal,2026-08-10,7,1
Eternal,2026-08-11,7,1
Eternal,2026-08-13,7,1
Eternal,2026-08-14,7,1
Eternal,2026-08-15,7,1
Eternal,2026-08-16,7,1
Eternal,2026-08-17,7,1
Eternal,2026-08-18,7,1
Eternal,2026-08-19,7,1
Eternal,2026-08-20,7,1
Eternal,2026-08-21,7,1
Eternal,2026-08-22,7,1
Eternal,2026-08-24,7,1
Eternal,2026-09-02,7,1
Eternal,2026-09-03,7,1
Eternal,2026-09-04,7,1
Eternal,2026-09-05,7,1
Eternal,2026-09-06,7,1
Eternal,2026-09-07,7,1
Eternal,2026-09-12,7,1
Eternal,2026-09-17,7,1
Eternal,2026-09-18,7,1
Eternal,2026-09-19,7,1
Eternal,2026-09-20,7,1
Eternal II,2020-08-26,165,
Eternal II,2020-10-31,170,
Eternal II,2021-01-03,165,
Eternal II,2021-01-22,160,
Eternal II,2021-02-22,155,
Eternal II,2021-03-20,148,
Eternal II,2021-03-23,145,
Eternal II,2021-04-08,140,
Eternal II,2021-05-07,130,
Eternal II,2021-05-12,120,
Eternal II,2021-06-13,110,
Eternal II,2021-06-18,100,
Eternal II,2021-06-28,90,
Eternal II,2021-07-18,75,
Eternal II,2021-07-21,70,
Eternal II,2021-07-27,50,
Eternal II,2021-11-22,45,
Eternal II,2021-12-13,40,
Eternal II,2022-02-03,35,
Eternal II,2022-04-02,32,
Eternal II,2022-06-18,28,
Eternal II,2022-08-27,25,
Eternal II,2022-10-18,22,
Eternal II,2022-10-29,20,
Eternal II,2022-11-12,18,
Eternal II,2022-11-21,15,
Eternal II,2022-12-07,12,
Eternal II,2023-01-10,7,
Eternal II,2023-01-16,10,
Eternal II,2023-01-21,12,
Eternal II,2023-11-01,10,
Eternal II,2025-04-13,8,
Eternal II,2025-10-26,8,1
Eternal II,2025-11-25,8,1
Eternal II,2025-12-04,8,1
Eternal II,2025-12-08,8,1
Eternal II,2025-12-14,8,1
Eternal II,2025-12-21,8,1
Eternal II,2025-12-23,8,1
Eternal II,2025-12-24,8,1
Eternal II,2025-12-26,8,1
Eternal II,2025-12-28,8,1
Eternal II,2025-12-30,8,1
Eternal II,2026-01-09,8,1
Eternal II,2026-01-24,8,1
Eternal II,2026-02-07,8,1
Eternal II,2026-02-13,8,1
Eternal II,2026-02-19,8,1
Eternal II,2026-03-17,8,1
Eternal II,2026-03-21,8,1
Eternal II,2026-03-25,8,1
Eternal II,2026-04-13,8,1
Eternal II,2026-04-19,8,1
Eternal II,2026-04-20,8,1
Eternal II,2026-04-22,8,1
Eternal II,2026-04-24,8,1
Eternal II,2026-04-27,8,1
Eternal II,2026-04-28,8,1
Eternal II,2026-05-02,8,1
Eternal II,2026-05-03,8,1
Eternal II,2026-05-06,8,1
Eternal II,2026-05-09,8,1
Eternal II,2026-05-11,8,1
Eternal II,2026-05-12,8,1
Eternal II,2026-05-14,8,1
Eternal II,2026-05-17,8,1
Eternal II,2026-05-19,8,1
Eternal II,2026-05-21,8,1
Eternal II,2026-05-23,8,1
Eternal II,2026-05-24,8,1
Eternal II,2026-06-21,8,1
Eternal II,2026-06-22,8,1
Eternal II,2026-06-23,8,1
Eternal II,2026-06-24,8,1
Eternal II,2026-06-25,8,1
Eternal II,2026-06-26,8,1
Eternal II,2026-06-27,8,1
Eternal II,2026-06-28,8,1
Eternal II,2026-07-02,8,1
Eternal II,2026-07-03,8,1
Eternal II,2026-07-05,8,1
Eternal II,2026-07-06,8,1
Eternal II,2026-07-12,7,
Eternal II,2026-07-14,7,1
Eternal II,2026-07-17,7,1
Eternal II,2026-07-25,7,1
Eternal II,2026-07-27,7,1
Eternal II,2026-07-28,7,1
Eternal II,2026-07-30,7,1
Eternal II,2026-07-31,7,1
Eternal II,2026-08-02,7,1
Eternal II,2026-08-03,7,1
Eternal II,2026-08-04,7,1
Eternal II,2026-08-05,7,1
Eternal II,2026-08-06,7,1
Eternal II,2026-08-07,7,1
Eternal II,2026-08-08,7,1
Eternal II,2026-08-09,7,1
Eternal II,2026-08-10,7,1
Eternal II,2026-08-11,7,1
Eternal II,2026-08-13,7,1
Eternal II,2026-08-14,7,1
Eternal II,2026-08-15,7,1
Eternal II,2026-08-16,7,1
Eternal II,2026-08-17,7,1
Eternal II,2026-08-18,7,1
Eternal II,2026-08-19,7,1
Eternal II,2026-08-20,7,1
Eternal II,2026-08-21,7,1
Eternal II,2026-08-22,7,1
Eternal II,2026-08-24,7,1
Eternal II,2026-09-02,7,1
Eternal II,2026-09-03,7,1
Eternal II,2026-09-04,7,1
Eternal II,2026-09-05,7,1
Eternal II,2026-09-06,7,1
Eternal II,2026-09-07,7,1
Eternal II,2026-09-12,7,1
Eternal II,2026-09-17,7,1
Eternal II,2026-09-18,7,1
Eternal II,2026-09-19,7,1
Eternal II,2026-09-20,7,1
Eternal III,2020-08-26,200,
Eternal III,2020-10-04,215,
Eternal III,2020-10-31,280,
Eternal III,2020-12-03,250,
Eternal III,2020-12-14,220,
Eternal III,2020-12-20,205,
Eternal III,2020-12-28,190,
Eternal III,2021-01-03,200,
Eternal III,2021-01-22,215,
Eternal III,2021-01-26,210,
Eternal III,2021-03-09,190,
Eternal III,2021-05-07,175,
Eternal III,2021-05-12,160,
Eternal III,2021-06-13,150,
Eternal III,2021-06-18,130,
Eternal III,2021-06-28,125,
Eternal III,2021-07-18,105,
Eternal III,2021-07-21,95,
Eternal III,2021-07-27,70,
Eternal III,2021-08-17,65,
Eternal III,2022-01-08,60,
Eternal III,2022-02-16,55,
Eternal III,2022-03-14,50,
Eternal III,2022-04-02,45,
Eternal III,2022-05-19,40,
Eternal III,2022-07-06,38,
Eternal III,2022-07-28,35,
Eternal III,2022-08-27,30,
Eternal III,2022-11-06,28,
Eternal III,2022-11-12,25,
Eternal III,2022-11-21,22,
Eternal III,2022-11-26,20,
Eternal III,2022-12-07,18,
Eternal III,2023-01-10,10,
Eternal III,2023-01-16,12,
Eternal III,2023-01-21,15,
Eternal III,2023-06-01,13,
Eternal III,2024-03-29,12,
Eternal III,2024-04-24,10,
Eternal III,2025-10-26,10,1
Eternal III,2025-11-25,10,1
Eternal III,2025-12-04,10,1
Eternal III,2025-12-08,10,1
Eternal III,2025-12-14,10,1
Eternal III,2025-12-21,10,1
Eternal III,2025-12-23,10,1
Eternal III,2025-12-24,10,1
Eternal III,2025-12-26,10,1
Eternal III,2025-12-28,10,1
Eternal III,2025-12-30,10,1
Eternal III,2026-01-09,10,1
Eternal III,2026-01-24,10,1
Eternal III,2026-02-07,10,1
Eternal III,2026-02-13,10,1
Eternal III,2026-02-19,10,1
Eternal III,2026-03-17,10,1
Eternal III,2026-03-21,10,1
Eternal III,2026-03-25,10,1
Eternal III,2026-04-13,10,1
Eternal III,2026-04-19,10,1
Eternal III,2026-04-20,10,1
Eternal III,2026-04-22,10,1
Eternal III,2026-04-24,10,1
Eternal III,2026-04-27,10,1
Eternal III,2026-04-28,10,1
Eternal III,2026-05-02,10,1
Eternal III,2026-05-03,10,1
Eternal III,2026-05-06,10,1
Eternal III,2026-05-09,10,1
Eternal III,2026-05-11,10,1
Eternal III,2026-05-12,10,1
Eternal III,2026-05-14,10,1
Eternal III,2026-05-17,10,1
Eternal III,2026-05-19,10,1
Eternal III,2026-05-21,10,1
Eternal III,2026-05-23,10,1
Eternal III,2026-05-24,10,1
Eternal III,2026-06-21,10,1
Eternal III,2026-06-22,10,1
Eternal III,2026-06-23,10,1
Eternal III,2026-06-24,10,1
Eternal III,2026-06-25,10,1
Eternal III,2026-06-26,10,1
Eternal III,2026-06-27,10,1
Eternal III,2026-06-28,10,1
Eternal III,2026-07-02,10,1
Eternal III,2026-07-03,10,1
Eternal III,2026-07-05,10,1
Eternal III,2026-07-06,10,1
Eternal III,2026-07-12,8,
Eternal III,2026-07-14,8,1
Eternal III,2026-07-17,8,1
Eternal III,2026-07-25,8,1
Eternal III,2026-07-27,8,1
Eternal III,2026-07-28,8,1
Eternal III,2026-07-30,8,1
Eternal III,2026-07-31,8,1
Eternal III,2026-08-02,8,1
Eternal III,2026-08-03,8,1
Eternal III,2026-08-04,8,1
Eternal III,2026-08-05,8,1
Eternal III,2026-08-06,8,1
Eternal III,2026-08-07,8,1
Eternal III,2026-08-08,8,1
Eternal III,2026-08-09,8,1
Eternal III,2026-08-10,8,1
Eternal III,2026-08-11,8,1
Eternal III,2026-08-13,8,1
Eternal III,2026-08-14,8,1
Eternal III,2026-08-15,8,1
Eternal III,2026-08-16,8,1
Eternal III,2026-08-17,8,1
Eternal III,2026-08-18,8,1
Eternal III,2026-08-19,8,1
Eternal III,2026-08-20,8,1
Eternal III,2026-08-21,8,1
Eternal III,2026-08-22,8,1
Eternal III,2026-08-24,8,1
Eternal III,2026-09-02,8,1
Eternal III,2026-09-03,8,1
Eternal III,2026-09-04,8,1
Eternal III,2026-09-05,8,1
Eternal III,2026-09-06,8,1
Eternal III,2026-09-07,8,1
Eternal III,2026-09-12,8,1
Eternal III,2026-09-17,8,1
Eternal III,2026-09-18,8,1
Eternal III,2026-09-19,8,1
Eternal III,2026-09-20,8,1
Eternal IV,2020-08-26,225,
Eternal IV,2020-10-04,235,
Eternal IV,2020-10-31,290,
Eternal IV,2020-12-03,270,
Eternal IV,2020-12-14,250,
Eternal IV,2020-12-20,245,
Eternal IV,2020-12-28,235,
Eternal IV,2021-01-22,250,
Eternal IV,2021-01-26,245,
Eternal IV,2021-03-09,240,
Eternal IV,2021-03-20,230,
Eternal IV,2021-03-23,225,
Eternal IV,2021-04-08,210,
Eternal IV,2021-05-07,205,
Eternal IV,2021-05-12,200,
Eternal IV,2021-06-13,195,
Eternal IV,2021-06-18,170,
Eternal IV,2021-06-28,165,
Eternal IV,2021-07-18,145,
Eternal IV,2021-07-21,120,
Eternal IV,2021-07-27,100,
Eternal IV,2021-08-17,90,
Eternal IV,2021-09-09,95,
Eternal IV,2021-10-25,100,
Eternal IV,2021-11-22,115,
Eternal IV,2021-11-28,120,
Eternal IV,2021-12-13,130,
Eternal IV,2022-01-08,125,
Eternal IV,2022-01-16,120,
Eternal IV,2022-02-03,110,
Eternal IV,2022-02-16,100,
Eternal IV,2022-03-07,90,
Eternal IV,2022-03-14,75,
Eternal IV,2022-04-02,65,
Eternal IV,2022-05-19,55,
Eternal IV,2022-06-06,50,
Eternal IV,2022-06-18,48,
Eternal IV,2022-07-06,45,
Eternal IV,2022-07-28,40,
Eternal IV,2022-08-27,35,
Eternal IV,2022-11-06,32,
Eternal IV,2022-11-12,30,
Eternal IV,2022-11-21,28,
Eternal IV,2022-11-26,25,
Eternal IV,2022-12-07,20,
Eternal IV,2023-01-10,12,
Eternal IV,2023-01-16,13,
Eternal IV,2023-01-21,15,
Eternal IV,2023-06-01,13,
Eternal IV,2023-09-01,12,
Eternal IV,2024-03-29,10,
Eternal IV,2025-10-26,10,1
Eternal IV,2025-11-25,10,1
Eternal IV,2025-12-04,10,1
Eternal IV,2025-12-08,10,1
Eternal IV,2025-12-14,10,1
Eternal IV,2025-12-21,10,1
Eternal IV,2025-12-23,10,1
Eternal IV,2025-12-24,10,1
Eternal IV,2025-12-26,10,1
Eternal IV,2025-12-28,10,1
Eternal IV,2025-12-30,10,1
Eternal IV,2026-01-09,10,1
Eternal IV,2026-01-24,10,1
Eternal IV,2026-02-07,10,1
Eternal IV,2026-02-13,10,1
Eternal IV,2026-02-19,10,1
Eternal IV,2026-03-17,10,1
Eternal IV,2026-03-21,10,1
Eternal IV,2026-03-25,10,1
Eternal IV,2026-04-13,10,1
Eternal IV,2026-04-19,10,1
Eternal IV,2026-04-20,10,1
Eternal IV,2026-04-22,10,1
Eternal IV,2026-04-24,10,1
Eternal IV,2026-04-27,10,1
Eternal IV,2026-04-28,10,1
Eternal IV,2026-05-02,10,1
Eternal IV,2026-05-03,10,1
Eternal IV,2026-05-06,10,1
Eternal IV,2026-05-09,10,1
Eternal IV,2026-05-11,10,1
Eternal IV,2026-05-12,10,1
Eternal IV,2026-05-14,10,1
Eternal IV,2026-05-17,10,1
Eternal IV,2026-05-19,10,1
Eternal IV,2026-05-21,10,1
Eternal IV,2026-05-23,10,1
Eternal IV,2026-05-24,10,1
Eternal IV,2026-06-21,10,1
Eternal IV,2026-06-22,10,1
Eternal IV,2026-06-23,10,1
Eternal IV,2026-06-24,10,1
Eternal IV,2026-06-25,10,1
Eternal IV,2026-06-26,10,1
Eternal IV,2026-06-27,10,1
Eternal IV,2026-06-28,10,1
Eternal IV,2026-07-02,10,1
Eternal IV,2026-07-03,10,1
Eternal IV,2026-07-05,10,1
Eternal IV,2026-07-06,10,1
Eternal IV,2026-07-12,8,
Eternal IV,2026-07-14,8,1
Eternal IV,2026-07-17,8,1
Eternal IV,2026-07-25,8,1
Eternal IV,2026-07-27,8,1
Eternal IV,2026-07-28,8,1
Eternal IV,2026-07-30,8,1
Eternal IV,2026-07-31,8,1
Eternal IV,2026-08-02,8,1
Eternal IV,2026-08-03,8,1
Eternal IV,2026-08-04,8,1
Eternal IV,2026-08-05,8,1
Eternal IV,2026-08-06,8,1
Eternal IV,2026-08-07,8,1
Eternal IV,2026-08-08,8,1
Eternal IV,2026-08-09,8,1
Eternal IV,2026-08-10,8,1
Eternal IV,2026-08-11,8,1
Eternal IV,2026-08-13,8,1
Eternal IV,2026-08-14,8,1
Eternal IV,2026-08-15,8,1
Eternal IV,2026-08-16,8,1
Eternal IV,2026-08-17,8,1
Eternal IV,2026-08-18,8,1
Eternal IV,2026-08-19,8,1
Eternal IV,2026-08-20,8,1
Eternal IV,2026-08-21,8,1
Eternal IV,2026-08-22,8,1
Eternal IV,2026-08-24,8,1
Eternal IV,2026-09-02,8,1
Eternal IV,2026-09-03,8,1
Eternal IV,2026-09-04,8,1
Eternal IV,2026-09-05,8,1
Eternal IV,2026-09-06,8,1
Eternal IV,2026-09-07,8,1
Eternal IV,2026-09-12,8,1
Eternal IV,2026-09-17,8,1
Eternal IV,2026-09-18,8,1
Eternal IV,2026-09-19,8,1
Eternal IV,2026-09-20,8,1
Eternalcane,2020-08-26,190,
Eternalcane,2020-10-04,180,
Eternalcane,2020-10-31,270,
Eternalcane,2021-01-22,245,
Eternalcane,2021-01-26,250,
Eternalcane,2021-03-09,235,
Eternalcane,2021-03-23,230,
Eternalcane,2021-04-26,205,
Eternalcane,2021-05-07,200,
Eternalcane,2021-05-12,195,
Eternalcane,2021-06-18,175,
Eternalcane,2021-06-28,170,
Eternalcane,2021-07-18,150,
Eternalcane,2021-07-21,130,
Eternalcane,2021-07-27,105,
Eternalcane,2021-08-17,95,
Eternalcane,2021-09-09,100,
Eternalcane,2021-10-25,110,
Eternalcane,2021-11-22,130,
Eternalcane,2021-11-23,135,
Eternalcane,2021-11-28,145,
Eternalcane,2021-12-13,155,
Eternalcane,2022-01-08,145,
Eternalcane,2022-01-16,135,
Eternalcane,2022-02-03,125,
Eternalcane,2022-02-16,115,
Eternalcane,2022-03-07,105,
Eternalcane,2022-03-14,95,
Eternalcane,2022-04-02,85,
Eternalcane,2022-05-19,80,
Eternalcane,2022-07-06,75,
Eternalcane,2022-07-28,72,
Eternalcane,2022-08-11,70,
Eternalcane,2022-08-17,65,
Eternalcane,2022-08-27,60,
Eternalcane,2022-08-30,50,
Eternalcane,2022-09-30,45,
Eternalcane,2022-11-29,40,
Eternalcane,2022-12-12,35,
Eternalcane,2023-06-01,30,
Eternalcane,2023-06-12,28,
Eternalcane,2023-06-25,25,
Eternalcane,2023-08-24,22,
Eternalcane,2023-09-16,20,
Eternalcane,2024-01-26,22,
Eternalcane,2024-03-29,20,
Eternalcane,2024-09-27,22,
Eternalcane,2024-10-11,23,
Eternalcane,2024-10-16,24,
Eternalcane,2025-01-15,23,
Eternalcane,2025-09-17,20,
Eternalcane,2025-10-26,20,2
Eternalcane,2025-11-04,18,
Eternalcane,2025-11-25,18,2
Eternalcane,2025-12-04,18,2
Eternalcane,2025-12-08,18,2
Eternalcane,2025-12-14,18,2
Eternalcane,2025-12-21,18,2
Eternalcane,2025-12-23,18,2
Eternalcane,2025-12-24,18,2
Eternalcane,2025-12-26,18,2
Eternalcane,2025-12-28,18,2
Eternalcane,2025-12-30,18,2
Eternalcane,2026-01-09,18,2
Eternalcane,2026-01-24,18,2
Eternalcane,2026-02-07,18,2
Eternalcane,2026-02-13,18,2
Eternalcane,2026-02-19,18,2
Eternalcane,2026-03-14,17,
Eternalcane,2026-03-17,17,2
Eternalcane,2026-03-21,17,2
Eternalcane,2026-03-25,17,2
Eternalcane,2026-04-13,17,2
Eternalcane,2026-04-19,17,2
Eternalcane,2026-04-20,17,2
Eternalcane,2026-04-22,17,2
Eternalcane,2026-04-24,17,2
Eternalcane,2026-04-27,17,2
Eternalcane,2026-04-28,17,2
Eternalcane,2026-05-02,17,2
Eternalcane,2026-05-03,17,2
Eternalcane,2026-05-06,17,2
Eternalcane,2026-05-09,17,2
Eternalcane,2026-05-11,17,2
Eternalcane,2026-05-12,17,2
Eternalcane,2026-05-14,17,2
Eternalcane,2026-05-17,17,2
Eternalcane,2026-05-19,17,2
Eternalcane,2026-05-21,17,2
Eternalcane,2026-05-23,17,2
Eternalcane,2026-05-24,15,1
Eternalcane,2026-06-21,15,1
Eternalcane,2026-06-22,15,1
Eternalcane,2026-06-23,15,1
Eternalcane,2026-06-24,15,1
Eternalcane,2026-06-25,15,1
Eternalcane,2026-06-26,15,1
Eternalcane,2026-06-27,15,1
Eternalcane,2026-06-28,15,1
Eternalcane,2026-07-02,15,1
Eternalcane,2026-07-03,15,1
Eternalcane,2026-07-05,15,1
Eternalcane,2026-07-06,15,1
Eternalcane,2026-07-12,13,
Eternalcane,2026-07-14,13,1
Eternalcane,2026-07-17,13,1
Eternalcane,2026-07-25,13,1
Eternalcane,2026-07-27,13,1
Eternalcane,2026-07-28,13,1
Eternalcane,2026-07-30,13,1
Eternalcane,2026-07-31,13,1
Eternalcane,2026-08-02,13,1
Eternalcane,2026-08-03,13,1
Eternalcane,2026-08-04,13,1
Eternalcane,2026-08-05,13,1
Eternalcane,2026-08-06,13,1
Eternalcane,2026-08-07,13,1
Eternalcane,2026-08-08,13,1
Eternalcane,2026-08-09,13,1
Eternalcane,2026-08-10,13,1
Eternalcane,2026-08-11,13,1
Eternalcane,2026-08-13,13,1
Eternalcane,2026-08-14,13,1
Eternalcane,2026-08-15,13,1
Eternalcane,2026-08-16,13,1
Eternalcane,2026-08-17,13,1
Eternalcane,2026-08-18,13,1
Eternalcane,2026-08-19,13,1
Eternalcane,2026-08-20,13,1
Eternalcane,2026-08-21,13,1
Eternalcane,2026-08-22,13,1
Eternalcane,2026-08-24,13,1
Eternalcane,2026-09-02,13,1
Eternalcane,2026-09-03,13,1
Eternalcane,2026-09-04,13,1
Eternalcane,2026-09-05,13,1
Eternalcane,2026-09-06,13,1
Eternalcane,2026-09-07,13,1
Eternalcane,2026-09-12,13,1
Eternalcane,2026-09-17,13,1
Eternalcane,2026-09-18,13,1
Eternalcane,2026-09-19,13,1
Eternalcane,2026-09-20,13,1
Evergreen,2023-12-22,3400,
Evergreen,2023-12-27,2700,
Evergreen,2023-12-28,2600,
Evergreen,2023-12-31,2000,
Evergreen,2024-01-02,1600,
Evergreen,2024-01-03,1500,
Evergreen,2024-01-16,1400,
Evergreen,2024-01-19,1250,
Evergreen,2024-01-22,1200,
Evergreen,2024-01-26,1150,
Evergreen,2024-01-29,1100,
Evergreen,2024-02-02,700,
Evergreen,2024-02-03,500,
Evergreen,2024-02-07,350,
Evergreen,2024-02-10,300,
Evergreen,2024-02-22,350,
Evergreen,2024-02-26,400,
Evergreen,2024-02-29,450,
Evergreen,2024-03-04,475,
Evergreen,2024-03-11,525,
Evergreen,2024-03-18,500,
Evergreen,2024-04-08,475,
Evergreen,2024-04-10,450,
Evergreen,2024-04-16,425,
Evergreen,2024-04-24,400,
Evergreen,2024-05-17,425,
Evergreen,2024-05-20,450,
Evergreen,2024-05-22,475,
Evergreen,2024-05-26,500,
Evergreen,2024-05-29,550,
Evergreen,2024-05-31,575,
Evergreen,2024-06-03,600,
Evergreen,2024-06-19,575,
Evergreen,2024-07-14,550,
Evergreen,2024-07-25,540,
Evergreen,2024-07-27,525,
Evergreen,2024-07-29,500,
Evergreen,2024-08-02,450,
Evergreen,2024-08-04,425,
Evergreen,2024-08-08,400,
Evergreen,2024-08-18,450,
Evergreen,2024-08-22,500,
Evergreen,2024-08-26,525,
Evergreen,2024-08-29,500,
Evergreen,2024-08-31,470,
Evergreen,2024-09-02,450,
Evergreen,2024-09-08,465,
Evergreen,2024-09-12,470,
Evergreen,2024-09-14,500,
Evergreen,2024-09-18,525,
Evergreen,2024-09-23,540,
Evergreen,2024-09-27,560,
Evergreen,2024-09-29,575,
Evergreen,2024-10-02,600,
Evergreen,2024-10-06,625,
Evergreen,2024-10-16,620,
Evergreen,2024-10-23,625,
Evergreen,2024-10-28,650,
Evergreen,2024-11-08,675,
Evergreen,2024-11-13,700,
Evergreen,2024-11-18,725,
Evergreen,2024-11-22,750,
Evergreen,2024-11-30,800,
Evergreen,2024-12-02,850,
Evergreen,2024-12-06,900,
Evergreen,2024-12-08,950,
Evergreen,2024-12-11,1000,
Evergreen,2024-12-15,1050,
Evergreen,2024-12-20,1100,
Evergreen,2024-12-23,1075,
Evergreen,2024-12-24,1100,
Evergreen,2025-01-15,1050,
Evergreen,2025-01-24,1025,
Evergreen,2025-01-26,1000,
Evergreen,2025-02-09,950,
Evergreen,2025-02-12,925,
Evergreen,2025-02-17,900,
Evergreen,2025-02-28,875,
Evergreen,2025-03-09,850,
Evergreen,2025-03-11,825,
Evergreen,2025-03-15,800,
Evergreen,2025-03-19,850,
Evergreen,2025-03-23,875,
Evergreen,2025-03-26,900,
Evergreen,2025-03-29,950,
Evergreen,2025-04-02,1000,
Evergreen,2025-04-06,1050,
Evergreen,2025-04-13,1025,
Evergreen,2025-04-15,1000,
Evergreen,2025-04-20,975,
Evergreen,2025-04-23,1000,
Evergreen,2025-04-27,1025,
Evergreen,2025-04-30,1050,
Evergreen,2025-05-04,1075,
Evergreen,2025-05-09,1100,
Evergreen,2025-05-15,1075,
Evergreen,2025-05-21,1050,
Evergreen,2025-05-24,1025,
Evergreen,2025-05-28,1000,
Evergreen,2025-06-01,975,
Evergreen,2025-06-05,1000,
Evergreen,2025-06-08,1025,
Evergreen,2025-06-11,1050,
Evergreen,2025-06-17,1075,
Evergreen,2025-06-20,1100,
Evergreen,2025-06-26,1075,
Evergreen,2025-06-29,1050,
Evergreen,2025-07-02,1025,
Evergreen,2025-07-05,1000,
Evergreen,2025-07-11,1025,
Evergreen,2025-07-14,1050,
Evergreen,2025-07-19,1075,
Evergreen,2025-07-21,1100,
Evergreen,2025-07-24,1125,
Evergreen,2025-07-28,1150,
Evergreen,2025-08-03,1125,
Evergreen,2025-08-07,1100,
Evergreen,2025-08-11,1075,
Evergreen,2025-08-14,1050,
Evergreen,2025-08-22,1075,
Evergreen,2025-08-26,1100,
Evergreen,2025-08-30,1125,
Evergreen,2025-09-03,1150,
Evergreen,2025-09-05,1125,
Evergreen,2025-09-09,1100,
Evergreen,2025-09-13,1075,
Evergreen,2025-09-17,1100,
Evergreen,2025-09-23,1150,
Evergreen,2025-09-25,1175,
Evergreen,2025-09-28,1200,
Evergreen,2025-10-02,1225,
Evergreen,2025-10-10,1250,
Evergreen,2025-10-15,1275,
Evergreen,2025-10-19,1300,
Evergreen,2025-10-21,1325,
Evergreen,2025-10-23,1350,
Evergreen,2025-10-26,1350,6
Evergreen,2025-11-01,1375,
Evergreen,2025-11-04,1425,
Evergreen,2025-11-06,1500,
Evergreen,2025-11-11,1600,
Evergreen,2025-11-13,1650,
Evergreen,2025-11-16,1750,
Evergreen,2025-11-18,1850,
Evergreen,2025-11-20,1950,
Evergreen,2025-11-24,2100,
Evergreen,2025-11-25,2100,6
Evergreen,2025-11-27,2200,
Evergreen,2025-11-30,2300,
Evergreen,2025-12-01,2400,
Evergreen,2025-12-04,2500,
Evergreen,2025-12-08,2600,
Evergreen,2025-12-11,2650,
Evergreen,2025-12-14,2650,6
Evergreen,2025-12-15,2700,
Evergreen,2025-12-21,2700,5
Evergreen,2025-12-23,2700,5
Evergreen,2025-12-24,2700,5
Evergreen,2025-12-26,2700,5
Evergreen,2025-12-27,2750,
Evergreen,2025-12-28,2750,6
Evergreen,2025-12-30,2750,6
Evergreen,2026-01-01,2800,
Evergreen,2026-01-04,2850,
Evergreen,2026-01-06,2900,
Evergreen,2026-01-08,3000,
Evergreen,2026-01-09,3000,6
Evergreen,2026-01-11,3100,
Evergreen,2026-01-14,3300,
Evergreen,2026-01-16,3400,
Evergreen,2026-01-18,3450,
Evergreen,2026-01-20,3400,
Evergreen,2026-01-22,3350,
Evergreen,2026-01-24,3200,
Evergreen,2026-01-27,3100,
Evergreen,2026-01-28,3000,
Evergreen,2026-01-31,2900,
Evergreen,2026-02-01,2800,
Evergreen,2026-02-04,2850,
Evergreen,2026-02-06,2900,
Evergreen,2026-02-07,2900,6
Evergreen,2026-02-08,2950,
Evergreen,2026-02-10,3000,
Evergreen,2026-02-13,3000,6
Evergreen,2026-02-15,2950,
Evergreen,2026-02-19,2850,
Evergreen,2026-02-23,2800,
Evergreen,2026-02-25,2750,
Evergreen,2026-02-27,2700,
Evergreen,2026-03-17,2700,5
Evergreen,2026-03-21,2700,5
Evergreen,2026-03-25,2700,5
Evergreen,2026-04-13,2700,5
Evergreen,2026-04-18,2650,
Evergreen,2026-04-19,2650,5
Evergreen,2026-04-20,2650,5
Evergreen,2026-04-21,2600,
Evergreen,2026-04-22,2600,5
Evergreen,2026-04-23,2550,
Evergreen,2026-04-24,2550,5
Evergreen,2026-04-27,2550,5
Evergreen,2026-04-28,2550,5
Evergreen,2026-05-02,2550,5
Evergreen,2026-05-03,2550,5
Evergreen,2026-05-06,2550,5
Evergreen,2026-05-09,2550,5
Evergreen,2026-05-11,2550,5
Evergreen,2026-05-12,2550,5
Evergreen,2026-05-14,2550,5
Evergreen,2026-05-17,2525,
Evergreen,2026-05-18,2500,
Evergreen,2026-05-19,2500,5
Evergreen,2026-05-21,2450,
Evergreen,2026-05-23,2450,5
Evergreen,2026-05-24,2450,5
Evergreen,2026-06-03,2425,
Evergreen,2026-06-21,2425,5
Evergreen,2026-06-22,2450,
Evergreen,2026-06-23,2450,5
Evergreen,2026-06-24,2475,
Evergreen,2026-06-25,2475,6
Evergreen,2026-06-26,2475,6
Evergreen,2026-06-27,2525,
Evergreen,2026-06-28,2525,6
Evergreen,2026-06-29,2550,
Evergreen,2026-07-02,2550,6
Evergreen,2026-07-03,2550,6
Evergreen,2026-07-05,2525,
Evergreen,2026-07-06,2525,5
Evergreen,2026-07-07,2500,
Evergreen,2026-07-12,2500,5
Evergreen,2026-07-14,2500,5
Evergreen,2026-07-17,2500,5
Evergreen,2026-08-18,2550,
Evergreen,2026-08-20,2600,
Evergreen,2026-08-23,2650,
Evergreen,2026-08-26,2700,
Evergreen,2026-08-28,2800,
Evergreen,2026-08-30,2900,
Evergreen,2026-09-01,2950,
Evergreen,2026-09-02,3000,
Evergreen,2026-09-07,3000,5
Evergreen,2026-09-09,2900,
Evergreen,2026-09-12,2800,
Evergreen,2026-09-13,2700,
Evergreen,2026-09-15,2600,
Evergreen,2026-09-16,2550,
Evergreen,2026-09-17,2550,5
Evergreen,2026-09-18,2550,5
Evergreen,2026-09-19,2500,5
Evergreen,2026-09-20,2500,5
Evergun,2023-12-22,2000,
Evergun,2023-12-24,1700,
Evergun,2023-12-27,1300,
Evergun,2023-12-28,1050,
Evergun,2023-12-31,1000,
Evergun,2024-01-02,900,
Evergun,2024-01-08,750,
Evergun,2024-01-16,700,
Evergun,2024-01-19,650,
Evergun,2024-01-29,600,
Evergun,2024-02-07,650,
Evergun,2024-02-10,700,
Evergun,2024-02-14,850,
Evergun,2024-02-17,1050,
Evergun,2024-02-20,1100,
Evergun,2024-02-22,1150,
Evergun,2024-02-26,1100,
Evergun,2024-03-11,1075,
Evergun,2024-03-18,1050,
Evergun,2024-03-29,1000,
Evergun,2024-04-08,975,
Evergun,2024-04-10,950,
Evergun,2024-04-16,925,
Evergun,2024-04-24,900,
Evergun,2024-05-17,925,
Evergun,2024-05-20,950,
Evergun,2024-05-26,1050,
Evergun,2024-05-29,1150,
Evergun,2024-05-31,1225,
Evergun,2024-06-03,1250,
Evergun,2024-06-08,1300,
Evergun,2024-06-10,1350,
Evergun,2024-06-28,1325,
Evergun,2024-07-14,1300,
Evergun,2024-07-21,1275,
Evergun,2024-07-25,1250,
Evergun,2024-07-27,1200,
Evergun,2024-07-29,1150,
Evergun,2024-07-31,1100,
Evergun,2024-08-02,1000,
Evergun,2024-08-04,975,
Evergun,2024-08-08,900,
Evergun,2024-08-16,950,
Evergun,2024-08-18,1000,
Evergun,2024-08-22,1100,
Evergun,2024-08-26,1150,
Evergun,2024-08-29,1100,
Evergun,2024-09-02,1075,
Evergun,2024-09-14,1100,
Evergun,2024-09-18,1150,
Evergun,2024-09-19,1200,
Evergun,2024-10-20,1225,
Evergun,2024-11-02,1250,
Evergun,2024-11-03,1275,
Evergun,2024-11-08,1300,
Evergun,2024-11-10,1325,
Evergun,2024-11-13,1350,
Evergun,2024-11-15,1400,
Evergun,2024-11-18,1425,
Evergun,2024-11-22,1450,
Evergun,2024-11-24,1500,
Evergun,2024-11-26,1550,
Evergun,2024-12-02,1600,
Evergun,2024-12-06,1650,
Evergun,2024-12-11,1700,
Evergun,2024-12-15,1750,
Evergun,2024-12-20,1800,
Evergun,2025-01-24,1850,
Evergun,2025-01-26,2000,
Evergun,2025-01-29,2100,
Evergun,2025-02-03,2200,
Evergun,2025-02-07,2250,
Evergun,2025-02-09,2300,
Evergun,2025-02-12,2375,
Evergun,2025-02-14,2350,
Evergun,2025-02-23,2300,
Evergun,2025-03-23,2350,
Evergun,2025-03-26,2400,
Evergun,2025-03-29,2500,
Evergun,2025-04-02,2600,
Evergun,2025-04-09,2700,
Evergun,2025-04-13,2600,
Evergun,2025-04-15,2550,
Evergun,2025-04-20,2450,
Evergun,2025-04-23,2500,
Evergun,2025-04-30,2550,
Evergun,2025-05-04,2600,
Evergun,2025-05-15,2575,
Evergun,2025-05-21,2550,
Evergun,2025-05-24,2525,
Evergun,2025-05-28,2500,
Evergun,2025-06-01,2475,
Evergun,2025-06-05,2500,
Evergun,2025-06-08,2525,
Evergun,2025-06-11,2550,
Evergun,2025-06-17,2600,
Evergun,2025-06-20,2650,
Evergun,2025-06-26,2625,
Evergun,2025-06-29,2600,
Evergun,2025-07-02,2575,
Evergun,2025-07-05,2550,
Evergun,2025-07-11,2525,
Evergun,2025-07-14,2500,
Evergun,2025-07-19,2525,
Evergun,2025-07-21,2575,
Evergun,2025-07-24,2600,
Evergun,2025-07-28,2625,
Evergun,2025-08-01,2650,
Evergun,2025-08-03,2625,
Evergun,2025-08-07,2600,
Evergun,2025-08-11,2575,
Evergun,2025-08-14,2550,
Evergun,2025-08-22,2575,
Evergun,2025-08-26,2600,
Evergun,2025-08-30,2650,
Evergun,2025-09-03,2675,
Evergun,2025-09-05,2650,
Evergun,2025-09-09,2625,
Evergun,2025-09-13,2600,
Evergun,2025-09-17,2650,
Evergun,2025-09-18,2700,
Evergun,2025-09-23,2750,
Evergun,2025-09-25,2800,
Evergun,2025-09-28,2850,
Evergun,2025-10-02,2875,
Evergun,2025-10-08,2900,
Evergun,2025-10-26,2900,6
Evergun,2025-10-28,2950,
Evergun,2025-11-01,3000,
Evergun,2025-11-04,3075,
Evergun,2025-11-06,3100,
Evergun,2025-11-13,3150,
Evergun,2025-11-18,3200,
Evergun,2025-11-20,3250,
Evergun,2025-11-24,3300,
Evergun,2025-11-25,3300,6
Evergun,2025-11-27,3350,
Evergun,2025-11-30,3400,
Evergun,2025-12-01,3450,
Evergun,2025-12-04,3500,
Evergun,2025-12-08,3550,
Evergun,2025-12-11,3600,
Evergun,2025-12-14,3600,6
Evergun,2025-12-21,3600,6
Evergun,2025-12-23,3600,6
Evergun,2025-12-24,3600,6
Evergun,2025-12-26,3600,6
Evergun,2025-12-27,3650,
Evergun,2025-12-28,3650,6
Evergun,2025-12-30,3650,6
Evergun,2026-01-01,3700,
Evergun,2026-01-04,3750,
Evergun,2026-01-06,3800,
Evergun,2026-01-08,3900,
Evergun,2026-01-09,3900,6
Evergun,2026-01-11,4100,
Evergun,2026-01-14,4200,
Evergun,2026-01-16,4300,
Evergun,2026-01-18,4350,
Evergun,2026-01-20,4300,
Evergun,2026-01-22,4250,
Evergun,2026-01-24,4100,
Evergun,2026-01-27,4000,
Evergun,2026-01-28,3900,
Evergun,2026-01-31,3800,
Evergun,2026-02-01,3700,
Evergun,2026-02-06,3750,
Evergun,2026-02-07,3750,6
Evergun,2026-02-08,3800,
Evergun,2026-02-10,3850,
Evergun,2026-02-13,3850,6
Evergun,2026-02-15,3800,
Evergun,2026-02-19,3750,
Evergun,2026-02-21,3700,
Evergun,2026-02-23,3650,
Evergun,2026-02-25,3600,
Evergun,2026-02-27,3550,
Evergun,2026-03-17,3550,5
Evergun,2026-03-21,3550,5
Evergun,2026-03-25,3550,5
Evergun,2026-04-13,3550,5
Evergun,2026-04-18,3500,
Evergun,2026-04-19,3500,5
Evergun,2026-04-20,3500,5
Evergun,2026-04-21,3450,
Evergun,2026-04-22,3450,5
Evergun,2026-04-23,3400,
Evergun,2026-04-24,3400,5
Evergun,2026-04-27,3400,5
Evergun,2026-04-28,3400,5
Evergun,2026-05-02,3400,5
Evergun,2026-05-03,3400,5
Evergun,2026-05-06,3400,5
Evergun,2026-05-09,3400,5
Evergun,2026-05-11,3400,5
Evergun,2026-05-12,3400,5
Evergun,2026-05-14,3400,5
Evergun,2026-05-17,3375,
Evergun,2026-05-18,3350,
Evergun,2026-05-19,3350,5
Evergun,2026-05-21,3300,
Evergun,2026-05-23,3300,5
Evergun,2026-05-24,3300,5
Evergun,2026-06-21,3300,5
Evergun,2026-06-22,3325,
Evergun,2026-06-23,3325,5
Evergun,2026-06-24,3350,
Evergun,2026-06-25,3350,6
Evergun,2026-06-26,3350,6
Evergun,2026-06-27,3400,
Evergun,2026-06-28,3400,6
Evergun,2026-06-29,3450,
Evergun,2026-07-02,3450,6
Evergun,2026-07-03,3500,
Evergun,2026-07-05,3475,
Evergun,2026-07-06,3475,5
Evergun,2026-07-07,3450,
Evergun,2026-07-12,3450,5
Evergun,2026-07-14,3450,5
Evergun,2026-07-17,3450,5
Evergun,2026-09-07,3450,5
Evergun,2026-09-17,3450,5
Evergun,2026-09-18,3450,5
Evergun,2026-09-19,3450,5
Evergun,2026-09-20,3450,5
Fang,2020-08-26,35,
Fang,2020-10-31,38,
Fang,2021-10-02,40,
Fang,2022-02-16,42,
Fang,2022-03-14,45,
Fang,2023-05-08,40,
Fang,2023-06-01,35,
Fang,2023-07-15,32,
Fang,2023-10-26,30,
Fang,2024-01-02,28,
Fang,2024-03-29,25,
Fang,2024-04-24,22,
Fang,2024-09-27,20,
Fang,2025-01-15,18,
Fang,2025-04-13,15,
Fang,2025-09-17,13,
Fang,2025-10-26,13,1
Fang,2025-11-04,12,
Fang,2025-11-25,12,1
Fang,2025-12-04,12,1
Fang,2025-12-08,12,1
Fang,2025-12-14,12,1
Fang,2025-12-21,10,
Fang,2025-12-23,10,1
Fang,2025-12-24,10,1
Fang,2025-12-26,10,1
Fang,2025-12-28,10,1
Fang,2025-12-30,10,1
Fang,2026-01-09,10,1
Fang,2026-01-24,10,1
Fang,2026-02-07,10,1
Fang,2026-02-13,10,1
Fang,2026-02-19,10,1
Fang,2026-03-17,10,1
Fang,2026-03-21,10,1
Fang,2026-03-25,10,1
Fang,2026-04-13,10,1
Fang,2026-04-19,10,1
Fang,2026-04-20,10,1
Fang,2026-04-22,10,1
Fang,2026-04-24,10,1
Fang,2026-04-27,10,1
Fang,2026-04-28,10,1
Fang,2026-05-02,10,1
Fang,2026-05-03,10,1
Fang,2026-05-06,10,1
Fang,2026-05-09,10,1
Fang,2026-05-11,10,1
Fang,2026-05-12,10,1
Fang,2026-05-14,10,1
Fang,2026-05-17,10,1
Fang,2026-05-19,10,1
Fang,2026-05-21,10,1
Fang,2026-05-23,10,1
Fang,2026-05-24,10,1
Fang,2026-06-21,10,1
Fang,2026-06-22,10,1
Fang,2026-06-23,10,1
Fang,2026-06-24,10,1
Fang,2026-06-25,10,1
Fang,2026-06-26,10,1
Fang,2026-06-27,10,1
Fang,2026-06-28,10,1
Fang,2026-07-02,10,1
Fang,2026-07-03,10,1
Fang,2026-07-05,10,1
Fang,2026-07-06,10,1
Fang,2026-07-12,10,1
Fang,2026-07-14,10,1
Fang,2026-07-17,10,1
Fang,2026-07-25,10,1
Fang,2026-07-27,10,1
Fang,2026-07-28,10,1
Fang,2026-07-30,10,1
Fang,2026-07-31,10,1
Fang,2026-08-02,10,1
Fang,2026-08-03,10,1
Fang,2026-08-04,10,1
Fang,2026-08-05,10,1
Fang,2026-08-06,10,1
Fang,2026-08-07,10,1
Fang,2026-08-08,10,1
Fang,2026-08-09,10,1
Fang,2026-08-10,10,1
Fang,2026-08-11,10,1
Fang,2026-08-13,10,1
Fang,2026-08-14,10,1
Fang,2026-08-15,10,1
Fang,2026-08-16,10,1
Fang,2026-08-17,10,1
Fang,2026-08-18,10,1
Fang,2026-08-19,10,1
Fang,2026-08-20,10,1
Fang,2026-08-21,10,1
Fang,2026-08-22,10,1
Fang,2026-08-24,10,1
Fang,2026-09-02,10,1
Fang,2026-09-03,10,1
Fang,2026-09-04,10,1
Fang,2026-09-05,10,1
Fang,2026-09-06,10,1
Fang,2026-09-07,10,1
Fang,2026-09-12,10,1
Fang,2026-09-17,10,1
Fang,2026-09-18,10,1
Fang,2026-09-19,10,1
Fang,2026-09-20,10,1
Flames,2020-08-26,75,
Flames,2020-10-31,80,
Flames,2020-11-26,85,
Flames,2021-01-03,90,
Flames,2021-03-09,85,
Flames,2021-03-20,80,
Flames,2021-05-07,75,
Flames,2021-05-12,70,
Flames,2021-06-13,65,
Flames,2021-07-18,55,
Flames,2021-07-27,50,
Flames,2021-12-14,45,
Flames,2022-03-14,40,
Flames,2022-12-02,35,
Flames,2022-12-27,30,
Flames,2023-01-06,28,
Flames,2023-06-01,25,
Flames,2023-06-07,22,
Flames,2023-08-20,20,
Flames,2023-09-01,15,
Flames,2024-03-29,13,
Flames,2024-04-24,12,
Flames,2025-04-13,10,
Flames,2025-09-17,8,
Flames,2025-09-23,7,
Flames,2025-10-26,7,1
Flames,2025-11-04,5,
Flames,2025-11-25,5,1
Flames,2025-12-04,5,1
Flames,2025-12-08,5,1
Flames,2025-12-14,5,1
Flames,2025-12-21,5,1
Flames,2025-12-23,5,1
Flames,2025-12-24,5,1
Flames,2025-12-26,5,1
Flames,2025-12-28,5,1
Flames,2025-12-30,5,1
Flames,2026-01-09,5,1
Flames,2026-01-24,5,1
Flames,2026-02-07,5,1
Flames,2026-02-13,5,1
Flames,2026-02-19,5,1
Flames,2026-03-17,5,1
Flames,2026-03-21,5,1
Flames,2026-03-25,5,1
Flames,2026-04-13,5,1
Flames,2026-04-19,5,1
Flames,2026-04-20,5,1
Flames,2026-04-22,5,1
Flames,2026-04-24,5,1
Flames,2026-04-27,5,1
Flames,2026-04-28,5,1
Flames,2026-05-02,5,1
Flames,2026-05-03,5,1
Flames,2026-05-06,5,1
Flames,2026-05-09,5,1
Flames,2026-05-11,5,1
Flames,2026-05-12,5,1
Flames,2026-05-14,5,1
Flames,2026-05-17,5,1
Flames,2026-05-19,5,1
Flames,2026-05-21,5,1
Flames,2026-05-23,5,1
Flames,2026-05-24,5,1
Flames,2026-06-21,5,1
Flames,2026-06-22,5,1
Flames,2026-06-23,5,1
Flames,2026-06-24,5,1
Flames,2026-06-25,5,1
Flames,2026-06-26,5,1
Flames,2026-06-27,5,1
Flames,2026-06-28,5,1
Flames,2026-07-02,5,1
Flames,2026-07-03,5,1
Flames,2026-07-05,5,1
Flames,2026-07-06,5,1
Flames,2026-07-12,5,1
Flames,2026-07-14,5,1
Flames,2026-07-17,5,1
Flames,2026-07-25,5,1
Flames,2026-07-27,5,1
Flames,2026-07-28,5,1
Flames,2026-07-30,5,1
Flames,2026-07-31,5,1
Flames,2026-08-02,5,1
Flames,2026-08-03,5,1
Flames,2026-08-04,5,1
Flames,2026-08-05,5,1
Flames,2026-08-06,5,1
Flames,2026-08-07,5,1
Flames,2026-08-08,5,1
Flames,2026-08-09,5,1
Flames,2026-08-10,5,1
Flames,2026-08-11,5,1
Flames,2026-08-13,5,1
Flames,2026-08-14,5,1
Flames,2026-08-15,5,1
Flames,2026-08-16,5,1
Flames,2026-08-17,5,1
Flames,2026-08-18,5,1
Flames,2026-08-19,5,1
Flames,2026-08-20,5,1
Flames,2026-08-21,5,1
Flames,2026-08-22,5,1
Flames,2026-08-24,5,1
Flames,2026-09-02,5,1
Flames,2026-09-03,5,1
Flames,2026-09-04,5,1
Flames,2026-09-05,5,1
Flames,2026-09-06,5,1
Flames,2026-09-07,5,1
Flames,2026-09-12,5,1
Flames,2026-09-17,5,1
Flames,2026-09-18,5,1
Flames,2026-09-19,5,1
Flames,2026-09-20,5,1
Flora,2025-04-20,375,
Flora,2025-04-23,275,
Flora,2025-04-27,225,
Flora,2025-04-30,175,
Flora,2025-05-04,150,
Flora,2025-05-09,145,
Flora,2025-05-12,140,
Flora,2025-05-21,145,
Flora,2025-06-05,150,
Flora,2025-06-08,155,
Flora,2025-06-29,150,
Flora,2025-07-02,145,
Flora,2025-07-05,140,
Flora,2025-08-11,145,
Flora,2025-08-14,150,
Flora,2025-08-19,155,
Flora,2025-08-22,160,
Flora,2025-08-26,165,
Flora,2025-08-30,170,
Flora,2025-09-03,175,
Flora,2025-09-25,170,
Flora,2025-10-26,170,4
Flora,2025-11-25,170,4
Flora,2025-12-04,170,4
Flora,2025-12-08,170,4
Flora,2025-12-14,170,4
Flora,2025-12-18,175,
Flora,2025-12-19,180,
Flora,2025-12-21,185,
Flora,2025-12-23,185,4
Flora,2025-12-24,195,
Flora,2025-12-26,195,4
Flora,2025-12-27,200,
Flora,2025-12-28,200,4
Flora,2025-12-30,200,4
Flora,2026-01-01,205,
Flora,2026-01-06,210,
Flora,2026-01-08,215,
Flora,2026-01-09,215,4
Flora,2026-01-24,220,
Flora,2026-02-06,230,
Flora,2026-02-07,230,4
Flora,2026-02-08,235,
Flora,2026-02-10,240,
Flora,2026-02-13,240,4
Flora,2026-02-15,275,
Flora,2026-02-16,270,
Flora,2026-02-17,265,
Flora,2026-02-19,265,4
Flora,2026-03-17,265,4
Flora,2026-03-21,265,4
Flora,2026-03-25,265,4
Flora,2026-04-13,265,4
Flora,2026-04-18,270,
Flora,2026-04-19,270,4
Flora,2026-04-20,270,4
Flora,2026-04-22,270,4
Flora,2026-04-24,270,4
Flora,2026-04-27,270,4
Flora,2026-04-28,270,4
Flora,2026-05-02,270,4
Flora,2026-05-03,270,4
Flora,2026-05-06,275,
Flora,2026-05-08,280,
Flora,2026-05-09,280,4
Flora,2026-05-11,285,
Flora,2026-05-12,285,4
Flora,2026-05-14,290,
Flora,2026-05-17,295,
Flora,2026-05-18,300,
Flora,2026-05-19,300,4
Flora,2026-05-21,310,
Flora,2026-05-23,310,4
Flora,2026-05-24,325,5
Flora,2026-05-25,335,
Flora,2026-05-27,355,
Flora,2026-05-30,375,
Flora,2026-06-03,390,
Flora,2026-06-06,400,
Flora,2026-06-07,410,
Flora,2026-06-21,410,5
Flora,2026-06-22,410,5
Flora,2026-06-23,410,5
Flora,2026-06-24,410,5
Flora,2026-06-25,410,5
Flora,2026-06-26,410,5
Flora,2026-06-27,410,5
Flora,2026-06-28,410,5
Flora,2026-07-02,410,5
Flora,2026-07-03,410,5
Flora,2026-07-05,410,5
Flora,2026-07-06,410,5
Flora,2026-07-12,410,5
Flora,2026-07-14,410,5
Flora,2026-07-17,410,5
Flora,2026-09-07,410,5
Flora,2026-09-17,410,5
Flora,2026-09-18,410,5
Flora,2026-09-19,410,5
Flora,2026-09-20,410,5
Flowerwood,2024-04-03,650,
Flowerwood,2024-04-08,625,
Flowerwood,2024-04-10,575,
Flowerwood,2024-04-11,525,
Flowerwood,2024-04-15,500,
Flowerwood,2024-04-16,475,
Flowerwood,2024-04-21,450,
Flowerwood,2024-04-24,400,
Flowerwood,2024-04-26,375,
Flowerwood,2024-05-01,350,
Flowerwood,2024-05-03,325,
Flowerwood,2024-05-07,300,
Flowerwood,2024-05-09,250,
Flowerwood,2024-05-10,225,
Flowerwood,2024-05-17,230,
Flowerwood,2024-05-20,240,
Flowerwood,2024-05-26,235,
Flowerwood,2024-05-29,225,
Flowerwood,2024-05-31,220,
Flowerwood,2024-06-03,215,
Flowerwood,2024-06-08,205,
Flowerwood,2024-06-10,200,
Flowerwood,2024-06-14,190,
Flowerwood,2024-06-15,180,
Flowerwood,2024-06-19,170,
Flowerwood,2024-06-23,160,
Flowerwood,2024-06-26,150,
Flowerwood,2024-06-28,140,
Flowerwood,2024-07-01,135,
Flowerwood,2024-07-03,130,
Flowerwood,2024-07-09,125,
Flowerwood,2024-07-14,130,
Flowerwood,2024-07-15,140,
Flowerwood,2024-07-18,145,
Flowerwood,2024-07-21,150,
Flowerwood,2024-07-27,140,
Flowerwood,2024-07-31,135,
Flowerwood,2024-08-04,130,
Flowerwood,2024-08-11,125,
Flowerwood,2024-08-16,120,
Flowerwood,2024-08-22,115,
Flowerwood,2024-09-05,110,
Flowerwood,2024-10-02,115,
Flowerwood,2024-10-28,110,
Flowerwood,2024-11-13,105,
Flowerwood,2024-11-26,95,
Flowerwood,2025-01-03,100,
Flowerwood,2025-01-06,105,
Flowerwood,2025-01-10,110,
Flowerwood,2025-01-13,115,
Flowerwood,2025-01-15,120,
Flowerwood,2025-01-20,125,
Flowerwood,2025-01-24,130,
Flowerwood,2025-01-26,135,
Flowerwood,2025-02-03,140,
Flowerwood,2025-02-07,145,
Flowerwood,2025-02-09,140,
Flowerwood,2025-02-23,135,
Flowerwood,2025-02-28,130,
Flowerwood,2025-03-04,125,
Flowerwood,2025-04-13,130,
Flowerwood,2025-04-20,135,
Flowerwood,2025-04-23,140,
Flowerwood,2025-05-12,145,
Flowerwood,2025-10-26,145,4
Flowerwood,2025-11-25,145,4
Flowerwood,2025-12-04,145,4
Flowerwood,2025-12-08,145,4
Flowerwood,2025-12-14,145,4
Flowerwood,2025-12-21,145,4
Flowerwood,2025-12-23,145,4
Flowerwood,2025-12-24,145,4
Flowerwood,2025-12-26,145,4
Flowerwood,2025-12-28,145,4
Flowerwood,2025-12-30,145,4
Flowerwood,2026-01-09,145,4
Flowerwood,2026-01-24,145,3
Flowerwood,2026-02-07,145,3
Flowerwood,2026-02-13,145,3
Flowerwood,2026-02-15,150,
Flowerwood,2026-02-19,155,
Flowerwood,2026-02-25,160,
Flowerwood,2026-02-27,165,
Flowerwood,2026-03-01,170,
Flowerwood,2026-03-04,175,
Flowerwood,2026-03-06,180,
Flowerwood,2026-03-09,185,
Flowerwood,2026-03-11,190,
Flowerwood,2026-03-14,195,
Flowerwood,2026-03-17,195,4
Flowerwood,2026-03-19,200,
Flowerwood,2026-03-21,200,4
Flowerwood,2026-03-25,200,4
Flowerwood,2026-04-13,200,4
Flowerwood,2026-04-19,200,4
Flowerwood,2026-04-20,200,4
Flowerwood,2026-04-22,200,4
Flowerwood,2026-04-24,200,4
Flowerwood,2026-04-27,200,4
Flowerwood,2026-04-28,200,3
Flowerwood,2026-05-02,200,3
Flowerwood,2026-05-03,200,3
Flowerwood,2026-05-06,200,3
Flowerwood,2026-05-09,200,3
Flowerwood,2026-05-11,200,3
Flowerwood,2026-05-12,200,3
Flowerwood,2026-05-14,200,3
Flowerwood,2026-05-17,200,3
Flowerwood,2026-05-19,200,3
Flowerwood,2026-05-21,200,3
Flowerwood,2026-05-23,200,3
Flowerwood,2026-05-24,200,3
Flowerwood,2026-06-07,205,
Flowerwood,2026-06-10,230,
Flowerwood,2026-06-12,255,
Flowerwood,2026-06-14,260,
Flowerwood,2026-06-17,255,
Flowerwood,2026-06-21,255,4
Flowerwood,2026-06-22,255,4
Flowerwood,2026-06-23,255,4
Flowerwood,2026-06-24,255,4
Flowerwood,2026-06-25,255,4
Flowerwood,2026-06-26,255,4
Flowerwood,2026-06-27,255,4
Flowerwood,2026-06-28,255,4
Flowerwood,2026-07-02,255,4
Flowerwood,2026-07-03,255,4
Flowerwood,2026-07-05,255,4
Flowerwood,2026-07-06,255,4
Flowerwood,2026-07-12,260,
Flowerwood,2026-07-14,260,4
Flowerwood,2026-07-17,260,4
Flowerwood,2026-07-25,260,4
Flowerwood,2026-07-27,260,4
Flowerwood,2026-07-28,260,4
Flowerwood,2026-07-30,260,4
Flowerwood,2026-07-31,260,4
Flowerwood,2026-08-02,260,4
Flowerwood,2026-08-03,260,4
Flowerwood,2026-08-04,260,4
Flowerwood,2026-08-05,260,4
Flowerwood,2026-08-06,260,4
Flowerwood,2026-08-07,260,4
Flowerwood,2026-08-08,260,4
Flowerwood,2026-08-09,260,4
Flowerwood,2026-08-10,260,4
Flowerwood,2026-08-11,260,4
Flowerwood,2026-08-13,260,4
Flowerwood,2026-08-14,260,4
Flowerwood,2026-08-15,260,4
Flowerwood,2026-08-16,260,4
Flowerwood,2026-08-17,260,4
Flowerwood,2026-08-18,260,4
Flowerwood,2026-08-19,260,4
Flowerwood,2026-08-20,260,4
Flowerwood,2026-08-21,260,4
Flowerwood,2026-08-22,260,4
Flowerwood,2026-08-24,260,4
Flowerwood,2026-09-02,260,4
Flowerwood,2026-09-03,260,4
Flowerwood,2026-09-04,260,4
Flowerwood,2026-09-05,260,4
Flowerwood,2026-09-06,260,4
Flowerwood,2026-09-07,260,4
Flowerwood,2026-09-12,260,4
Flowerwood,2026-09-17,260,4
Flowerwood,2026-09-18,260,4
Flowerwood,2026-09-19,260,4
Flowerwood,2026-09-20,260,4
Flowerwood Gun,2024-04-03,650,
Flowerwood Gun,2024-04-08,625,
Flowerwood Gun,2024-04-10,575,
Flowerwood Gun,2024-04-11,525,
Flowerwood Gun,2024-04-15,500,
Flowerwood Gun,2024-04-16,475,
Flowerwood Gun,2024-04-21,450,
Flowerwood Gun,2024-04-24,400,
Flowerwood Gun,2024-04-26,375,
Flowerwood Gun,2024-05-01,350,
Flowerwood Gun,2024-05-03,325,
Flowerwood Gun,2024-05-07,300,
Flowerwood Gun,2024-05-09,250,
Flowerwood Gun,2024-05-10,225,
Flowerwood Gun,2024-05-17,230,
Flowerwood Gun,2024-05-20,240,
Flowerwood Gun,2024-05-26,235,
Flowerwood Gun,2024-05-29,225,
Flowerwood Gun,2024-06-03,215,
Flowerwood Gun,2024-06-08,205,
Flowerwood Gun,2024-06-10,200,
Flowerwood Gun,2024-06-14,190,
Flowerwood Gun,2024-06-15,180,
Flowerwood Gun,2024-06-19,170,
Flowerwood Gun,2024-06-23,160,
Flowerwood Gun,2024-06-26,150,
Flowerwood Gun,2024-06-28,140,
Flowerwood Gun,2024-07-01,135,
Flowerwood Gun,2024-07-03,130,
Flowerwood Gun,2024-07-09,125,
Flowerwood Gun,2024-07-14,130,
Flowerwood Gun,2024-07-15,140,
Flowerwood Gun,2024-07-18,145,
Flowerwood Gun,2024-07-21,150,
Flowerwood Gun,2024-07-27,140,
Flowerwood Gun,2024-07-31,135,
Flowerwood Gun,2024-08-04,130,
Flowerwood Gun,2024-08-11,125,
Flowerwood Gun,2024-08-16,120,
Flowerwood Gun,2024-09-05,115,
Flowerwood Gun,2024-10-02,120,
Flowerwood Gun,2024-10-28,115,
Flowerwood Gun,2024-11-13,110,
Flowerwood Gun,2024-11-26,100,
Flowerwood Gun,2025-01-03,105,
Flowerwood Gun,2025-01-06,110,
Flowerwood Gun,2025-01-10,115,
Flowerwood Gun,2025-01-13,120,
Flowerwood Gun,2025-01-15,125,
Flowerwood Gun,2025-01-20,130,
Flowerwood Gun,2025-01-24,135,
Flowerwood Gun,2025-01-26,140,
Flowerwood Gun,2025-02-03,145,
Flowerwood Gun,2025-02-07,150,
Flowerwood Gun,2025-02-09,145,
Flowerwood Gun,2025-02-23,140,
Flowerwood Gun,2025-02-28,135,
Flowerwood Gun,2025-03-04,130,
Flowerwood Gun,2025-04-13,135,
Flowerwood Gun,2025-04-20,140,
Flowerwood Gun,2025-04-23,145,
Flowerwood Gun,2025-05-12,150,
Flowerwood Gun,2025-10-26,150,4
Flowerwood Gun,2025-11-25,150,4
Flowerwood Gun,2025-12-04,150,4
Flowerwood Gun,2025-12-08,150,4
Flowerwood Gun,2025-12-14,150,4
Flowerwood Gun,2025-12-21,150,4
Flowerwood Gun,2025-12-23,150,4
Flowerwood Gun,2025-12-24,150,4
Flowerwood Gun,2025-12-26,150,4
Flowerwood Gun,2025-12-28,150,4
Flowerwood Gun,2025-12-30,150,4
Flowerwood Gun,2026-01-09,150,4
Flowerwood Gun,2026-01-24,150,3
Flowerwood Gun,2026-02-07,150,3
Flowerwood Gun,2026-02-13,150,3
Flowerwood Gun,2026-02-15,155,
Flowerwood Gun,2026-02-19,160,
Flowerwood Gun,2026-02-25,165,
Flowerwood Gun,2026-02-27,170,
Flowerwood Gun,2026-03-01,175,
Flowerwood Gun,2026-03-04,180,
Flowerwood Gun,2026-03-06,185,
Flowerwood Gun,2026-03-09,190,
Flowerwood Gun,2026-03-11,195,
Flowerwood Gun,2026-03-14,200,
Flowerwood Gun,2026-03-17,200,4
Flowerwood Gun,2026-03-19,205,
Flowerwood Gun,2026-03-21,205,4
Flowerwood Gun,2026-03-25,205,4
Flowerwood Gun,2026-04-13,205,4
Flowerwood Gun,2026-04-19,205,4
Flowerwood Gun,2026-04-20,205,4
Flowerwood Gun,2026-04-22,205,4
Flowerwood Gun,2026-04-24,205,4
Flowerwood Gun,2026-04-27,205,4
Flowerwood Gun,2026-04-28,205,3
Flowerwood Gun,2026-05-02,205,3
Flowerwood Gun,2026-05-03,205,3
Flowerwood Gun,2026-05-06,205,3
Flowerwood Gun,2026-05-09,205,3
Flowerwood Gun,2026-05-11,205,3
Flowerwood Gun,2026-05-12,205,3
Flowerwood Gun,2026-05-14,205,3
Flowerwood Gun,2026-05-17,205,3
Flowerwood Gun,2026-05-19,205,3
Flowerwood Gun,2026-05-21,205,3
Flowerwood Gun,2026-05-23,205,3
Flowerwood Gun,2026-05-24,205,3
Flowerwood Gun,2026-06-07,210,
Flowerwood Gun,2026-06-10,235,
Flowerwood Gun,2026-06-12,260,
Flowerwood Gun,2026-06-14,265,
Flowerwood Gun,2026-06-17,260,
Flowerwood Gun,2026-06-21,260,4
Flowerwood Gun,2026-06-22,260,4
Flowerwood Gun,2026-06-23,260,4
Flowerwood Gun,2026-06-24,260,4
Flowerwood Gun,2026-06-25,260,4
Flowerwood Gun,2026-06-26,260,4
Flowerwood Gun,2026-06-27,260,4
Flowerwood Gun,2026-06-28,260,4
Flowerwood Gun,2026-07-02,260,4
Flowerwood Gun,2026-07-03,260,4
Flowerwood Gun,2026-07-05,260,4
Flowerwood Gun,2026-07-06,260,4
Flowerwood Gun,2026-07-12,265,
Flowerwood Gun,2026-07-14,265,4
Flowerwood Gun,2026-07-17,265,4
Flowerwood Gun,2026-07-25,265,4
Flowerwood Gun,2026-07-27,265,4
Flowerwood Gun,2026-07-28,265,4
Flowerwood Gun,2026-07-30,265,4
Flowerwood Gun,2026-07-31,265,4
Flowerwood Gun,2026-08-02,265,4
Flowerwood Gun,2026-08-03,265,4
Flowerwood Gun,2026-08-04,265,4
Flowerwood Gun,2026-08-05,265,4
Flowerwood Gun,2026-08-06,265,4
Flowerwood Gun,2026-08-07,265,4
Flowerwood Gun,2026-08-08,265,4
Flowerwood Gun,2026-08-09,265,4
Flowerwood Gun,2026-08-10,265,4
Flowerwood Gun,2026-08-11,265,4
Flowerwood Gun,2026-08-13,265,4
Flowerwood Gun,2026-08-14,265,4
Flowerwood Gun,2026-08-15,265,4
Flowerwood Gun,2026-08-16,265,4
Flowerwood Gun,2026-08-17,265,4
Flowerwood Gun,2026-08-18,265,4
Flowerwood Gun,2026-08-19,265,4
Flowerwood Gun,2026-08-20,265,4
Flowerwood Gun,2026-08-21,265,4
Flowerwood Gun,2026-08-22,265,4
Flowerwood Gun,2026-08-24,265,4
Flowerwood Gun,2026-09-02,265,4
Flowerwood Gun,2026-09-03,265,4
Flowerwood Gun,2026-09-04,265,4
Flowerwood Gun,2026-09-05,265,4
Flowerwood Gun,2026-09-06,265,4
Flowerwood Gun,2026-09-07,265,4
Flowerwood Gun,2026-09-12,265,4
Flowerwood Gun,2026-09-17,265,4
Flowerwood Gun,2026-09-18,265,4
Flowerwood Gun,2026-09-19,265,4
Flowerwood Gun,2026-09-20,265,4
Frostbite,2020-08-26,10,
Frostbite,2020-10-31,15,
Frostbite,2021-11-22,20,
Frostbite,2021-12-13,18,
Frostbite,2022-01-16,15,
Frostbite,2022-08-05,13,
Frostbite,2022-08-17,12,
Frostbite,2022-08-27,10,
Frostbite,2022-09-18,8,
Frostbite,2022-09-30,7,
Frostbite,2023-01-01,8,
Frostbite,2023-03-30,10,
Frostbite,2023-05-08,12,
Frostbite,2023-11-01,10,
Frostbite,2024-09-27,8,
Frostbite,2025-01-18,7,
Frostbite,2025-10-26,7,1
Frostbite,2025-11-25,7,1
Frostbite,2025-12-04,7,1
Frostbite,2025-12-08,7,1
Frostbite,2025-12-14,7,1
Frostbite,2025-12-21,7,1
Frostbite,2025-12-23,7,1
Frostbite,2025-12-24,7,1
Frostbite,2025-12-26,7,1
Frostbite,2025-12-28,7,1
Frostbite,2025-12-30,7,1
Frostbite,2026-01-09,7,1
Frostbite,2026-01-24,7,1
Frostbite,2026-02-07,7,1
Frostbite,2026-02-13,7,1
Frostbite,2026-02-19,7,1
Frostbite,2026-03-17,7,1
Frostbite,2026-03-21,7,1
Frostbite,2026-03-25,7,1
Frostbite,2026-04-13,7,1
Frostbite,2026-04-19,7,1
Frostbite,2026-04-20,7,1
Frostbite,2026-04-22,7,1
Frostbite,2026-04-24,7,1
Frostbite,2026-04-27,7,1
Frostbite,2026-04-28,7,1
Frostbite,2026-05-02,7,1
Frostbite,2026-05-03,7,1
Frostbite,2026-05-06,7,1
Frostbite,2026-05-09,7,1
Frostbite,2026-05-11,7,1
Frostbite,2026-05-12,7,1
Frostbite,2026-05-14,7,1
Frostbite,2026-05-17,7,1
Frostbite,2026-05-19,7,1
Frostbite,2026-05-21,7,1
Frostbite,2026-05-23,7,1
Frostbite,2026-05-24,7,1
Frostbite,2026-06-21,7,1
Frostbite,2026-06-22,7,1
Frostbite,2026-06-23,7,1
Frostbite,2026-06-24,7,1
Frostbite,2026-06-25,7,1
Frostbite,2026-06-26,7,1
Frostbite,2026-06-27,7,1
Frostbite,2026-06-28,7,1
Frostbite,2026-07-02,7,1
Frostbite,2026-07-03,7,1
Frostbite,2026-07-05,7,1
Frostbite,2026-07-06,7,1
Frostbite,2026-07-12,7,1
Frostbite,2026-07-14,7,1
Frostbite,2026-07-17,7,1
Frostbite,2026-07-25,7,1
Frostbite,2026-07-27,7,1
Frostbite,2026-07-28,7,1
Frostbite,2026-07-30,7,1
Frostbite,2026-07-31,7,1
Frostbite,2026-08-02,7,1
Frostbite,2026-08-03,7,1
Frostbite,2026-08-04,7,1
Frostbite,2026-08-05,7,1
Frostbite,2026-08-06,7,1
Frostbite,2026-08-07,7,1
Frostbite,2026-08-08,7,1
Frostbite,2026-08-09,7,1
Frostbite,2026-08-10,7,1
Frostbite,2026-08-11,7,1
Frostbite,2026-08-13,7,1
Frostbite,2026-08-14,7,1
Frostbite,2026-08-15,7,1
Frostbite,2026-08-16,7,1
Frostbite,2026-08-17,7,1
Frostbite,2026-08-18,7,1
Frostbite,2026-08-19,7,1
Frostbite,2026-08-20,7,1
Frostbite,2026-08-21,7,1
Frostbite,2026-08-22,7,1
Frostbite,2026-08-24,7,1
Frostbite,2026-09-02,7,1
Frostbite,2026-09-03,7,1
Frostbite,2026-09-04,7,1
Frostbite,2026-09-05,7,1
Frostbite,2026-09-06,7,1
Frostbite,2026-09-07,7,1
Frostbite,2026-09-12,7,1
Frostbite,2026-09-17,7,1
Frostbite,2026-09-18,7,1
Frostbite,2026-09-19,7,1
Frostbite,2026-09-20,7,1
Frostsaber,2020-08-26,20,
Frostsaber,2020-10-31,25,
Frostsaber,2021-01-03,30,
Frostsaber,2021-01-22,25,
Frostsaber,2021-05-07,22,
Frostsaber,2021-11-22,20,
Frostsaber,2021-12-13,22,
Frostsaber,2022-11-06,25,
Frostsaber,2023-09-16,22,
Frostsaber,2024-03-29,20,
Frostsaber,2024-04-24,18,
Frostsaber,2024-09-27,17,
Frostsaber,2024-11-08,15,
Frostsaber,2025-01-15,13,
Frostsaber,2025-02-07,15,
Frostsaber,2025-04-13,13,
Frostsaber,2025-09-17,10,
Frostsaber,2025-10-26,10,1
Frostsaber,2025-11-25,10,1
Frostsaber,2025-12-04,10,1
Frostsaber,2025-12-08,10,1
Frostsaber,2025-12-14,10,1
Frostsaber,2025-12-21,10,1
Frostsaber,2025-12-23,10,1
Frostsaber,2025-12-24,10,1
Frostsaber,2025-12-26,10,1
Frostsaber,2025-12-28,10,1
Frostsaber,2025-12-30,10,1
Frostsaber,2026-01-09,10,1
Frostsaber,2026-01-24,10,1
Frostsaber,2026-02-07,10,1
Frostsaber,2026-02-13,10,1
Frostsaber,2026-02-19,10,1
Frostsaber,2026-03-17,10,1
Frostsaber,2026-03-21,10,1
Frostsaber,2026-03-25,10,1
Frostsaber,2026-04-13,10,1
Frostsaber,2026-04-19,10,1
Frostsaber,2026-04-20,10,1
Frostsaber,2026-04-22,10,1
Frostsaber,2026-04-24,10,1
Frostsaber,2026-04-27,10,1
Frostsaber,2026-04-28,10,1
Frostsaber,2026-05-02,10,1
Frostsaber,2026-05-03,10,1
Frostsaber,2026-05-06,10,1
Frostsaber,2026-05-09,10,1
Frostsaber,2026-05-11,10,1
Frostsaber,2026-05-12,10,1
Frostsaber,2026-05-14,10,1
Frostsaber,2026-05-17,10,1
Frostsaber,2026-05-19,10,1
Frostsaber,2026-05-21,10,1
Frostsaber,2026-05-23,10,1
Frostsaber,2026-05-24,10,1
Frostsaber,2026-06-21,10,1
Frostsaber,2026-06-22,10,1
Frostsaber,2026-06-23,10,1
Frostsaber,2026-06-24,10,1
Frostsaber,2026-06-25,10,1
Frostsaber,2026-06-26,10,1
Frostsaber,2026-06-27,10,1
Frostsaber,2026-06-28,10,1
Frostsaber,2026-07-02,10,1
Frostsaber,2026-07-03,10,1
Frostsaber,2026-07-05,10,1
Frostsaber,2026-07-06,10,1
Frostsaber,2026-07-12,10,1
Frostsaber,2026-07-14,10,1
Frostsaber,2026-07-17,10,1
Frostsaber,2026-07-25,10,1
Frostsaber,2026-07-27,10,1
Frostsaber,2026-07-28,10,1
Frostsaber,2026-07-30,10,1
Frostsaber,2026-07-31,10,1
Frostsaber,2026-08-02,10,1
Frostsaber,2026-08-03,10,1
Frostsaber,2026-08-04,10,1
Frostsaber,2026-08-05,10,1
Frostsaber,2026-08-06,10,1
Frostsaber,2026-08-07,10,1
Frostsaber,2026-08-08,10,1
Frostsaber,2026-08-09,10,1
Frostsaber,2026-08-10,10,1
Frostsaber,2026-08-11,10,1
Frostsaber,2026-08-13,10,1
Frostsaber,2026-08-14,10,1
Frostsaber,2026-08-15,10,1
Frostsaber,2026-08-16,10,1
Frostsaber,2026-08-17,10,1
Frostsaber,2026-08-18,10,1
Frostsaber,2026-08-19,10,1
Frostsaber,2026-08-20,10,1
Frostsaber,2026-08-21,10,1
Frostsaber,2026-08-22,10,1
Frostsaber,2026-08-24,10,1
Frostsaber,2026-09-02,10,1
Frostsaber,2026-09-03,10,1
Frostsaber,2026-09-04,10,1
Frostsaber,2026-09-05,10,1
Frostsaber,2026-09-06,10,1
Frostsaber,2026-09-07,10,1
Frostsaber,2026-09-12,10,1
Frostsaber,2026-09-17,10,1
Frostsaber,2026-09-18,10,1
Frostsaber,2026-09-19,10,1
Frostsaber,2026-09-20,10,1
Gemstone,2020-08-26,30,
Gemstone,2021-01-22,25,
Gemstone,2021-01-26,28,
Gemstone,2021-03-09,25,
Gemstone,2021-11-22,20,
Gemstone,2023-01-08,22,
Gemstone,2023-04-15,25,
Gemstone,2023-05-08,28,
Gemstone,2024-03-29,27,
Gemstone,2024-04-24,25,
Gemstone,2024-09-23,23,
Gemstone,2025-01-15,25,
Gemstone,2025-09-17,20,
Gemstone,2025-09-18,18,
Gemstone,2025-10-26,18,1
Gemstone,2025-11-25,18,1
Gemstone,2025-12-04,18,1
Gemstone,2025-12-08,18,1
Gemstone,2025-12-14,18,1
Gemstone,2025-12-21,17,
Gemstone,2025-12-23,17,1
Gemstone,2025-12-24,17,1
Gemstone,2025-12-26,17,1
Gemstone,2025-12-28,17,1
Gemstone,2025-12-30,17,1
Gemstone,2026-01-09,17,1
Gemstone,2026-01-24,17,1
Gemstone,2026-02-07,17,1
Gemstone,2026-02-13,17,1
Gemstone,2026-02-19,17,1
Gemstone,2026-03-17,17,1
Gemstone,2026-03-21,17,1
Gemstone,2026-03-25,17,1
Gemstone,2026-04-13,17,1
Gemstone,2026-04-19,17,1
Gemstone,2026-04-20,17,1
Gemstone,2026-04-22,17,1
Gemstone,2026-04-24,17,1
Gemstone,2026-04-27,17,1
Gemstone,2026-04-28,17,1
Gemstone,2026-05-02,17,1
Gemstone,2026-05-03,17,1
Gemstone,2026-05-06,17,1
Gemstone,2026-05-09,17,1
Gemstone,2026-05-11,17,1
Gemstone,2026-05-12,17,1
Gemstone,2026-05-14,17,1
Gemstone,2026-05-17,17,1
Gemstone,2026-05-19,17,1
Gemstone,2026-05-21,17,1
Gemstone,2026-05-23,17,1
Gemstone,2026-05-24,15,1
Gemstone,2026-06-21,15,1
Gemstone,2026-06-22,15,1
Gemstone,2026-06-23,15,1
Gemstone,2026-06-24,15,1
Gemstone,2026-06-25,15,1
Gemstone,2026-06-26,15,1
Gemstone,2026-06-27,15,1
Gemstone,2026-06-28,15,1
Gemstone,2026-07-02,15,1
Gemstone,2026-07-03,15,1
Gemstone,2026-07-05,15,1
Gemstone,2026-07-06,15,1
Gemstone,2026-07-12,15,1
Gemstone,2026-07-14,15,1
Gemstone,2026-07-17,15,1
Gemstone,2026-07-25,15,1
Gemstone,2026-07-27,15,1
Gemstone,2026-07-28,15,1
Gemstone,2026-07-30,15,1
Gemstone,2026-07-31,15,1
Gemstone,2026-08-02,15,1
Gemstone,2026-08-03,15,1
Gemstone,2026-08-04,15,1
Gemstone,2026-08-05,15,1
Gemstone,2026-08-06,15,1
Gemstone,2026-08-07,15,1
Gemstone,2026-08-08,15,1
Gemstone,2026-08-09,15,1
Gemstone,2026-08-10,15,1
Gemstone,2026-08-11,15,1
Gemstone,2026-08-13,15,1
Gemstone,2026-08-14,15,1
Gemstone,2026-08-15,15,1
Gemstone,2026-08-16,15,1
Gemstone,2026-08-17,15,1
Gemstone,2026-08-18,15,1
Gemstone,2026-08-19,15,1
Gemstone,2026-08-20,15,1
Gemstone,2026-08-21,15,1
Gemstone,2026-08-22,15,1
Gemstone,2026-08-24,15,1
Gemstone,2026-09-02,15,1
Gemstone,2026-09-03,15,1
Gemstone,2026-09-04,15,1
Gemstone,2026-09-05,15,1
Gemstone,2026-09-06,15,1
Gemstone,2026-09-07,15,1
Gemstone,2026-09-12,15,1
Gemstone,2026-09-17,15,1
Gemstone,2026-09-18,15,1
Gemstone,2026-09-19,15,1
Gemstone,2026-09-20,15,1
Ghostblade,2020-08-26,15,
Ghostblade,2021-06-28,18,
Ghostblade,2021-07-18,20,
Ghostblade,2021-11-22,28,
Ghostblade,2021-12-13,25,
Ghostblade,2022-08-04,22,
Ghostblade,2022-08-05,20,
Ghostblade,2022-08-17,18,
Ghostblade,2022-08-27,15,
Ghostblade,2022-09-30,13,
Ghostblade,2022-10-09,10,
Ghostblade,2022-10-18,8,
Ghostblade,2023-01-01,10,
Ghostblade,2023-01-17,12,
Ghostblade,2023-05-08,13,
Ghostblade,2023-06-07,12,
Ghostblade,2023-11-01,10,
Ghostblade,2025-02-07,8,
Ghostblade,2025-04-13,7,
Ghostblade,2025-10-26,7,1
Ghostblade,2025-11-25,7,1
Ghostblade,2025-12-04,7,1
Ghostblade,2025-12-08,7,1
Ghostblade,2025-12-14,7,1
Ghostblade,2025-12-21,7,1
Ghostblade,2025-12-23,7,1
Ghostblade,2025-12-24,7,1
Ghostblade,2025-12-26,7,1
Ghostblade,2025-12-28,7,1
Ghostblade,2025-12-30,7,1
Ghostblade,2026-01-09,7,1
Ghostblade,2026-01-24,7,1
Ghostblade,2026-02-07,7,1
Ghostblade,2026-02-13,7,1
Ghostblade,2026-02-19,7,1
Ghostblade,2026-03-17,7,1
Ghostblade,2026-03-21,7,1
Ghostblade,2026-03-25,7,1
Ghostblade,2026-04-13,7,1
Ghostblade,2026-04-19,7,1
Ghostblade,2026-04-20,7,1
Ghostblade,2026-04-22,7,1
Ghostblade,2026-04-24,7,1
Ghostblade,2026-04-27,7,1
Ghostblade,2026-04-28,7,1
Ghostblade,2026-05-02,7,1
Ghostblade,2026-05-03,7,1
Ghostblade,2026-05-06,7,1
Ghostblade,2026-05-09,7,1
Ghostblade,2026-05-11,7,1
Ghostblade,2026-05-12,7,1
Ghostblade,2026-05-14,7,1
Ghostblade,2026-05-17,7,1
Ghostblade,2026-05-19,7,1
Ghostblade,2026-05-21,7,1
Ghostblade,2026-05-23,7,1
Ghostblade,2026-05-24,7,1
Ghostblade,2026-06-21,7,1
Ghostblade,2026-06-22,7,1
Ghostblade,2026-06-23,7,1
Ghostblade,2026-06-24,7,1
Ghostblade,2026-06-25,7,1
Ghostblade,2026-06-26,7,1
Ghostblade,2026-06-27,7,1
Ghostblade,2026-06-28,7,1
Ghostblade,2026-07-02,7,1
Ghostblade,2026-07-03,7,1
Ghostblade,2026-07-05,7,1
Ghostblade,2026-07-06,7,1
Ghostblade,2026-07-12,7,1
Ghostblade,2026-07-14,7,1
Ghostblade,2026-07-17,7,1
Ghostblade,2026-07-25,7,1
Ghostblade,2026-07-27,7,1
Ghostblade,2026-07-28,7,1
Ghostblade,2026-07-30,7,1
Ghostblade,2026-07-31,7,1
Ghostblade,2026-08-02,7,1
Ghostblade,2026-08-03,7,1
Ghostblade,2026-08-04,7,1
Ghostblade,2026-08-05,7,1
Ghostblade,2026-08-06,7,1
Ghostblade,2026-08-07,7,1
Ghostblade,2026-08-08,7,1
Ghostblade,2026-08-09,7,1
Ghostblade,2026-08-10,7,1
Ghostblade,2026-08-11,7,1
Ghostblade,2026-08-13,7,1
Ghostblade,2026-08-14,7,1
Ghostblade,2026-08-15,7,1
Ghostblade,2026-08-16,7,1
Ghostblade,2026-08-17,7,1
Ghostblade,2026-08-18,7,1
Ghostblade,2026-08-19,7,1
Ghostblade,2026-08-20,7,1
Ghostblade,2026-08-21,7,1
Ghostblade,2026-08-22,7,1
Ghostblade,2026-08-24,7,1
Ghostblade,2026-09-02,7,1
Ghostblade,2026-09-03,7,1
Ghostblade,2026-09-04,7,1
Ghostblade,2026-09-05,7,1
Ghostblade,2026-09-06,7,1
Ghostblade,2026-09-07,7,1
Ghostblade,2026-09-12,7,1
Ghostblade,2026-09-17,7,1
Ghostblade,2026-09-18,7,1
Ghostblade,2026-09-19,7,1
Ghostblade,2026-09-20,7,1
Ginger Luger,2020-08-26,95,
Ginger Luger,2020-11-10,105,
Ginger Luger,2021-01-22,110,
Ginger Luger,2021-03-09,105,
Ginger Luger,2021-06-28,95,
Ginger Luger,2021-07-18,90,
Ginger Luger,2021-08-17,85,
Ginger Luger,2021-10-02,90,
Ginger Luger,2022-01-16,85,
Ginger Luger,2022-02-03,80,
Ginger Luger,2022-02-16,70,
Ginger Luger,2022-03-07,65,
Ginger Luger,2022-03-14,60,
Ginger Luger,2022-07-28,55,
Ginger Luger,2022-08-11,50,
Ginger Luger,2022-08-27,45,
Ginger Luger,2022-08-30,40,
Ginger Luger,2022-09-11,38,
Ginger Luger,2022-11-06,40,
Ginger Luger,2023-06-01,35,
Ginger Luger,2023-09-16,32,
Ginger Luger,2023-11-01,35,
Ginger Luger,2023-12-03,32,
Ginger Luger,2024-03-29,28,
Ginger Luger,2024-04-24,27,
Ginger Luger,2024-07-06,25,
Ginger Luger,2024-09-23,23,
Ginger Luger,2025-09-17,20,
Ginger Luger,2025-10-26,20,2
Ginger Luger,2025-11-25,20,2
Ginger Luger,2025-12-04,20,2
Ginger Luger,2025-12-08,20,2
Ginger Luger,2025-12-14,20,2
Ginger Luger,2025-12-21,20,2
Ginger Luger,2025-12-23,20,2
Ginger Luger,2025-12-24,20,2
Ginger Luger,2025-12-26,20,2
Ginger Luger,2025-12-28,20,2
Ginger Luger,2025-12-30,20,2
Ginger Luger,2026-01-09,20,2
Ginger Luger,2026-01-24,20,2
Ginger Luger,2026-02-07,20,2
Ginger Luger,2026-02-13,20,2
Ginger Luger,2026-02-19,20,2
Ginger Luger,2026-03-17,20,2
Ginger Luger,2026-03-21,20,2
Ginger Luger,2026-03-25,20,2
Ginger Luger,2026-04-13,20,2
Ginger Luger,2026-04-19,20,2
Ginger Luger,2026-04-20,20,2
Ginger Luger,2026-04-22,20,2
Ginger Luger,2026-04-24,20,2
Ginger Luger,2026-04-27,20,2
Ginger Luger,2026-04-28,20,2
Ginger Luger,2026-05-02,20,2
Ginger Luger,2026-05-03,20,2
Ginger Luger,2026-05-06,20,2
Ginger Luger,2026-05-09,20,2
Ginger Luger,2026-05-11,20,2
Ginger Luger,2026-05-12,20,2
Ginger Luger,2026-05-14,20,2
Ginger Luger,2026-05-17,20,2
Ginger Luger,2026-05-19,20,2
Ginger Luger,2026-05-21,20,2
Ginger Luger,2026-05-23,20,2
Ginger Luger,2026-05-24,17,1
Ginger Luger,2026-06-21,17,1
Ginger Luger,2026-06-22,17,1
Ginger Luger,2026-06-23,17,1
Ginger Luger,2026-06-24,17,1
Ginger Luger,2026-06-25,17,1
Ginger Luger,2026-06-26,17,1
Ginger Luger,2026-06-27,17,1
Ginger Luger,2026-06-28,17,1
Ginger Luger,2026-07-02,17,1
Ginger Luger,2026-07-03,17,1
Ginger Luger,2026-07-05,17,1
Ginger Luger,2026-07-06,17,1
Ginger Luger,2026-07-12,17,1
Ginger Luger,2026-07-14,17,1
Ginger Luger,2026-07-17,17,1
Ginger Luger,2026-07-25,17,1
Ginger Luger,2026-07-27,17,1
Ginger Luger,2026-07-28,17,1
Ginger Luger,2026-07-30,17,1
Ginger Luger,2026-07-31,17,1
Ginger Luger,2026-08-02,17,1
Ginger Luger,2026-08-03,17,1
Ginger Luger,2026-08-04,17,1
Ginger Luger,2026-08-05,17,1
Ginger Luger,2026-08-06,17,1
Ginger Luger,2026-08-07,17,1
Ginger Luger,2026-08-08,17,1
Ginger Luger,2026-08-09,17,1
Ginger Luger,2026-08-10,17,1
Ginger Luger,2026-08-11,17,1
Ginger Luger,2026-08-13,17,1
Ginger Luger,2026-08-14,17,1
Ginger Luger,2026-08-15,17,1
Ginger Luger,2026-08-16,17,1
Ginger Luger,2026-08-17,17,1
Ginger Luger,2026-08-18,17,1
Ginger Luger,2026-08-19,17,1
Ginger Luger,2026-08-20,17,1
Ginger Luger,2026-08-21,17,1
Ginger Luger,2026-08-22,17,1
Ginger Luger,2026-08-24,17,1
Ginger Luger,2026-09-02,17,1
Ginger Luger,2026-09-03,17,1
Ginger Luger,2026-09-04,17,1
Ginger Luger,2026-09-05,17,1
Ginger Luger,2026-09-06,17,1
Ginger Luger,2026-09-07,17,1
Ginger Luger,2026-09-12,17,1
Ginger Luger,2026-09-17,17,1
Ginger Luger,2026-09-18,17,1
Ginger Luger,2026-09-19,17,1
Ginger Luger,2026-09-20,17,1
Gingerblade,2020-08-26,20,
Gingerblade,2020-10-31,25,
Gingerblade,2021-01-03,30,
Gingerblade,2021-01-22,28,
Gingerblade,2021-11-22,30,
Gingerblade,2022-02-16,32,
Gingerblade,2022-03-14,35,
Gingerblade,2023-06-01,32,
Gingerblade,2023-07-15,30,
Gingerblade,2023-12-03,28,
Gingerblade,2024-01-02,27,
Gingerblade,2024-03-29,25,
Gingerblade,2024-04-24,23,
Gingerblade,2024-09-23,22,
Gingerblade,2025-07-19,20,
Gingerblade,2025-09-17,18,
Gingerblade,2025-10-26,18,1
Gingerblade,2025-11-25,18,1
Gingerblade,2025-12-04,18,1
Gingerblade,2025-12-08,18,1
Gingerblade,2025-12-14,18,1
Gingerblade,2025-12-21,18,1
Gingerblade,2025-12-23,18,1
Gingerblade,2025-12-24,18,1
Gingerblade,2025-12-26,18,1
Gingerblade,2025-12-28,18,1
Gingerblade,2025-12-30,18,1
Gingerblade,2026-01-09,18,1
Gingerblade,2026-01-24,18,1
Gingerblade,2026-02-07,18,1
Gingerblade,2026-02-13,18,1
Gingerblade,2026-02-19,18,1
Gingerblade,2026-03-14,17,
Gingerblade,2026-03-17,17,1
Gingerblade,2026-03-21,17,1
Gingerblade,2026-03-25,17,1
Gingerblade,2026-04-13,17,1
Gingerblade,2026-04-19,17,1
Gingerblade,2026-04-20,17,1
Gingerblade,2026-04-22,17,1
Gingerblade,2026-04-24,17,1
Gingerblade,2026-04-27,17,1
Gingerblade,2026-04-28,17,1
Gingerblade,2026-05-02,17,1
Gingerblade,2026-05-03,17,1
Gingerblade,2026-05-06,17,1
Gingerblade,2026-05-09,17,1
Gingerblade,2026-05-11,17,1
Gingerblade,2026-05-12,17,1
Gingerblade,2026-05-14,17,1
Gingerblade,2026-05-17,17,1
Gingerblade,2026-05-19,17,1
Gingerblade,2026-05-21,17,1
Gingerblade,2026-05-23,17,1
Gingerblade,2026-05-24,15,1
Gingerblade,2026-06-21,15,1
Gingerblade,2026-06-22,15,1
Gingerblade,2026-06-23,15,1
Gingerblade,2026-06-24,15,1
Gingerblade,2026-06-25,15,1
Gingerblade,2026-06-26,15,1
Gingerblade,2026-06-27,15,1
Gingerblade,2026-06-28,15,1
Gingerblade,2026-07-02,15,1
Gingerblade,2026-07-03,15,1
Gingerblade,2026-07-05,15,1
Gingerblade,2026-07-06,15,1
Gingerblade,2026-07-12,13,
Gingerblade,2026-07-14,13,1
Gingerblade,2026-07-17,13,1
Gingerblade,2026-07-25,13,1
Gingerblade,2026-07-27,13,1
Gingerblade,2026-07-28,13,1
Gingerblade,2026-07-30,13,1
Gingerblade,2026-07-31,13,1
Gingerblade,2026-08-02,13,1
Gingerblade,2026-08-03,13,1
Gingerblade,2026-08-04,13,1
Gingerblade,2026-08-05,13,1
Gingerblade,2026-08-06,13,1
Gingerblade,2026-08-07,13,1
Gingerblade,2026-08-08,13,1
Gingerblade,2026-08-09,13,1
Gingerblade,2026-08-10,13,1
Gingerblade,2026-08-11,13,1
Gingerblade,2026-08-13,13,1
Gingerblade,2026-08-14,13,1
Gingerblade,2026-08-15,13,1
Gingerblade,2026-08-16,13,1
Gingerblade,2026-08-17,13,1
Gingerblade,2026-08-18,13,1
Gingerblade,2026-08-19,13,1
Gingerblade,2026-08-20,13,1
Gingerblade,2026-08-21,13,1
Gingerblade,2026-08-22,13,1
Gingerblade,2026-08-24,13,1
Gingerblade,2026-09-02,13,1
Gingerblade,2026-09-03,13,1
Gingerblade,2026-09-04,13,1
Gingerblade,2026-09-05,13,1
Gingerblade,2026-09-06,13,1
Gingerblade,2026-09-07,13,1
Gingerblade,2026-09-12,13,1
Gingerblade,2026-09-17,13,1
Gingerblade,2026-09-18,13,1
Gingerblade,2026-09-19,13,1
Gingerblade,2026-09-20,13,1
Gingermint,2022-12-23,6000,
Gingermint,2022-12-27,5500,
Gingermint,2022-12-31,4750,
Gingermint,2023-01-01,4500,
Gingermint,2023-01-06,4250,
Gingermint,2023-01-08,4100,
Gingermint,2023-01-10,4000,
Gingermint,2023-01-14,3700,
Gingermint,2023-01-16,3600,
Gingermint,2023-01-17,3500,
Gingermint,2023-01-20,3300,
Gingermint,2023-01-21,3200,
Gingermint,2023-01-24,3000,
Gingermint,2023-03-06,2900,
Gingermint,2023-03-19,2800,
Gingermint,2023-03-26,2750,
Gingermint,2023-03-30,2700,
Gingermint,2023-04-04,2500,
Gingermint,2023-04-05,2200,
Gingermint,2023-04-07,2100,
Gingermint,2023-04-10,2000,
Gingermint,2023-04-12,1900,
Gingermint,2023-04-30,1800,
Gingermint,2023-05-08,1750,
Gingermint,2023-05-10,1700,
Gingermint,2023-05-13,1600,
Gingermint,2023-05-16,1500,
Gingermint,2023-05-27,1450,
Gingermint,2023-06-01,1400,
Gingermint,2023-06-02,1350,
Gingermint,2023-06-07,1300,
Gingermint,2023-07-24,1250,
Gingermint,2023-08-01,1200,
Gingermint,2023-08-16,1150,
Gingermint,2023-08-24,1100,
Gingermint,2023-08-29,1000,
Gingermint,2023-09-05,950,
Gingermint,2023-09-08,900,
Gingermint,2023-09-16,850,
Gingermint,2023-09-18,825,
Gingermint,2023-09-20,800,
Gingermint,2023-09-28,750,
Gingermint,2023-10-21,725,
Gingermint,2023-10-23,700,
Gingermint,2023-11-09,675,
Gingermint,2023-11-22,650,
Gingermint,2024-01-12,625,
Gingermint,2024-01-16,600,
Gingermint,2024-01-29,575,
Gingermint,2024-02-02,550,
Gingermint,2024-02-07,500,
Gingermint,2024-02-10,450,
Gingermint,2024-02-14,425,
Gingermint,2024-02-20,400,
Gingermint,2024-02-29,375,
Gingermint,2024-03-04,350,
Gingermint,2024-03-11,325,
Gingermint,2024-03-18,300,
Gingermint,2024-04-03,275,
Gingermint,2024-04-10,250,
Gingermint,2024-04-15,200,
Gingermint,2024-04-16,175,
Gingermint,2024-04-21,150,
Gingermint,2024-04-24,130,
Gingermint,2024-04-26,120,
Gingermint,2024-05-20,115,
Gingermint,2024-05-31,110,
Gingermint,2024-06-08,105,
Gingermint,2024-06-23,100,
Gingermint,2024-06-26,95,
Gingermint,2024-06-28,90,
Gingermint,2024-07-11,85,
Gingermint,2024-07-29,90,
Gingermint,2024-08-29,85,
Gingermint,2024-09-08,80,
Gingermint,2024-09-18,75,
Gingermint,2024-09-23,70,
Gingermint,2024-10-28,65,
Gingermint,2024-11-08,62,
Gingermint,2024-11-13,60,
Gingermint,2024-11-22,55,
Gingermint,2025-01-13,50,
Gingermint,2025-01-15,45,
Gingermint,2025-01-24,40,
Gingermint,2025-01-29,35,
Gingermint,2025-02-14,30,
Gingermint,2025-03-09,27,
Gingermint,2025-03-11,25,
Gingermint,2025-04-20,23,
Gingermint,2025-09-17,22,
Gingermint,2025-10-08,20,
Gingermint,2025-10-26,20,2
Gingermint,2025-11-25,20,2
Gingermint,2025-12-04,20,2
Gingermint,2025-12-08,20,2
Gingermint,2025-12-14,20,2
Gingermint,2025-12-21,20,2
Gingermint,2025-12-23,20,2
Gingermint,2025-12-24,20,2
Gingermint,2025-12-26,20,2
Gingermint,2025-12-28,20,2
Gingermint,2025-12-30,20,2
Gingermint,2026-01-09,20,2
Gingermint,2026-01-24,20,2
Gingermint,2026-02-07,20,2
Gingermint,2026-02-13,20,2
Gingermint,2026-02-19,20,2
Gingermint,2026-03-14,18,
Gingermint,2026-03-17,18,2
Gingermint,2026-03-21,18,2
Gingermint,2026-03-25,18,2
Gingermint,2026-04-13,18,2
Gingermint,2026-04-19,18,2
Gingermint,2026-04-20,18,2
Gingermint,2026-04-22,18,2
Gingermint,2026-04-24,18,2
Gingermint,2026-04-27,18,2
Gingermint,2026-04-28,18,2
Gingermint,2026-05-02,18,2
Gingermint,2026-05-03,18,2
Gingermint,2026-05-06,18,2
Gingermint,2026-05-09,18,2
Gingermint,2026-05-11,18,2
Gingermint,2026-05-12,18,2
Gingermint,2026-05-14,18,2
Gingermint,2026-05-17,18,2
Gingermint,2026-05-19,18,2
Gingermint,2026-05-21,18,2
Gingermint,2026-05-23,18,2
Gingermint,2026-05-24,15,1
Gingermint,2026-06-21,15,1
Gingermint,2026-06-22,15,1
Gingermint,2026-06-23,15,1
Gingermint,2026-06-24,15,1
Gingermint,2026-06-25,15,1
Gingermint,2026-06-26,15,1
Gingermint,2026-06-27,15,1
Gingermint,2026-06-28,15,1
Gingermint,2026-07-02,15,1
Gingermint,2026-07-03,15,1
Gingermint,2026-07-05,15,1
Gingermint,2026-07-06,15,1
Gingermint,2026-07-12,13,
Gingermint,2026-07-14,13,1
Gingermint,2026-07-17,13,1
Gingermint,2026-07-21,12,
Gingermint,2026-07-25,12,1
Gingermint,2026-07-27,12,1
Gingermint,2026-07-28,12,1
Gingermint,2026-07-30,12,1
Gingermint,2026-07-31,12,1
Gingermint,2026-08-02,12,1
Gingermint,2026-08-03,12,1
Gingermint,2026-08-04,12,1
Gingermint,2026-08-05,12,1
Gingermint,2026-08-06,12,1
Gingermint,2026-08-07,12,1
Gingermint,2026-08-08,12,1
Gingermint,2026-08-09,12,1
Gingermint,2026-08-10,12,1
Gingermint,2026-08-11,12,1
Gingermint,2026-08-13,12,1
Gingermint,2026-08-14,12,1
Gingermint,2026-08-15,12,1
Gingermint,2026-08-16,12,1
Gingermint,2026-08-17,12,1
Gingermint,2026-08-18,12,1
Gingermint,2026-08-19,12,1
Gingermint,2026-08-20,12,1
Gingermint,2026-08-21,12,1
Gingermint,2026-08-22,12,1
Gingermint,2026-08-24,12,1
Gingermint,2026-09-02,12,1
Gingermint,2026-09-03,12,1
Gingermint,2026-09-04,12,1
Gingermint,2026-09-05,12,1
Gingermint,2026-09-06,12,1
Gingermint,2026-09-07,12,1
Gingermint,2026-09-12,12,1
Gingermint,2026-09-17,12,1
Gingermint,2026-09-18,12,1
Gingermint,2026-09-19,12,1
Gingermint,2026-09-20,12,1
Green Luger,2020-08-26,135,
Green Luger,2020-10-31,165,
Green Luger,2020-11-17,170,
Green Luger,2020-11-26,180,
Green Luger,2020-12-14,185,
Green Luger,2020-12-28,180,
Green Luger,2021-01-26,170,
Green Luger,2021-02-22,160,
Green Luger,2021-03-09,150,
Green Luger,2021-03-20,135,
Green Luger,2021-03-23,125,
Green Luger,2021-04-08,120,
Green Luger,2021-04-26,110,
Green Luger,2021-05-07,105,
Green Luger,2021-06-18,100,
Green Luger,2021-06-28,90,
Green Luger,2021-07-18,85,
Green Luger,2021-09-05,90,
Green Luger,2021-11-22,100,
Green Luger,2021-11-23,105,
Green Luger,2021-11-28,110,
Green Luger,2021-12-13,115,
Green Luger,2022-01-08,120,
Green Luger,2022-02-16,110,
Green Luger,2022-03-07,105,
Green Luger,2022-03-14,95,
Green Luger,2022-04-02,85,
Green Luger,2022-05-19,80,
Green Luger,2022-06-06,75,
Green Luger,2022-07-28,70,
Green Luger,2022-08-05,65,
Green Luger,2022-08-11,60,
Green Luger,2022-08-27,55,
Green Luger,2022-08-30,50,
Green Luger,2022-11-06,45,
Green Luger,2023-01-06,50,
Green Luger,2023-01-20,55,
Green Luger,2023-02-02,60,
Green Luger,2023-02-07,65,
Green Luger,2023-03-03,70,
Green Luger,2023-04-21,65,
Green Luger,2023-06-01,60,
Green Luger,2023-06-07,55,
Green Luger,2023-07-11,50,
Green Luger,2023-09-16,45,
Green Luger,2023-10-01,43,
Green Luger,2023-10-07,40,
Green Luger,2023-10-15,38,
Green Luger,2023-11-01,37,
Green Luger,2023-12-03,35,
Green Luger,2024-01-02,33,
Green Luger,2024-03-29,30,
Green Luger,2024-09-23,32,
Green Luger,2024-10-16,35,
Green Luger,2024-10-28,40,
Green Luger,2025-09-28,35,
Green Luger,2025-10-26,35,2
Green Luger,2025-11-11,32,
Green Luger,2025-11-25,32,2
Green Luger,2025-12-04,32,2
Green Luger,2025-12-08,32,2
Green Luger,2025-12-14,32,2
Green Luger,2025-12-21,30,
Green Luger,2025-12-23,30,2
Green Luger,2025-12-24,30,2
Green Luger,2025-12-26,30,2
Green Luger,2025-12-28,30,2
Green Luger,2025-12-30,30,2
Green Luger,2026-01-09,30,2
Green Luger,2026-01-24,30,2
Green Luger,2026-02-07,30,2
Green Luger,2026-02-13,30,2
Green Luger,2026-02-19,30,2
Green Luger,2026-03-17,30,2
Green Luger,2026-03-21,30,2
Green Luger,2026-03-25,30,2
Green Luger,2026-04-13,30,2
Green Luger,2026-04-19,30,2
Green Luger,2026-04-20,30,2
Green Luger,2026-04-22,30,2
Green Luger,2026-04-24,30,2
Green Luger,2026-04-27,30,2
Green Luger,2026-04-28,30,2
Green Luger,2026-05-02,30,2
Green Luger,2026-05-03,30,2
Green Luger,2026-05-06,30,2
Green Luger,2026-05-09,30,2
Green Luger,2026-05-11,30,2
Green Luger,2026-05-12,30,2
Green Luger,2026-05-14,30,2
Green Luger,2026-05-17,30,2
Green Luger,2026-05-19,30,2
Green Luger,2026-05-21,30,2
Green Luger,2026-05-23,30,2
Green Luger,2026-05-24,25,1
Green Luger,2026-06-21,25,1
Green Luger,2026-06-22,25,1
Green Luger,2026-06-23,25,1
Green Luger,2026-06-24,25,1
Green Luger,2026-06-25,25,1
Green Luger,2026-06-26,25,1
Green Luger,2026-06-27,25,1
Green Luger,2026-06-28,25,1
Green Luger,2026-07-02,25,1
Green Luger,2026-07-03,25,1
Green Luger,2026-07-05,25,1
Green Luger,2026-07-06,25,1
Green Luger,2026-07-12,25,1
Green Luger,2026-07-14,25,1
Green Luger,2026-07-17,25,1
Green Luger,2026-07-21,23,
Green Luger,2026-07-25,23,1
Green Luger,2026-07-27,23,1
Green Luger,2026-07-28,23,1
Green Luger,2026-07-30,23,1
Green Luger,2026-07-31,23,1
Green Luger,2026-08-02,23,1
Green Luger,2026-08-03,23,1
Green Luger,2026-08-04,23,1
Green Luger,2026-08-05,23,1
Green Luger,2026-08-06,23,1
Green Luger,2026-08-07,23,1
Green Luger,2026-08-08,23,1
Green Luger,2026-08-09,23,1
Green Luger,2026-08-10,23,1
Green Luger,2026-08-11,23,1
Green Luger,2026-08-13,23,1
Green Luger,2026-08-14,23,1
Green Luger,2026-08-15,23,1
Green Luger,2026-08-16,23,1
Green Luger,2026-08-17,23,1
Green Luger,2026-08-18,23,1
Green Luger,2026-08-19,23,1
Green Luger,2026-08-20,23,1
Green Luger,2026-08-21,23,1
Green Luger,2026-08-22,23,1
Green Luger,2026-08-24,23,1
Green Luger,2026-09-02,23,1
Green Luger,2026-09-03,23,1
Green Luger,2026-09-04,23,1
Green Luger,2026-09-05,23,1
Green Luger,2026-09-06,23,1
Green Luger,2026-09-07,23,1
Green Luger,2026-09-12,23,1
Green Luger,2026-09-17,23,1
Green Luger,2026-09-18,23,1
Green Luger,2026-09-19,23,1
Green Luger,2026-09-20,23,1
Hallow's Blade,2020-08-26,20,
Hallow's Blade,2021-01-03,30,
Hallow's Blade,2021-01-22,28,
Hallow's Blade,2021-06-28,25,
Hallow's Blade,2021-11-22,30,
Hallow's Blade,2021-12-13,28,
Hallow's Blade,2022-11-12,25,
Hallow's Blade,2023-06-01,22,
Hallow's Blade,2023-08-01,20,
Hallow's Blade,2023-08-20,18,
Hallow's Blade,2023-09-01,15,
Hallow's Blade,2023-09-08,13,
Hallow's Blade,2023-11-01,12,
Hallow's Blade,2024-03-29,10,
Hallow's Blade,2025-09-17,8,
Hallow's Blade,2025-10-26,8,1
Hallow's Blade,2025-11-25,8,1
Hallow's Blade,2025-12-04,8,1
Hallow's Blade,2025-12-08,8,1
Hallow's Blade,2025-12-14,8,1
Hallow's Blade,2025-12-21,8,1
Hallow's Blade,2025-12-23,8,1
Hallow's Blade,2025-12-24,8,1
Hallow's Blade,2025-12-26,8,1
Hallow's Blade,2025-12-28,8,1
Hallow's Blade,2025-12-30,8,1
Hallow's Blade,2026-01-09,8,1
Hallow's Blade,2026-01-24,8,1
Hallow's Blade,2026-02-07,8,1
Hallow's Blade,2026-02-13,8,1
Hallow's Blade,2026-02-19,8,1
Hallow's Blade,2026-03-17,8,1
Hallow's Blade,2026-03-21,8,1
Hallow's Blade,2026-03-25,8,1
Hallow's Blade,2026-04-13,8,1
Hallow's Blade,2026-04-19,8,1
Hallow's Blade,2026-04-20,8,1
Hallow's Blade,2026-04-22,8,1
Hallow's Blade,2026-04-24,8,1
Hallow's Blade,2026-04-27,8,1
Hallow's Blade,2026-04-28,8,1
Hallow's Blade,2026-05-02,8,1
Hallow's Blade,2026-05-03,8,1
Hallow's Blade,2026-05-06,8,1
Hallow's Blade,2026-05-09,8,1
Hallow's Blade,2026-05-11,8,1
Hallow's Blade,2026-05-12,8,1
Hallow's Blade,2026-05-14,8,1
Hallow's Blade,2026-05-17,8,1
Hallow's Blade,2026-05-19,8,1
Hallow's Blade,2026-05-21,8,1
Hallow's Blade,2026-05-23,8,1
Hallow's Blade,2026-05-24,8,1
Hallow's Blade,2026-06-21,8,1
Hallow's Blade,2026-06-22,8,1
Hallow's Blade,2026-06-23,8,1
Hallow's Blade,2026-06-24,8,1
Hallow's Blade,2026-06-25,8,1
Hallow's Blade,2026-06-26,8,1
Hallow's Blade,2026-06-27,8,1
Hallow's Blade,2026-06-28,8,1
Hallow's Blade,2026-07-02,8,1
Hallow's Blade,2026-07-03,8,1
Hallow's Blade,2026-07-05,8,1
Hallow's Blade,2026-07-06,8,1
Hallow's Blade,2026-07-12,8,1
Hallow's Blade,2026-07-14,8,1
Hallow's Blade,2026-07-17,8,1
Hallow's Blade,2026-07-25,8,1
Hallow's Blade,2026-07-27,8,1
Hallow's Blade,2026-07-28,8,1
Hallow's Blade,2026-07-30,8,1
Hallow's Blade,2026-07-31,8,1
Hallow's Blade,2026-08-02,8,1
Hallow's Blade,2026-08-03,8,1
Hallow's Blade,2026-08-04,8,1
Hallow's Blade,2026-08-05,8,1
Hallow's Blade,2026-08-06,8,1
Hallow's Blade,2026-08-07,8,1
Hallow's Blade,2026-08-08,8,1
Hallow's Blade,2026-08-09,8,1
Hallow's Blade,2026-08-10,8,1
Hallow's Blade,2026-08-11,8,1
Hallow's Blade,2026-08-13,8,1
Hallow's Blade,2026-08-14,8,1
Hallow's Blade,2026-08-15,8,1
Hallow's Blade,2026-08-16,8,1
Hallow's Blade,2026-08-17,8,1
Hallow's Blade,2026-08-18,8,1
Hallow's Blade,2026-08-19,8,1
Hallow's Blade,2026-08-20,8,1
Hallow's Blade,2026-08-21,8,1
Hallow's Blade,2026-08-22,8,1
Hallow's Blade,2026-08-24,8,1
Hallow's Blade,2026-09-02,8,1
Hallow's Blade,2026-09-03,8,1
Hallow's Blade,2026-09-04,8,1
Hallow's Blade,2026-09-05,8,1
Hallow's Blade,2026-09-06,8,1
Hallow's Blade,2026-09-07,8,1
Hallow's Blade,2026-09-12,8,1
Hallow's Blade,2026-09-17,8,1
Hallow's Blade,2026-09-18,8,1
Hallow's Blade,2026-09-19,8,1
Hallow's Blade,2026-09-20,8,1
Hallow's Edge,2020-08-26,120,
Hallow's Edge,2020-10-31,130,
Hallow's Edge,2020-11-17,135,
Hallow's Edge,2020-12-14,140,
Hallow's Edge,2021-01-03,145,
Hallow's Edge,2021-01-22,148,
Hallow's Edge,2021-03-20,143,
Hallow's Edge,2021-04-08,138,
Hallow's Edge,2021-05-07,133,
Hallow's Edge,2021-06-13,125,
Hallow's Edge,2021-06-18,120,
Hallow's Edge,2021-06-28,110,
Hallow's Edge,2021-07-18,90,
Hallow's Edge,2021-07-27,80,
Hallow's Edge,2021-08-17,70,
Hallow's Edge,2021-10-25,65,
Hallow's Edge,2021-11-22,60,
Hallow's Edge,2021-11-28,55,
Hallow's Edge,2021-12-13,45,
Hallow's Edge,2022-02-03,40,
Hallow's Edge,2022-03-14,38,
Hallow's Edge,2022-04-02,35,
Hallow's Edge,2022-08-04,32,
Hallow's Edge,2022-08-27,30,
Hallow's Edge,2022-11-12,28,
Hallow's Edge,2023-06-01,25,
Hallow's Edge,2023-08-20,22,
Hallow's Edge,2023-09-01,20,
Hallow's Edge,2023-09-16,18,
Hallow's Edge,2023-11-01,17,
Hallow's Edge,2024-03-29,15,
Hallow's Edge,2024-04-24,13,
Hallow's Edge,2024-09-27,12,
Hallow's Edge,2025-09-17,8,
Hallow's Edge,2025-10-26,8,1
Hallow's Edge,2025-11-25,8,1
Hallow's Edge,2025-12-04,8,1
Hallow's Edge,2025-12-08,8,1
Hallow's Edge,2025-12-14,8,1
Hallow's Edge,2025-12-21,8,1
Hallow's Edge,2025-12-23,8,1
Hallow's Edge,2025-12-24,8,1
Hallow's Edge,2025-12-26,8,1
Hallow's Edge,2025-12-28,8,1
Hallow's Edge,2025-12-30,8,1
Hallow's Edge,2026-01-09,8,1
Hallow's Edge,2026-01-24,8,1
Hallow's Edge,2026-02-07,8,1
Hallow's Edge,2026-02-13,8,1
Hallow's Edge,2026-02-19,8,1
Hallow's Edge,2026-03-17,8,1
Hallow's Edge,2026-03-21,8,1
Hallow's Edge,2026-03-25,8,1
Hallow's Edge,2026-04-13,8,1
Hallow's Edge,2026-04-19,8,1
Hallow's Edge,2026-04-20,8,1
Hallow's Edge,2026-04-22,8,1
Hallow's Edge,2026-04-24,8,1
Hallow's Edge,2026-04-27,8,1
Hallow's Edge,2026-04-28,8,1
Hallow's Edge,2026-05-02,8,1
Hallow's Edge,2026-05-03,8,1
Hallow's Edge,2026-05-06,8,1
Hallow's Edge,2026-05-09,8,1
Hallow's Edge,2026-05-11,8,1
Hallow's Edge,2026-05-12,8,1
Hallow's Edge,2026-05-14,8,1
Hallow's Edge,2026-05-17,8,1
Hallow's Edge,2026-05-19,8,1
Hallow's Edge,2026-05-21,8,1
Hallow's Edge,2026-05-23,8,1
Hallow's Edge,2026-05-24,8,1
Hallow's Edge,2026-06-21,8,1
Hallow's Edge,2026-06-22,8,1
Hallow's Edge,2026-06-23,8,1
Hallow's Edge,2026-06-24,8,1
Hallow's Edge,2026-06-25,8,1
Hallow's Edge,2026-06-26,8,1
Hallow's Edge,2026-06-27,8,1
Hallow's Edge,2026-06-28,8,1
Hallow's Edge,2026-07-02,8,1
Hallow's Edge,2026-07-03,8,1
Hallow's Edge,2026-07-05,8,1
Hallow's Edge,2026-07-06,8,1
Hallow's Edge,2026-07-12,8,1
Hallow's Edge,2026-07-14,8,1
Hallow's Edge,2026-07-17,8,1
Hallow's Edge,2026-07-25,8,1
Hallow's Edge,2026-07-27,8,1
Hallow's Edge,2026-07-28,8,1
Hallow's Edge,2026-07-30,8,1
Hallow's Edge,2026-07-31,8,1
Hallow's Edge,2026-08-02,8,1
Hallow's Edge,2026-08-03,8,1
Hallow's Edge,2026-08-04,8,1
Hallow's Edge,2026-08-05,8,1
Hallow's Edge,2026-08-06,8,1
Hallow's Edge,2026-08-07,8,1
Hallow's Edge,2026-08-08,8,1
Hallow's Edge,2026-08-09,8,1
Hallow's Edge,2026-08-10,8,1
Hallow's Edge,2026-08-11,8,1
Hallow's Edge,2026-08-13,8,1
Hallow's Edge,2026-08-14,8,1
Hallow's Edge,2026-08-15,8,1
Hallow's Edge,2026-08-16,8,1
Hallow's Edge,2026-08-17,8,1
Hallow's Edge,2026-08-18,8,1
Hallow's Edge,2026-08-19,8,1
Hallow's Edge,2026-08-20,8,1
Hallow's Edge,2026-08-21,8,1
Hallow's Edge,2026-08-22,8,1
Hallow's Edge,2026-08-24,8,1
Hallow's Edge,2026-09-02,8,1
Hallow's Edge,2026-09-03,8,1
Hallow's Edge,2026-09-04,8,1
Hallow's Edge,2026-09-05,8,1
Hallow's Edge,2026-09-06,8,1
Hallow's Edge,2026-09-07,8,1
Hallow's Edge,2026-09-12,8,1
Hallow's Edge,2026-09-17,8,1
Hallow's Edge,2026-09-18,8,1
Hallow's Edge,2026-09-19,8,1
Hallow's Edge,2026-09-20,8,1
Hallowgun,2020-10-31,310,
Hallowgun,2020-11-01,260,
Hallowgun,2020-11-02,245,
Hallowgun,2020-11-06,200,
Hallowgun,2020-11-10,160,
Hallowgun,2020-11-17,120,
Hallowgun,2020-11-26,95,
Hallowgun,2020-12-03,75,
Hallowgun,2020-12-14,60,
Hallowgun,2020-12-20,45,
Hallowgun,2021-01-03,40,
Hallowgun,2021-01-26,35,
Hallowgun,2021-02-22,45,
Hallowgun,2021-03-23,50,
Hallowgun,2021-04-08,70,
Hallowgun,2021-04-26,80,
Hallowgun,2021-05-12,75,
Hallowgun,2021-06-13,65,
Hallowgun,2021-06-18,60,
Hallowgun,2021-06-28,55,
Hallowgun,2021-07-18,45,
Hallowgun,2021-08-17,50,
Hallowgun,2021-09-09,55,
Hallowgun,2021-10-02,60,
Hallowgun,2021-10-25,65,
Hallowgun,2021-11-22,75,
Hallowgun,2021-11-28,80,
Hallowgun,2021-12-13,85,
Hallowgun,2022-01-08,80,
Hallowgun,2022-01-16,75,
Hallowgun,2022-02-03,65,
Hallowgun,2022-02-16,60,
Hallowgun,2022-03-07,55,
Hallowgun,2022-03-14,50,
Hallowgun,2022-05-19,48,
Hallowgun,2022-06-18,45,
Hallowgun,2022-07-11,50,
Hallowgun,2022-08-17,55,
Hallowgun,2022-08-27,60,
Hallowgun,2022-08-30,65,
Hallowgun,2022-09-03,70,
Hallowgun,2022-09-11,75,
Hallowgun,2022-11-26,70,
Hallowgun,2022-12-04,65,
Hallowgun,2022-12-07,60,
Hallowgun,2022-12-20,55,
Hallowgun,2022-12-27,50,
Hallowgun,2023-04-27,52,
Hallowgun,2023-04-30,55,
Hallowgun,2023-06-01,50,
Hallowgun,2023-06-07,48,
Hallowgun,2023-06-25,45,
Hallowgun,2023-12-03,43,
Hallowgun,2024-01-02,40,
Hallowgun,2024-03-29,37,
Hallowgun,2024-09-02,35,
Hallowgun,2025-04-13,30,
Hallowgun,2025-04-15,27,
Hallowgun,2025-10-26,27,2
Hallowgun,2025-11-25,27,2
Hallowgun,2025-12-04,27,2
Hallowgun,2025-12-08,27,2
Hallowgun,2025-12-14,27,2
Hallowgun,2025-12-21,27,2
Hallowgun,2025-12-23,27,2
Hallowgun,2025-12-24,27,2
Hallowgun,2025-12-26,27,2
Hallowgun,2025-12-28,27,2
Hallowgun,2025-12-30,27,2
Hallowgun,2026-01-09,27,2
Hallowgun,2026-01-24,27,2
Hallowgun,2026-02-07,27,2
Hallowgun,2026-02-13,27,2
Hallowgun,2026-02-19,27,2
Hallowgun,2026-03-14,25,
Hallowgun,2026-03-17,25,2
Hallowgun,2026-03-21,25,2
Hallowgun,2026-03-25,25,2
Hallowgun,2026-04-13,25,2
Hallowgun,2026-04-19,25,2
Hallowgun,2026-04-20,25,2
Hallowgun,2026-04-22,25,2
Hallowgun,2026-04-24,25,2
Hallowgun,2026-04-27,25,2
Hallowgun,2026-04-28,25,2
Hallowgun,2026-05-02,25,2
Hallowgun,2026-05-03,25,2
Hallowgun,2026-05-06,25,2
Hallowgun,2026-05-09,25,2
Hallowgun,2026-05-11,25,2
Hallowgun,2026-05-12,25,2
Hallowgun,2026-05-14,25,2
Hallowgun,2026-05-17,25,2
Hallowgun,2026-05-19,25,2
Hallowgun,2026-05-21,25,2
Hallowgun,2026-05-23,25,2
Hallowgun,2026-05-24,23,1
Hallowgun,2026-06-21,23,1
Hallowgun,2026-06-22,23,1
Hallowgun,2026-06-23,23,1
Hallowgun,2026-06-24,23,1
Hallowgun,2026-06-25,23,1
Hallowgun,2026-06-26,23,1
Hallowgun,2026-06-27,23,1
Hallowgun,2026-06-28,23,1
Hallowgun,2026-07-02,23,1
Hallowgun,2026-07-03,23,1
Hallowgun,2026-07-05,23,1
Hallowgun,2026-07-06,23,1
Hallowgun,2026-07-12,22,
Hallowgun,2026-07-14,22,1
Hallowgun,2026-07-17,22,1
Hallowgun,2026-07-21,20,
Hallowgun,2026-07-25,20,1
Hallowgun,2026-07-27,20,1
Hallowgun,2026-07-28,20,1
Hallowgun,2026-07-30,20,1
Hallowgun,2026-07-31,20,1
Hallowgun,2026-08-02,20,1
Hallowgun,2026-08-03,20,1
Hallowgun,2026-08-04,20,1
Hallowgun,2026-08-05,20,1
Hallowgun,2026-08-06,20,1
Hallowgun,2026-08-07,20,1
Hallowgun,2026-08-08,20,1
Hallowgun,2026-08-09,20,1
Hallowgun,2026-08-10,20,1
Hallowgun,2026-08-11,20,1
Hallowgun,2026-08-13,20,1
Hallowgun,2026-08-14,20,1
Hallowgun,2026-08-15,20,1
Hallowgun,2026-08-16,20,1
Hallowgun,2026-08-17,20,1
Hallowgun,2026-08-18,20,1
Hallowgun,2026-08-19,20,1
Hallowgun,2026-08-20,20,1
Hallowgun,2026-08-21,20,1
Hallowgun,2026-08-22,20,1
Hallowgun,2026-08-24,20,1
Hallowgun,2026-09-02,20,1
Hallowgun,2026-09-03,20,1
Hallowgun,2026-09-04,20,1
Hallowgun,2026-09-05,20,1
Hallowgun,2026-09-06,20,1
Hallowgun,2026-09-07,20,1
Hallowgun,2026-09-12,20,1
Hallowgun,2026-09-17,20,1
Hallowgun,2026-09-18,20,1
Hallowgun,2026-09-19,20,1
Hallowgun,2026-09-20,20,1
Handsaw,2020-08-26,80,
Handsaw,2020-10-31,85,
Handsaw,2020-11-26,90,
Handsaw,2020-12-28,100,
Handsaw,2021-01-03,105,
Handsaw,2021-01-22,110,
Handsaw,2021-02-22,95,
Handsaw,2021-03-09,90,
Handsaw,2021-04-08,80,
Handsaw,2021-04-26,70,
Handsaw,2021-05-12,65,
Handsaw,2021-06-13,60,
Handsaw,2021-06-18,55,
Handsaw,2021-07-18,45,
Handsaw,2021-08-17,35,
Handsaw,2021-10-02,45,
Handsaw,2021-10-25,55,
Handsaw,2021-11-22,60,
Handsaw,2021-12-13,65,
Handsaw,2022-02-03,60,
Handsaw,2022-02-16,55,
Handsaw,2022-03-07,50,
Handsaw,2022-03-14,45,
Handsaw,2022-04-02,40,
Handsaw,2022-07-06,35,
Handsaw,2022-08-11,32,
Handsaw,2022-08-27,28,
Handsaw,2022-10-29,25,
Handsaw,2022-11-12,22,
Handsaw,2022-12-02,20,
Handsaw,2022-12-07,18,
Handsaw,2022-12-13,15,
Handsaw,2023-06-07,13,
Handsaw,2023-09-01,12,
Handsaw,2023-11-01,10,
Handsaw,2024-09-27,8,
Handsaw,2025-01-18,10,
Handsaw,2025-09-17,8,
Handsaw,2025-10-26,8,1
Handsaw,2025-11-25,8,1
Handsaw,2025-12-04,8,1
Handsaw,2025-12-08,8,1
Handsaw,2025-12-14,8,1
Handsaw,2025-12-21,8,1
Handsaw,2025-12-23,8,1
Handsaw,2025-12-24,8,1
Handsaw,2025-12-26,8,1
Handsaw,2025-12-28,8,1
Handsaw,2025-12-30,8,1
Handsaw,2026-01-09,8,1
Handsaw,2026-01-24,8,1
Handsaw,2026-02-07,8,1
Handsaw,2026-02-13,8,1
Handsaw,2026-02-19,8,1
Handsaw,2026-03-17,8,1
Handsaw,2026-03-21,8,1
Handsaw,2026-03-25,8,1
Handsaw,2026-04-13,8,1
Handsaw,2026-04-19,8,1
Handsaw,2026-04-20,8,1
Handsaw,2026-04-22,8,1
Handsaw,2026-04-24,8,1
Handsaw,2026-04-27,8,1
Handsaw,2026-04-28,8,1
Handsaw,2026-05-02,8,1
Handsaw,2026-05-03,8,1
Handsaw,2026-05-06,8,1
Handsaw,2026-05-09,8,1
Handsaw,2026-05-11,8,1
Handsaw,2026-05-12,8,1
Handsaw,2026-05-14,8,1
Handsaw,2026-05-17,8,1
Handsaw,2026-05-19,8,1
Handsaw,2026-05-21,8,1
Handsaw,2026-05-23,8,1
Handsaw,2026-05-24,8,1
Handsaw,2026-06-21,8,1
Handsaw,2026-06-22,8,1
Handsaw,2026-06-23,8,1
Handsaw,2026-06-24,8,1
Handsaw,2026-06-25,8,1
Handsaw,2026-06-26,8,1
Handsaw,2026-06-27,8,1
Handsaw,2026-06-28,8,1
Handsaw,2026-07-02,8,1
Handsaw,2026-07-03,8,1
Handsaw,2026-07-05,8,1
Handsaw,2026-07-06,8,1
Handsaw,2026-07-12,8,1
Handsaw,2026-07-14,8,1
Handsaw,2026-07-17,8,1
Handsaw,2026-07-25,8,1
Handsaw,2026-07-27,8,1
Handsaw,2026-07-28,8,1
Handsaw,2026-07-30,8,1
Handsaw,2026-07-31,8,1
Handsaw,2026-08-02,8,1
Handsaw,2026-08-03,8,1
Handsaw,2026-08-04,8,1
Handsaw,2026-08-05,8,1
Handsaw,2026-08-06,8,1
Handsaw,2026-08-07,8,1
Handsaw,2026-08-08,8,1
Handsaw,2026-08-09,8,1
Handsaw,2026-08-10,8,1
Handsaw,2026-08-11,8,1
Handsaw,2026-08-13,8,1
Handsaw,2026-08-14,8,1
Handsaw,2026-08-15,8,1
Handsaw,2026-08-16,8,1
Handsaw,2026-08-17,8,1
Handsaw,2026-08-18,8,1
Handsaw,2026-08-19,8,1
Handsaw,2026-08-20,8,1
Handsaw,2026-08-21,8,1
Handsaw,2026-08-22,8,1
Handsaw,2026-08-24,8,1
Handsaw,2026-09-02,8,1
Handsaw,2026-09-03,8,1
Handsaw,2026-09-04,8,1
Handsaw,2026-09-05,8,1
Handsaw,2026-09-06,8,1
Handsaw,2026-09-07,8,1
Handsaw,2026-09-12,8,1
Handsaw,2026-09-17,8,1
Handsaw,2026-09-18,8,1
Handsaw,2026-09-19,8,1
Handsaw,2026-09-20,8,1
Heart Wand,2026-02-15,1800,
Heart Wand,2026-02-16,1150,
Heart Wand,2026-02-17,750,
Heart Wand,2026-02-19,550,
Heart Wand,2026-02-21,450,
Heart Wand,2026-02-23,400,
Heart Wand,2026-02-25,375,
Heart Wand,2026-02-27,325,
Heart Wand,2026-03-01,300,
Heart Wand,2026-03-04,275,
Heart Wand,2026-03-06,250,
Heart Wand,2026-03-14,255,
Heart Wand,2026-03-16,260,
Heart Wand,2026-03-17,260,4
Heart Wand,2026-03-19,270,
Heart Wand,2026-03-21,270,4
Heart Wand,2026-03-24,260,
Heart Wand,2026-03-25,260,4
Heart Wand,2026-03-26,255,
Heart Wand,2026-03-30,250,
Heart Wand,2026-03-31,245,
Heart Wand,2026-04-04,240,
Heart Wand,2026-04-07,235,
Heart Wand,2026-04-11,230,
Heart Wand,2026-04-13,225,
Heart Wand,2026-04-16,220,
Heart Wand,2026-04-19,220,3
Heart Wand,2026-04-20,220,3
Heart Wand,2026-04-21,230,
Heart Wand,2026-04-22,230,3
Heart Wand,2026-04-23,240,
Heart Wand,2026-04-24,240,3
Heart Wand,2026-04-26,250,
Heart Wand,2026-04-27,250,4
Heart Wand,2026-04-28,275,
Heart Wand,2026-05-01,325,
Heart Wand,2026-05-02,325,4
Heart Wand,2026-05-03,375,
Heart Wand,2026-05-06,375,4
Heart Wand,2026-05-09,375,4
Heart Wand,2026-05-11,400,
Heart Wand,2026-05-12,400,4
Heart Wand,2026-05-14,425,
Heart Wand,2026-05-17,450,
Heart Wand,2026-05-18,475,
Heart Wand,2026-05-19,475,4
Heart Wand,2026-05-21,450,
Heart Wand,2026-05-23,450,4
Heart Wand,2026-05-24,425,4
Heart Wand,2026-05-25,400,
Heart Wand,2026-05-27,375,
Heart Wand,2026-05-30,350,
Heart Wand,2026-06-03,325,
Heart Wand,2026-06-06,300,
Heart Wand,2026-06-07,290,
Heart Wand,2026-06-12,300,
Heart Wand,2026-06-14,310,
Heart Wand,2026-06-17,320,
Heart Wand,2026-06-19,330,
Heart Wand,2026-06-21,330,4
Heart Wand,2026-06-22,330,4
Heart Wand,2026-06-23,330,4
Heart Wand,2026-06-24,330,4
Heart Wand,2026-06-25,330,4
Heart Wand,2026-06-26,330,4
Heart Wand,2026-06-27,330,4
Heart Wand,2026-06-28,330,4
Heart Wand,2026-07-02,330,4
Heart Wand,2026-07-03,330,4
Heart Wand,2026-07-05,330,4
Heart Wand,2026-07-06,330,4
Heart Wand,2026-07-12,340,
Heart Wand,2026-07-14,340,4
Heart Wand,2026-07-17,340,4
Heart Wand,2026-07-25,340,4
Heart Wand,2026-07-27,340,4
Heart Wand,2026-07-28,340,4
Heart Wand,2026-07-30,340,4
Heart Wand,2026-07-31,340,4
Heart Wand,2026-08-02,340,4
Heart Wand,2026-08-03,340,4
Heart Wand,2026-08-04,340,4
Heart Wand,2026-08-05,340,4
Heart Wand,2026-08-06,340,4
Heart Wand,2026-08-07,340,4
Heart Wand,2026-08-08,340,4
Heart Wand,2026-08-09,340,4
Heart Wand,2026-08-10,340,4
Heart Wand,2026-08-11,340,4
Heart Wand,2026-08-13,340,4
Heart Wand,2026-08-14,340,4
Heart Wand,2026-08-15,340,4
Heart Wand,2026-08-16,340,4
Heart Wand,2026-08-17,340,4
Heart Wand,2026-08-18,340,4
Heart Wand,2026-08-19,340,4
Heart Wand,2026-08-20,340,4
Heart Wand,2026-08-21,340,4
Heart Wand,2026-08-22,340,4
Heart Wand,2026-08-24,340,4
Heart Wand,2026-09-02,340,4
Heart Wand,2026-09-03,340,4
Heart Wand,2026-09-04,340,4
Heart Wand,2026-09-05,340,4
Heart Wand,2026-09-06,340,4
Heart Wand,2026-09-07,340,4
Heart Wand,2026-09-12,340,4
Heart Wand,2026-09-17,340,4
Heart Wand,2026-09-18,340,4
Heart Wand,2026-09-19,340,4
Heart Wand,2026-09-20,340,4
Heartblade,2021-02-22,35,
Heartblade,2021-03-09,18,
Heartblade,2021-03-20,15,
Heartblade,2021-05-07,13,
Heartblade,2021-11-22,10,
Heartblade,2022-01-16,12,
Heartblade,2022-08-27,10,
Heartblade,2022-09-03,8,
Heartblade,2022-10-18,7,
Heartblade,2022-12-08,8,
Heartblade,2022-12-13,10,
Heartblade,2022-12-18,12,
Heartblade,2023-01-01,15,
Heartblade,2023-01-21,18,
Heartblade,2023-01-24,20,
Heartblade,2023-02-11,25,
Heartblade,2023-02-19,30,
Heartblade,2023-03-09,35,
Heartblade,2023-03-12,40,
Heartblade,2023-03-15,45,
Heartblade,2023-03-19,55,
Heartblade,2023-03-21,60,
Heartblade,2023-03-24,65,
Heartblade,2023-03-26,70,
Heartblade,2023-03-30,75,
Heartblade,2023-04-02,80,
Heartblade,2023-04-15,85,
Heartblade,2023-05-20,80,
Heartblade,2023-05-28,75,
Heartblade,2023-06-01,70,
Heartblade,2023-06-02,65,
Heartblade,2023-06-07,60,
Heartblade,2023-06-12,55,
Heartblade,2023-06-18,50,
Heartblade,2023-06-25,45,
Heartblade,2023-08-07,50,
Heartblade,2023-08-12,60,
Heartblade,2023-08-13,65,
Heartblade,2023-08-20,70,
Heartblade,2023-09-27,65,
Heartblade,2023-10-07,70,
Heartblade,2023-11-22,75,
Heartblade,2023-11-26,72,
Heartblade,2024-01-02,70,
Heartblade,2024-03-29,68,
Heartblade,2024-05-07,67,
Heartblade,2024-05-22,65,
Heartblade,2024-05-26,60,
Heartblade,2024-07-29,62,
Heartblade,2024-08-08,65,
Heartblade,2024-08-14,70,
Heartblade,2024-08-16,75,
Heartblade,2024-08-18,80,
Heartblade,2024-08-22,90,
Heartblade,2024-08-24,95,
Heartblade,2024-08-26,110,
Heartblade,2024-08-29,120,
Heartblade,2024-08-31,125,
Heartblade,2024-09-02,135,
Heartblade,2024-09-05,140,
Heartblade,2024-09-12,145,
Heartblade,2024-09-18,135,
Heartblade,2024-09-19,130,
Heartblade,2024-09-23,125,
Heartblade,2025-02-03,130,
Heartblade,2025-02-07,135,
Heartblade,2025-02-09,140,
Heartblade,2025-02-12,145,
Heartblade,2025-02-17,150,
Heartblade,2025-03-09,145,
Heartblade,2025-03-11,140,
Heartblade,2025-04-06,135,
Heartblade,2025-04-15,130,
Heartblade,2025-09-17,125,
Heartblade,2025-09-18,120,
Heartblade,2025-10-26,120,3
Heartblade,2025-11-25,120,3
Heartblade,2025-12-04,120,3
Heartblade,2025-12-08,120,3
Heartblade,2025-12-14,120,3
Heartblade,2025-12-21,115,
Heartblade,2025-12-23,115,2
Heartblade,2025-12-24,115,2
Heartblade,2025-12-26,115,2
Heartblade,2025-12-28,115,2
Heartblade,2025-12-30,115,2
Heartblade,2026-01-09,115,2
Heartblade,2026-01-24,115,2
Heartblade,2026-02-07,115,2
Heartblade,2026-02-13,115,2
Heartblade,2026-02-19,115,2
Heartblade,2026-03-04,110,
Heartblade,2026-03-14,105,
Heartblade,2026-03-17,105,2
Heartblade,2026-03-21,105,2
Heartblade,2026-03-25,105,2
Heartblade,2026-04-11,100,
Heartblade,2026-04-13,100,2
Heartblade,2026-04-16,95,
Heartblade,2026-04-19,95,2
Heartblade,2026-04-20,95,2
Heartblade,2026-04-22,95,2
Heartblade,2026-04-24,95,2
Heartblade,2026-04-26,90,
Heartblade,2026-04-27,90,2
Heartblade,2026-04-28,85,
Heartblade,2026-05-02,85,2
Heartblade,2026-05-03,85,2
Heartblade,2026-05-06,85,2
Heartblade,2026-05-09,85,2
Heartblade,2026-05-11,80,
Heartblade,2026-05-12,80,2
Heartblade,2026-05-14,80,2
Heartblade,2026-05-17,80,2
Heartblade,2026-05-19,80,2
Heartblade,2026-05-21,80,2
Heartblade,2026-05-23,80,2
Heartblade,2026-05-24,70,1
Heartblade,2026-06-17,68,
Heartblade,2026-06-21,68,1
Heartblade,2026-06-22,68,1
Heartblade,2026-06-23,68,1
Heartblade,2026-06-24,68,1
Heartblade,2026-06-25,68,1
Heartblade,2026-06-26,68,1
Heartblade,2026-06-27,68,1
Heartblade,2026-06-28,68,1
Heartblade,2026-07-02,68,1
Heartblade,2026-07-03,68,1
Heartblade,2026-07-05,68,1
Heartblade,2026-07-06,68,1
Heartblade,2026-07-12,67,
Heartblade,2026-07-14,67,1
Heartblade,2026-07-17,67,1
Heartblade,2026-07-21,65,
Heartblade,2026-07-25,65,1
Heartblade,2026-07-27,65,1
Heartblade,2026-07-28,65,1
Heartblade,2026-07-30,65,1
Heartblade,2026-07-31,65,1
Heartblade,2026-08-02,65,1
Heartblade,2026-08-03,65,1
Heartblade,2026-08-04,65,1
Heartblade,2026-08-05,65,1
Heartblade,2026-08-06,65,1
Heartblade,2026-08-07,65,1
Heartblade,2026-08-08,65,1
Heartblade,2026-08-09,65,1
Heartblade,2026-08-10,65,1
Heartblade,2026-08-11,65,1
Heartblade,2026-08-13,65,1
Heartblade,2026-08-14,65,1
Heartblade,2026-08-15,65,1
Heartblade,2026-08-16,65,1
Heartblade,2026-08-17,65,1
Heartblade,2026-08-18,65,1
Heartblade,2026-08-19,65,1
Heartblade,2026-08-20,65,1
Heartblade,2026-08-21,65,1
Heartblade,2026-08-22,65,1
Heartblade,2026-08-24,65,1
Heartblade,2026-09-02,65,1
Heartblade,2026-09-03,65,1
Heartblade,2026-09-04,65,1
Heartblade,2026-09-05,65,1
Heartblade,2026-09-06,65,1
Heartblade,2026-09-07,65,1
Heartblade,2026-09-12,65,1
Heartblade,2026-09-17,65,1
Heartblade,2026-09-18,65,1
Heartblade,2026-09-19,65,1
Heartblade,2026-09-20,65,1
Heat,2020-08-26,60,
Heat,2020-12-14,55,
Heat,2021-01-03,50,
Heat,2021-01-22,55,
Heat,2021-11-22,50,
Heat,2022-03-07,45,
Heat,2023-01-08,40,
Heat,2023-06-01,35,
Heat,2023-07-15,32,
Heat,2024-01-02,30,
Heat,2024-03-29,27,
Heat,2024-04-24,25,
Heat,2024-09-23,23,
Heat,2025-01-15,22,
Heat,2025-04-13,20,
Heat,2025-05-04,18,
Heat,2025-09-17,17,
Heat,2025-09-18,15,
Heat,2025-09-23,13,
Heat,2025-10-26,13,1
Heat,2025-11-04,12,
Heat,2025-11-25,12,1
Heat,2025-12-04,12,1
Heat,2025-12-08,12,1
Heat,2025-12-14,12,1
Heat,2025-12-21,10,
Heat,2025-12-23,10,1
Heat,2025-12-24,10,1
Heat,2025-12-26,10,1
Heat,2025-12-28,10,1
Heat,2025-12-30,10,1
Heat,2026-01-09,10,1
Heat,2026-01-24,10,1
Heat,2026-02-07,10,1
Heat,2026-02-13,10,1
Heat,2026-02-19,10,1
Heat,2026-03-17,10,1
Heat,2026-03-21,10,1
Heat,2026-03-25,10,1
Heat,2026-04-13,10,1
Heat,2026-04-19,10,1
Heat,2026-04-20,10,1
Heat,2026-04-22,10,1
Heat,2026-04-24,10,1
Heat,2026-04-27,10,1
Heat,2026-04-28,10,1
Heat,2026-05-02,10,1
Heat,2026-05-03,10,1
Heat,2026-05-06,10,1
Heat,2026-05-09,10,1
Heat,2026-05-11,10,1
Heat,2026-05-12,10,1
Heat,2026-05-14,10,1
Heat,2026-05-17,10,1
Heat,2026-05-19,10,1
Heat,2026-05-21,10,1
Heat,2026-05-23,10,1
Heat,2026-05-24,10,1
Heat,2026-06-21,10,1
Heat,2026-06-22,10,1
Heat,2026-06-23,10,1
Heat,2026-06-24,10,1
Heat,2026-06-25,10,1
Heat,2026-06-26,10,1
Heat,2026-06-27,10,1
Heat,2026-06-28,10,1
Heat,2026-07-02,10,1
Heat,2026-07-03,10,1
Heat,2026-07-05,10,1
Heat,2026-07-06,10,1
Heat,2026-07-12,10,1
Heat,2026-07-14,10,1
Heat,2026-07-17,10,1
Heat,2026-07-25,10,1
Heat,2026-07-27,10,1
Heat,2026-07-28,10,1
Heat,2026-07-30,10,1
Heat,2026-07-31,10,1
Heat,2026-08-02,10,1
Heat,2026-08-03,10,1
Heat,2026-08-04,10,1
Heat,2026-08-05,10,1
Heat,2026-08-06,10,1
Heat,2026-08-07,10,1
Heat,2026-08-08,10,1
Heat,2026-08-09,10,1
Heat,2026-08-10,10,1
Heat,2026-08-11,10,1
Heat,2026-08-13,10,1
Heat,2026-08-14,10,1
Heat,2026-08-15,10,1
Heat,2026-08-16,10,1
Heat,2026-08-17,10,1
Heat,2026-08-18,10,1
Heat,2026-08-19,10,1
Heat,2026-08-20,10,1
Heat,2026-08-21,10,1
Heat,2026-08-22,10,1
Heat,2026-08-24,10,1
Heat,2026-09-02,10,1
Heat,2026-09-03,10,1
Heat,2026-09-04,10,1
Heat,2026-09-05,10,1
Heat,2026-09-06,10,1
Heat,2026-09-07,10,1
Heat,2026-09-12,10,1
Heat,2026-09-17,10,1
Heat,2026-09-18,10,1
Heat,2026-09-19,10,1
Heat,2026-09-20,10,1
Ice Dragon,2020-08-26,35,
Ice Dragon,2021-01-03,40,
Ice Dragon,2022-02-16,38,
Ice Dragon,2022-03-14,35,
Ice Dragon,2022-06-20,32,
Ice Dragon,2022-11-06,30,
Ice Dragon,2022-12-08,28,
Ice Dragon,2023-06-01,25,
Ice Dragon,2023-06-07,22,
Ice Dragon,2023-08-16,20,
Ice Dragon,2023-11-01,18,
Ice Dragon,2024-03-29,12,
Ice Dragon,2025-04-13,10,
Ice Dragon,2025-09-17,8,
Ice Dragon,2025-09-23,7,
Ice Dragon,2025-10-26,7,1
Ice Dragon,2025-11-25,7,1
Ice Dragon,2025-12-04,7,1
Ice Dragon,2025-12-08,7,1
Ice Dragon,2025-12-14,7,1
Ice Dragon,2025-12-21,7,1
Ice Dragon,2025-12-23,7,1
Ice Dragon,2025-12-24,7,1
Ice Dragon,2025-12-26,7,1
Ice Dragon,2025-12-28,7,1
Ice Dragon,2025-12-30,7,1
Ice Dragon,2026-01-09,7,1
Ice Dragon,2026-01-24,7,1
Ice Dragon,2026-02-07,7,1
Ice Dragon,2026-02-13,7,1
Ice Dragon,2026-02-19,7,1
Ice Dragon,2026-03-17,7,1
Ice Dragon,2026-03-21,7,1
Ice Dragon,2026-03-25,7,1
Ice Dragon,2026-04-13,7,1
Ice Dragon,2026-04-19,7,1
Ice Dragon,2026-04-20,7,1
Ice Dragon,2026-04-22,7,1
Ice Dragon,2026-04-24,7,1
Ice Dragon,2026-04-27,7,1
Ice Dragon,2026-04-28,7,1
Ice Dragon,2026-05-02,7,1
Ice Dragon,2026-05-03,7,1
Ice Dragon,2026-05-06,7,1
Ice Dragon,2026-05-09,7,1
Ice Dragon,2026-05-11,7,1
Ice Dragon,2026-05-12,7,1
Ice Dragon,2026-05-14,7,1
Ice Dragon,2026-05-17,7,1
Ice Dragon,2026-05-19,7,1
Ice Dragon,2026-05-21,7,1
Ice Dragon,2026-05-23,7,1
Ice Dragon,2026-05-24,7,1
Ice Dragon,2026-06-21,7,1
Ice Dragon,2026-06-22,7,1
Ice Dragon,2026-06-23,7,1
Ice Dragon,2026-06-24,7,1
Ice Dragon,2026-06-25,7,1
Ice Dragon,2026-06-26,7,1
Ice Dragon,2026-06-27,7,1
Ice Dragon,2026-06-28,7,1
Ice Dragon,2026-07-02,7,1
Ice Dragon,2026-07-03,7,1
Ice Dragon,2026-07-05,7,1
Ice Dragon,2026-07-06,7,1
Ice Dragon,2026-07-12,7,1
Ice Dragon,2026-07-14,7,1
Ice Dragon,2026-07-17,7,1
Ice Dragon,2026-07-25,7,1
Ice Dragon,2026-07-27,7,1
Ice Dragon,2026-07-28,7,1
Ice Dragon,2026-07-30,7,1
Ice Dragon,2026-07-31,7,1
Ice Dragon,2026-08-02,7,1
Ice Dragon,2026-08-03,7,1
Ice Dragon,2026-08-04,7,1
Ice Dragon,2026-08-05,7,1
Ice Dragon,2026-08-06,7,1
Ice Dragon,2026-08-07,7,1
Ice Dragon,2026-08-08,7,1
Ice Dragon,2026-08-09,7,1
Ice Dragon,2026-08-10,7,1
Ice Dragon,2026-08-11,7,1
Ice Dragon,2026-08-13,7,1
Ice Dragon,2026-08-14,7,1
Ice Dragon,2026-08-15,7,1
Ice Dragon,2026-08-16,7,1
Ice Dragon,2026-08-17,7,1
Ice Dragon,2026-08-18,7,1
Ice Dragon,2026-08-19,7,1
Ice Dragon,2026-08-20,7,1
Ice Dragon,2026-08-21,7,1
Ice Dragon,2026-08-22,7,1
Ice Dragon,2026-08-24,7,1
Ice Dragon,2026-09-02,7,1
Ice Dragon,2026-09-03,7,1
Ice Dragon,2026-09-04,7,1
Ice Dragon,2026-09-05,7,1
Ice Dragon,2026-09-06,7,1
Ice Dragon,2026-09-07,7,1
Ice Dragon,2026-09-12,7,1
Ice Dragon,2026-09-17,7,1
Ice Dragon,2026-09-18,7,1
Ice Dragon,2026-09-19,7,1
Ice Dragon,2026-09-20,7,1
Ice Shard,2020-08-26,15,
Ice Shard,2020-10-31,20,
Ice Shard,2021-01-22,18,
Ice Shard,2021-03-09,20,
Ice Shard,2023-09-16,18,
Ice Shard,2023-11-01,17,
Ice Shard,2024-03-29,15,
Ice Shard,2024-09-27,13,
Ice Shard,2025-01-15,12,
Ice Shard,2025-09-17,8,
Ice Shard,2025-09-23,7,
Ice Shard,2025-10-26,7,1
Ice Shard,2025-11-25,7,1
Ice Shard,2025-12-04,7,1
Ice Shard,2025-12-08,7,1
Ice Shard,2025-12-14,7,1
Ice Shard,2025-12-21,7,1
Ice Shard,2025-12-23,7,1
Ice Shard,2025-12-24,7,1
Ice Shard,2025-12-26,7,1
Ice Shard,2025-12-28,7,1
Ice Shard,2025-12-30,7,1
Ice Shard,2026-01-09,7,1
Ice Shard,2026-01-24,7,1
Ice Shard,2026-02-07,7,1
Ice Shard,2026-02-13,7,1
Ice Shard,2026-02-19,7,1
Ice Shard,2026-03-17,7,1
Ice Shard,2026-03-21,7,1
Ice Shard,2026-03-25,7,1
Ice Shard,2026-04-13,7,1
Ice Shard,2026-04-19,7,1
Ice Shard,2026-04-20,7,1
Ice Shard,2026-04-22,7,1
Ice Shard,2026-04-24,7,1
Ice Shard,2026-04-27,7,1
Ice Shard,2026-04-28,7,1
Ice Shard,2026-05-02,7,1
Ice Shard,2026-05-03,7,1
Ice Shard,2026-05-06,7,1
Ice Shard,2026-05-09,7,1
Ice Shard,2026-05-11,7,1
Ice Shard,2026-05-12,7,1
Ice Shard,2026-05-14,7,1
Ice Shard,2026-05-17,7,1
Ice Shard,2026-05-19,7,1
Ice Shard,2026-05-21,7,1
Ice Shard,2026-05-23,7,1
Ice Shard,2026-05-24,7,1
Ice Shard,2026-06-21,7,1
Ice Shard,2026-06-22,7,1
Ice Shard,2026-06-23,7,1
Ice Shard,2026-06-24,7,1
Ice Shard,2026-06-25,7,1
Ice Shard,2026-06-26,7,1
Ice Shard,2026-06-27,7,1
Ice Shard,2026-06-28,7,1
Ice Shard,2026-07-02,7,1
Ice Shard,2026-07-03,7,1
Ice Shard,2026-07-05,7,1
Ice Shard,2026-07-06,7,1
Ice Shard,2026-07-12,7,1
Ice Shard,2026-07-14,7,1
Ice Shard,2026-07-17,7,1
Ice Shard,2026-07-25,7,1
Ice Shard,2026-07-27,7,1
Ice Shard,2026-07-28,7,1
Ice Shard,2026-07-30,7,1
Ice Shard,2026-07-31,7,1
Ice Shard,2026-08-02,7,1
Ice Shard,2026-08-03,7,1
Ice Shard,2026-08-04,7,1
Ice Shard,2026-08-05,7,1
Ice Shard,2026-08-06,7,1
Ice Shard,2026-08-07,7,1
Ice Shard,2026-08-08,7,1
Ice Shard,2026-08-09,7,1
Ice Shard,2026-08-10,7,1
Ice Shard,2026-08-11,7,1
Ice Shard,2026-08-13,7,1
Ice Shard,2026-08-14,7,1
Ice Shard,2026-08-15,7,1
Ice Shard,2026-08-16,7,1
Ice Shard,2026-08-17,7,1
Ice Shard,2026-08-18,7,1
Ice Shard,2026-08-19,7,1
Ice Shard,2026-08-20,7,1
Ice Shard,2026-08-21,7,1
Ice Shard,2026-08-22,7,1
Ice Shard,2026-08-24,7,1
Ice Shard,2026-09-02,7,1
Ice Shard,2026-09-03,7,1
Ice Shard,2026-09-04,7,1
Ice Shard,2026-09-05,7,1
Ice Shard,2026-09-06,7,1
Ice Shard,2026-09-07,7,1
Ice Shard,2026-09-12,7,1
Ice Shard,2026-09-17,7,1
Ice Shard,2026-09-18,7,1
Ice Shard,2026-09-19,7,1
Ice Shard,2026-09-20,7,1
Icebeam,2021-12-25,125,
Icebeam,2021-12-26,95,
Icebeam,2022-01-08,90,
Icebeam,2022-02-03,85,
Icebeam,2022-02-16,80,
Icebeam,2022-03-07,75,
Icebeam,2022-03-14,65,
Icebeam,2022-04-06,75,
Icebeam,2022-05-19,80,
Icebeam,2022-06-18,70,
Icebeam,2022-06-20,55,
Icebeam,2022-07-06,40,
Icebeam,2022-07-11,30,
Icebeam,2022-07-28,28,
Icebeam,2022-08-04,15,
Icebeam,2022-08-17,13,
Icebeam,2022-08-27,8,
Icebeam,2022-09-03,5,
Icebeam,2022-11-06,6,
Icebeam,2022-12-18,7,
Icebeam,2022-12-23,8,
Icebeam,2023-01-01,10,
Icebeam,2023-01-10,12,
Icebeam,2023-01-17,13,
Icebeam,2023-01-24,15,
Icebeam,2023-02-19,17,
Icebeam,2023-04-27,20,
Icebeam,2023-04-30,22,
Icebeam,2023-05-03,25,
Icebeam,2023-05-08,28,
Icebeam,2023-05-13,30,
Icebeam,2023-05-20,32,
Icebeam,2023-05-27,35,
Icebeam,2023-06-30,37,
Icebeam,2024-03-29,35,
Icebeam,2024-04-24,33,
Icebeam,2024-09-02,32,
Icebeam,2025-04-13,30,
Icebeam,2025-04-15,28,
Icebeam,2025-09-17,27,
Icebeam,2025-09-18,25,
Icebeam,2025-10-26,25,2
Icebeam,2025-11-25,25,2
Icebeam,2025-12-04,25,2
Icebeam,2025-12-08,25,2
Icebeam,2025-12-14,25,2
Icebeam,2025-12-21,25,2
Icebeam,2025-12-23,25,2
Icebeam,2025-12-24,25,2
Icebeam,2025-12-26,25,2
Icebeam,2025-12-28,25,2
Icebeam,2025-12-30,25,2
Icebeam,2026-01-09,25,2
Icebeam,2026-01-24,25,2
Icebeam,2026-02-07,25,2
Icebeam,2026-02-13,25,2
Icebeam,2026-02-19,25,2
Icebeam,2026-03-17,25,2
Icebeam,2026-03-21,25,2
Icebeam,2026-03-25,25,2
Icebeam,2026-04-13,25,2
Icebeam,2026-04-19,25,2
Icebeam,2026-04-20,25,2
Icebeam,2026-04-22,25,2
Icebeam,2026-04-24,25,2
Icebeam,2026-04-27,25,2
Icebeam,2026-04-28,25,2
Icebeam,2026-05-02,25,2
Icebeam,2026-05-03,25,2
Icebeam,2026-05-06,25,2
Icebeam,2026-05-09,25,2
Icebeam,2026-05-11,25,2
Icebeam,2026-05-12,25,2
Icebeam,2026-05-14,25,2
Icebeam,2026-05-17,22,
Icebeam,2026-05-19,22,2
Icebeam,2026-05-21,22,2
Icebeam,2026-05-23,22,2
Icebeam,2026-05-24,20,1
Icebeam,2026-06-21,20,1
Icebeam,2026-06-22,20,1
Icebeam,2026-06-23,20,1
Icebeam,2026-06-24,20,1
Icebeam,2026-06-25,20,1
Icebeam,2026-06-26,20,1
Icebeam,2026-06-27,20,1
Icebeam,2026-06-28,20,1
Icebeam,2026-07-02,20,1
Icebeam,2026-07-03,20,1
Icebeam,2026-07-05,20,1
Icebeam,2026-07-06,20,1
Icebeam,2026-07-12,20,1
Icebeam,2026-07-14,20,1
Icebeam,2026-07-17,20,1
Icebeam,2026-07-21,18,
Icebeam,2026-07-25,18,1
Icebeam,2026-07-27,18,1
Icebeam,2026-07-28,18,1
Icebeam,2026-07-30,18,1
Icebeam,2026-07-31,18,1
Icebeam,2026-08-02,18,1
Icebeam,2026-08-03,18,1
Icebeam,2026-08-04,18,1
Icebeam,2026-08-05,18,1
Icebeam,2026-08-06,18,1
Icebeam,2026-08-07,18,1
Icebeam,2026-08-08,18,1
Icebeam,2026-08-09,18,1
Icebeam,2026-08-10,18,1
Icebeam,2026-08-11,18,1
Icebeam,2026-08-13,18,1
Icebeam,2026-08-14,18,1
Icebeam,2026-08-15,18,1
Icebeam,2026-08-16,18,1
Icebeam,2026-08-17,18,1
Icebeam,2026-08-18,18,1
Icebeam,2026-08-19,18,1
Icebeam,2026-08-20,18,1
Icebeam,2026-08-21,18,1
Icebeam,2026-08-22,18,1
Icebeam,2026-08-24,18,1
Icebeam,2026-09-02,18,1
Icebeam,2026-09-03,18,1
Icebeam,2026-09-04,18,1
Icebeam,2026-09-05,18,1
Icebeam,2026-09-06,18,1
Icebeam,2026-09-07,18,1
Icebeam,2026-09-12,18,1
Icebeam,2026-09-17,18,1
Icebeam,2026-09-18,18,1
Icebeam,2026-09-19,18,1
Icebeam,2026-09-20,18,1
Iceblaster,2020-12-28,210,
Iceblaster,2020-12-29,190,
Iceblaster,2021-01-03,135,
Iceblaster,2021-01-22,80,
Iceblaster,2021-02-22,60,
Iceblaster,2021-03-20,65,
Iceblaster,2021-04-08,100,
Iceblaster,2021-04-26,110,
Iceblaster,2021-05-07,120,
Iceblaster,2021-05-12,125,
Iceblaster,2021-06-13,110,
Iceblaster,2021-06-18,100,
Iceblaster,2021-06-28,90,
Iceblaster,2021-07-18,80,
Iceblaster,2021-08-17,95,
Iceblaster,2021-08-23,105,
Iceblaster,2021-09-05,90,
Iceblaster,2021-09-09,80,
Iceblaster,2021-10-02,75,
Iceblaster,2021-11-22,80,
Iceblaster,2021-11-28,85,
Iceblaster,2021-12-13,90,
Iceblaster,2021-12-14,95,
Iceblaster,2022-01-08,100,
Iceblaster,2022-01-16,110,
Iceblaster,2022-02-03,115,
Iceblaster,2022-06-18,110,
Iceblaster,2022-08-27,115,
Iceblaster,2022-08-30,120,
Iceblaster,2022-09-03,125,
Iceblaster,2022-11-26,120,
Iceblaster,2022-12-23,125,
Iceblaster,2023-01-01,120,
Iceblaster,2023-04-15,115,
Iceblaster,2023-04-21,110,
Iceblaster,2023-05-08,105,
Iceblaster,2023-05-13,100,
Iceblaster,2023-06-01,90,
Iceblaster,2023-06-07,85,
Iceblaster,2023-06-13,80,
Iceblaster,2023-06-18,75,
Iceblaster,2023-06-21,70,
Iceblaster,2023-09-01,75,
Iceblaster,2023-11-26,70,
Iceblaster,2024-01-02,65,
Iceblaster,2024-02-20,62,
Iceblaster,2024-03-29,60,
Iceblaster,2024-05-22,58,
Iceblaster,2024-05-26,55,
Iceblaster,2024-08-22,57,
Iceblaster,2024-08-26,60,
Iceblaster,2025-01-15,65,
Iceblaster,2025-10-26,65,2
Iceblaster,2025-11-25,65,2
Iceblaster,2025-12-04,65,2
Iceblaster,2025-12-08,65,2
Iceblaster,2025-12-14,65,2
Iceblaster,2025-12-21,60,
Iceblaster,2025-12-23,60,2
Iceblaster,2025-12-24,60,2
Iceblaster,2025-12-26,60,2
Iceblaster,2025-12-28,60,2
Iceblaster,2025-12-30,60,2
Iceblaster,2026-01-09,60,2
Iceblaster,2026-01-24,60,2
Iceblaster,2026-02-07,60,2
Iceblaster,2026-02-13,60,2
Iceblaster,2026-02-19,60,2
Iceblaster,2026-03-04,50,
Iceblaster,2026-03-14,45,
Iceblaster,2026-03-17,45,2
Iceblaster,2026-03-21,45,2
Iceblaster,2026-03-25,45,2
Iceblaster,2026-04-13,45,2
Iceblaster,2026-04-19,45,2
Iceblaster,2026-04-20,45,2
Iceblaster,2026-04-22,45,2
Iceblaster,2026-04-24,45,2
Iceblaster,2026-04-27,45,2
Iceblaster,2026-04-28,42,
Iceblaster,2026-05-02,42,2
Iceblaster,2026-05-03,42,2
Iceblaster,2026-05-06,42,2
Iceblaster,2026-05-09,42,2
Iceblaster,2026-05-11,42,2
Iceblaster,2026-05-12,42,2
Iceblaster,2026-05-14,42,2
Iceblaster,2026-05-17,42,2
Iceblaster,2026-05-19,42,2
Iceblaster,2026-05-21,42,2
Iceblaster,2026-05-23,42,2
Iceblaster,2026-05-24,40,1
Iceblaster,2026-06-17,38,
Iceblaster,2026-06-21,38,1
Iceblaster,2026-06-22,38,1
Iceblaster,2026-06-23,38,1
Iceblaster,2026-06-24,38,1
Iceblaster,2026-06-25,38,1
Iceblaster,2026-06-26,38,1
Iceblaster,2026-06-27,38,1
Iceblaster,2026-06-28,38,1
Iceblaster,2026-07-02,38,1
Iceblaster,2026-07-03,38,1
Iceblaster,2026-07-05,38,1
Iceblaster,2026-07-06,38,1
Iceblaster,2026-07-07,35,
Iceblaster,2026-07-12,33,
Iceblaster,2026-07-14,33,1
Iceblaster,2026-07-17,33,1
Iceblaster,2026-07-25,33,1
Iceblaster,2026-07-27,33,1
Iceblaster,2026-07-28,33,1
Iceblaster,2026-07-30,33,1
Iceblaster,2026-07-31,33,1
Iceblaster,2026-08-02,33,1
Iceblaster,2026-08-03,33,1
Iceblaster,2026-08-04,33,1
Iceblaster,2026-08-05,33,1
Iceblaster,2026-08-06,33,1
Iceblaster,2026-08-07,33,1
Iceblaster,2026-08-08,33,1
Iceblaster,2026-08-09,33,1
Iceblaster,2026-08-10,33,1
Iceblaster,2026-08-11,33,1
Iceblaster,2026-08-13,33,1
Iceblaster,2026-08-14,33,1
Iceblaster,2026-08-15,33,1
Iceblaster,2026-08-16,33,1
Iceblaster,2026-08-17,33,1
Iceblaster,2026-08-18,33,1
Iceblaster,2026-08-19,33,1
Iceblaster,2026-08-20,33,1
Iceblaster,2026-08-21,33,1
Iceblaster,2026-08-22,33,1
Iceblaster,2026-08-24,33,1
Iceblaster,2026-09-02,33,1
Iceblaster,2026-09-03,33,1
Iceblaster,2026-09-04,33,1
Iceblaster,2026-09-05,33,1
Iceblaster,2026-09-06,33,1
Iceblaster,2026-09-07,33,1
Iceblaster,2026-09-12,33,1
Iceblaster,2026-09-17,33,1
Iceblaster,2026-09-18,33,1
Iceblaster,2026-09-19,33,1
Iceblaster,2026-09-20,33,1
Icecream,2026-07-24,1000,
Icecream,2026-07-25,750,
Icecream,2026-07-26,500,
Icecream,2026-07-27,275,
Icecream,2026-07-28,200,
Icecream,2026-07-29,160,
Icecream,2026-07-30,160,3
Icecream,2026-07-31,160,3
Icecream,2026-08-02,160,3
Icecream,2026-08-03,160,3
Icecream,2026-08-04,160,3
Icecream,2026-08-05,160,3
Icecream,2026-08-06,160,3
Icecream,2026-08-07,160,3
Icecream,2026-08-08,160,3
Icecream,2026-08-09,160,3
Icecream,2026-08-10,160,3
Icecream,2026-08-11,160,3
Icecream,2026-08-12,150,
Icecream,2026-08-13,135,
Icecream,2026-08-14,135,2
Icecream,2026-08-15,130,
Icecream,2026-08-16,130,2
Icecream,2026-08-17,130,2
Icecream,2026-08-18,120,
Icecream,2026-08-19,120,2
Icecream,2026-08-20,110,
Icecream,2026-08-21,110,2
Icecream,2026-08-22,110,2
Icecream,2026-08-23,105,
Icecream,2026-08-24,105,2
Icecream,2026-08-26,120,
Icecream,2026-08-28,135,
Icecream,2026-08-30,150,
Icecream,2026-09-01,160,
Icecream,2026-09-02,170,
Icecream,2026-09-03,170,3
Icecream,2026-09-04,175,
Icecream,2026-09-05,175,3
Icecream,2026-09-06,175,3
Icecream,2026-09-07,175,3
Icecream,2026-09-09,155,
Icecream,2026-09-12,150,
Icecream,2026-09-13,145,
Icecream,2026-09-17,145,2
Icecream,2026-09-18,145,2
Icecream,2026-09-19,150,3
Icecream,2026-09-20,150,3
Iceflake,2021-12-25,130,
Iceflake,2021-12-26,105,
Iceflake,2022-01-08,100,
Iceflake,2022-02-03,95,
Iceflake,2022-02-16,90,
Iceflake,2022-03-07,85,
Iceflake,2022-03-14,80,
Iceflake,2022-04-06,85,
Iceflake,2022-05-19,90,
Iceflake,2022-06-18,80,
Iceflake,2022-06-20,65,
Iceflake,2022-07-06,45,
Iceflake,2022-07-11,35,
Iceflake,2022-07-28,30,
Iceflake,2022-08-04,15,
Iceflake,2022-08-17,13,
Iceflake,2022-08-27,8,
Iceflake,2022-09-03,5,
Iceflake,2022-11-06,6,
Iceflake,2022-12-18,7,
Iceflake,2022-12-23,8,
Iceflake,2023-01-01,10,
Iceflake,2023-01-10,12,
Iceflake,2023-01-17,13,
Iceflake,2023-01-24,15,
Iceflake,2023-02-19,17,
Iceflake,2023-04-27,20,
Iceflake,2023-04-30,22,
Iceflake,2023-05-03,25,
Iceflake,2023-05-08,28,
Iceflake,2023-05-13,30,
Iceflake,2023-05-20,32,
Iceflake,2023-05-27,35,
Iceflake,2023-06-30,37,
Iceflake,2024-03-29,35,
Iceflake,2024-04-24,33,
Iceflake,2024-09-02,32,
Iceflake,2025-04-13,30,
Iceflake,2025-04-15,28,
Iceflake,2025-09-17,27,
Iceflake,2025-09-18,25,
Iceflake,2025-10-26,25,2
Iceflake,2025-11-25,25,2
Iceflake,2025-12-04,25,2
Iceflake,2025-12-08,25,2
Iceflake,2025-12-14,25,2
Iceflake,2025-12-21,25,2
Iceflake,2025-12-23,25,2
Iceflake,2025-12-24,25,2
Iceflake,2025-12-26,25,2
Iceflake,2025-12-28,25,2
Iceflake,2025-12-30,25,2
Iceflake,2026-01-09,25,2
Iceflake,2026-01-24,25,2
Iceflake,2026-02-07,25,2
Iceflake,2026-02-13,25,2
Iceflake,2026-02-19,25,2
Iceflake,2026-03-14,23,
Iceflake,2026-03-17,23,2
Iceflake,2026-03-21,23,2
Iceflake,2026-03-25,23,2
Iceflake,2026-04-13,23,2
Iceflake,2026-04-19,23,2
Iceflake,2026-04-20,23,2
Iceflake,2026-04-22,23,2
Iceflake,2026-04-24,23,2
Iceflake,2026-04-27,23,2
Iceflake,2026-04-28,23,2
Iceflake,2026-05-02,23,2
Iceflake,2026-05-03,23,2
Iceflake,2026-05-06,23,2
Iceflake,2026-05-09,23,2
Iceflake,2026-05-11,23,2
Iceflake,2026-05-12,23,2
Iceflake,2026-05-14,23,2
Iceflake,2026-05-17,20,
Iceflake,2026-05-19,20,2
Iceflake,2026-05-21,20,2
Iceflake,2026-05-23,20,2
Iceflake,2026-05-24,18,1
Iceflake,2026-06-21,18,1
Iceflake,2026-06-22,18,1
Iceflake,2026-06-23,18,1
Iceflake,2026-06-24,18,1
Iceflake,2026-06-25,18,1
Iceflake,2026-06-26,18,1
Iceflake,2026-06-27,18,1
Iceflake,2026-06-28,18,1
Iceflake,2026-07-02,18,1
Iceflake,2026-07-03,18,1
Iceflake,2026-07-05,18,1
Iceflake,2026-07-06,18,1
Iceflake,2026-07-12,17,
Iceflake,2026-07-14,17,1
Iceflake,2026-07-17,17,1
Iceflake,2026-07-21,15,
Iceflake,2026-07-25,15,1
Iceflake,2026-07-27,15,1
Iceflake,2026-07-28,15,1
Iceflake,2026-07-30,15,1
Iceflake,2026-07-31,15,1
Iceflake,2026-08-02,15,1
Iceflake,2026-08-03,15,1
Iceflake,2026-08-04,15,1
Iceflake,2026-08-05,15,1
Iceflake,2026-08-06,15,1
Iceflake,2026-08-07,15,1
Iceflake,2026-08-08,15,1
Iceflake,2026-08-09,15,1
Iceflake,2026-08-10,15,1
Iceflake,2026-08-11,15,1
Iceflake,2026-08-13,15,1
Iceflake,2026-08-14,15,1
Iceflake,2026-08-15,15,1
Iceflake,2026-08-16,15,1
Iceflake,2026-08-17,15,1
Iceflake,2026-08-18,15,1
Iceflake,2026-08-19,15,1
Iceflake,2026-08-20,15,1
Iceflake,2026-08-21,15,1
Iceflake,2026-08-22,15,1
Iceflake,2026-08-24,15,1
Iceflake,2026-09-02,15,1
Iceflake,2026-09-03,15,1
Iceflake,2026-09-04,15,1
Iceflake,2026-09-05,15,1
Iceflake,2026-09-06,15,1
Iceflake,2026-09-07,15,1
Iceflake,2026-09-12,15,1
Iceflake,2026-09-17,15,1
Iceflake,2026-09-18,15,1
Iceflake,2026-09-19,15,1
Iceflake,2026-09-20,15,1
Jinglegun,2020-12-28,260,
Jinglegun,2020-12-29,250,
Jinglegun,2021-01-03,165,
Jinglegun,2021-01-22,120,
Jinglegun,2021-01-26,110,
Jinglegun,2021-02-22,90,
Jinglegun,2021-03-09,85,
Jinglegun,2021-03-20,100,
Jinglegun,2021-04-08,135,
Jinglegun,2021-04-26,150,
Jinglegun,2021-05-07,130,
Jinglegun,2021-05-12,125,
Jinglegun,2021-06-13,115,
Jinglegun,2021-07-18,90,
Jinglegun,2021-08-23,100,
Jinglegun,2021-09-09,110,
Jinglegun,2021-10-25,115,
Jinglegun,2021-11-23,100,
Jinglegun,2021-11-28,90,
Jinglegun,2021-12-13,85,
Jinglegun,2022-01-16,80,
Jinglegun,2022-02-03,70,
Jinglegun,2022-02-16,65,
Jinglegun,2022-03-07,60,
Jinglegun,2022-05-19,55,
Jinglegun,2022-07-28,52,
Jinglegun,2022-08-04,50,
Jinglegun,2022-08-11,45,
Jinglegun,2022-08-17,40,
Jinglegun,2022-08-27,30,
Jinglegun,2023-06-01,28,
Jinglegun,2023-06-12,25,
Jinglegun,2023-08-20,22,
Jinglegun,2023-09-01,20,
Jinglegun,2023-09-08,17,
Jinglegun,2023-09-16,15,
Jinglegun,2023-11-01,17,
Jinglegun,2024-03-29,15,
Jinglegun,2024-04-24,13,
Jinglegun,2024-09-27,12,
Jinglegun,2024-12-02,15,
Jinglegun,2025-02-07,17,
Jinglegun,2025-04-13,18,
Jinglegun,2025-05-09,20,
Jinglegun,2025-09-17,18,
Jinglegun,2025-09-18,17,
Jinglegun,2025-10-26,17,2
Jinglegun,2025-11-25,17,2
Jinglegun,2025-12-04,17,2
Jinglegun,2025-12-08,17,2
Jinglegun,2025-12-14,17,2
Jinglegun,2025-12-21,17,2
Jinglegun,2025-12-23,17,2
Jinglegun,2025-12-24,17,2
Jinglegun,2025-12-26,17,2
Jinglegun,2025-12-28,17,2
Jinglegun,2025-12-30,17,2
Jinglegun,2026-01-09,17,2
Jinglegun,2026-01-24,17,2
Jinglegun,2026-02-07,17,2
Jinglegun,2026-02-13,17,2
Jinglegun,2026-02-19,17,2
Jinglegun,2026-03-17,17,2
Jinglegun,2026-03-21,17,2
Jinglegun,2026-03-25,17,2
Jinglegun,2026-04-13,17,2
Jinglegun,2026-04-19,17,2
Jinglegun,2026-04-20,17,2
Jinglegun,2026-04-22,17,2
Jinglegun,2026-04-24,17,2
Jinglegun,2026-04-27,17,2
Jinglegun,2026-04-28,17,2
Jinglegun,2026-05-02,17,2
Jinglegun,2026-05-03,17,2
Jinglegun,2026-05-06,17,2
Jinglegun,2026-05-09,17,2
Jinglegun,2026-05-11,17,2
Jinglegun,2026-05-12,17,2
Jinglegun,2026-05-14,17,2
Jinglegun,2026-05-17,17,2
Jinglegun,2026-05-19,17,2
Jinglegun,2026-05-21,17,2
Jinglegun,2026-05-23,17,2
Jinglegun,2026-05-24,15,1
Jinglegun,2026-06-21,15,1
Jinglegun,2026-06-22,15,1
Jinglegun,2026-06-23,15,1
Jinglegun,2026-06-24,15,1
Jinglegun,2026-06-25,15,1
Jinglegun,2026-06-26,15,1
Jinglegun,2026-06-27,15,1
Jinglegun,2026-06-28,15,1
Jinglegun,2026-07-02,15,1
Jinglegun,2026-07-03,15,1
Jinglegun,2026-07-05,15,1
Jinglegun,2026-07-06,15,1
Jinglegun,2026-07-12,13,
Jinglegun,2026-07-14,13,1
Jinglegun,2026-07-17,13,1
Jinglegun,2026-07-25,13,1
Jinglegun,2026-07-27,13,1
Jinglegun,2026-07-28,13,1
Jinglegun,2026-07-30,13,1
Jinglegun,2026-07-31,13,1
Jinglegun,2026-08-02,13,1
Jinglegun,2026-08-03,13,1
Jinglegun,2026-08-04,13,1
Jinglegun,2026-08-05,13,1
Jinglegun,2026-08-06,13,1
Jinglegun,2026-08-07,13,1
Jinglegun,2026-08-08,13,1
Jinglegun,2026-08-09,13,1
Jinglegun,2026-08-10,13,1
Jinglegun,2026-08-11,13,1
Jinglegun,2026-08-13,13,1
Jinglegun,2026-08-14,13,1
Jinglegun,2026-08-15,13,1
Jinglegun,2026-08-16,13,1
Jinglegun,2026-08-17,13,1
Jinglegun,2026-08-18,13,1
Jinglegun,2026-08-19,13,1
Jinglegun,2026-08-20,13,1
Jinglegun,2026-08-21,13,1
Jinglegun,2026-08-22,13,1
Jinglegun,2026-08-24,13,1
Jinglegun,2026-09-02,13,1
Jinglegun,2026-09-03,13,1
Jinglegun,2026-09-04,13,1
Jinglegun,2026-09-05,13,1
Jinglegun,2026-09-06,13,1
Jinglegun,2026-09-07,13,1
Jinglegun,2026-09-12,13,1
Jinglegun,2026-09-17,13,1
Jinglegun,2026-09-18,13,1
Jinglegun,2026-09-19,13,1
Jinglegun,2026-09-20,13,1
Laser,2020-08-26,45,
Laser,2020-10-04,50,
Laser,2021-01-03,55,
Laser,2021-01-26,60,
Laser,2021-03-20,58,
Laser,2021-04-26,55,
Laser,2021-05-07,50,
Laser,2021-07-18,45,
Laser,2021-07-27,50,
Laser,2021-11-22,55,
Laser,2022-08-27,60,
Laser,2022-08-30,65,
Laser,2022-09-03,70,
Laser,2022-10-18,75,
Laser,2022-11-21,70,
Laser,2022-12-04,65,
Laser,2022-12-07,60,
Laser,2022-12-20,55,
Laser,2023-01-08,50,
Laser,2023-06-01,45,
Laser,2023-06-07,42,
Laser,2023-06-30,40,
Laser,2023-08-20,42,
Laser,2023-09-27,40,
Laser,2023-12-03,38,
Laser,2024-01-02,37,
Laser,2024-03-29,35,
Laser,2024-09-23,33,
Laser,2025-01-15,32,
Laser,2025-05-09,30,
Laser,2025-09-25,28,
Laser,2025-10-26,28,2
Laser,2025-11-25,28,2
Laser,2025-12-04,28,2
Laser,2025-12-08,28,2
Laser,2025-12-14,28,2
Laser,2025-12-21,27,
Laser,2025-12-23,27,2
Laser,2025-12-24,27,2
Laser,2025-12-26,27,2
Laser,2025-12-28,27,2
Laser,2025-12-30,27,2
Laser,2026-01-09,27,2
Laser,2026-01-24,27,2
Laser,2026-02-07,27,2
Laser,2026-02-13,27,2
Laser,2026-02-19,27,2
Laser,2026-03-17,27,2
Laser,2026-03-21,27,2
Laser,2026-03-25,27,2
Laser,2026-04-13,27,2
Laser,2026-04-19,27,2
Laser,2026-04-20,27,2
Laser,2026-04-22,27,2
Laser,2026-04-24,27,2
Laser,2026-04-27,27,2
Laser,2026-04-28,27,2
Laser,2026-05-02,27,2
Laser,2026-05-03,27,2
Laser,2026-05-06,27,2
Laser,2026-05-09,27,2
Laser,2026-05-11,27,2
Laser,2026-05-12,27,2
Laser,2026-05-14,27,2
Laser,2026-05-17,27,2
Laser,2026-05-19,27,2
Laser,2026-05-21,27,2
Laser,2026-05-23,27,2
Laser,2026-05-24,23,1
Laser,2026-06-21,23,1
Laser,2026-06-22,23,1
Laser,2026-06-23,23,1
Laser,2026-06-24,23,1
Laser,2026-06-25,23,1
Laser,2026-06-26,23,1
Laser,2026-06-27,23,1
Laser,2026-06-28,23,1
Laser,2026-07-02,23,1
Laser,2026-07-03,23,1
Laser,2026-07-05,23,1
Laser,2026-07-06,23,1
Laser,2026-07-12,23,1
Laser,2026-07-14,23,1
Laser,2026-07-17,23,1
Laser,2026-07-21,22,
Laser,2026-07-25,22,1
Laser,2026-07-27,22,1
Laser,2026-07-28,22,1
Laser,2026-07-30,22,1
Laser,2026-07-31,22,1
Laser,2026-08-02,22,1
Laser,2026-08-03,22,1
Laser,2026-08-04,22,1
Laser,2026-08-05,22,1
Laser,2026-08-06,22,1
Laser,2026-08-07,22,1
Laser,2026-08-08,22,1
Laser,2026-08-09,22,1
Laser,2026-08-10,22,1
Laser,2026-08-11,22,1
Laser,2026-08-13,22,1
Laser,2026-08-14,22,1
Laser,2026-08-15,22,1
Laser,2026-08-16,22,1
Laser,2026-08-17,22,1
Laser,2026-08-18,22,1
Laser,2026-08-19,22,1
Laser,2026-08-20,22,1
Laser,2026-08-21,22,1
Laser,2026-08-22,22,1
Laser,2026-08-24,22,1
Laser,2026-09-02,22,1
Laser,2026-09-03,22,1
Laser,2026-09-04,22,1
Laser,2026-09-05,22,1
Laser,2026-09-06,22,1
Laser,2026-09-07,22,1
Laser,2026-09-12,22,1
Laser,2026-09-17,22,1
Laser,2026-09-18,22,1
Laser,2026-09-19,22,1
Laser,2026-09-20,22,1
Lightbringer,2020-08-26,80,
Lightbringer,2021-02-22,70,
Lightbringer,2021-05-12,65,
Lightbringer,2021-06-18,60,
Lightbringer,2021-06-28,50,
Lightbringer,2021-07-18,45,
Lightbringer,2021-07-21,40,
Lightbringer,2021-11-22,45,
Lightbringer,2022-07-11,50,
Lightbringer,2022-07-28,55,
Lightbringer,2022-08-04,60,
Lightbringer,2022-08-11,65,
Lightbringer,2022-08-17,75,
Lightbringer,2022-08-27,80,
Lightbringer,2022-08-30,90,
Lightbringer,2022-09-03,95,
Lightbringer,2022-09-11,100,
Lightbringer,2022-09-18,105,
Lightbringer,2022-09-30,100,
Lightbringer,2022-10-03,95,
Lightbringer,2022-10-20,90,
Lightbringer,2022-10-22,85,
Lightbringer,2022-10-29,70,
Lightbringer,2022-12-18,75,
Lightbringer,2023-01-06,80,
Lightbringer,2023-03-09,85,
Lightbringer,2023-06-01,80,
Lightbringer,2023-06-07,75,
Lightbringer,2023-06-18,70,
Lightbringer,2023-09-23,75,
Lightbringer,2023-11-26,70,
Lightbringer,2024-01-02,68,
Lightbringer,2024-02-20,65,
Lightbringer,2024-03-29,62,
Lightbringer,2024-05-22,60,
Lightbringer,2024-05-26,57,
Lightbringer,2024-08-22,58,
Lightbringer,2025-04-15,55,
Lightbringer,2025-10-08,50,
Lightbringer,2025-10-26,50,2
Lightbringer,2025-11-25,50,2
Lightbringer,2025-12-04,50,2
Lightbringer,2025-12-08,50,2
Lightbringer,2025-12-14,50,2
Lightbringer,2025-12-21,50,2
Lightbringer,2025-12-23,50,2
Lightbringer,2025-12-24,50,2
Lightbringer,2025-12-26,50,2
Lightbringer,2025-12-28,50,2
Lightbringer,2025-12-30,50,2
Lightbringer,2026-01-09,50,2
Lightbringer,2026-01-24,50,2
Lightbringer,2026-02-07,50,2
Lightbringer,2026-02-13,50,2
Lightbringer,2026-02-19,50,2
Lightbringer,2026-03-04,45,
Lightbringer,2026-03-14,40,
Lightbringer,2026-03-17,40,2
Lightbringer,2026-03-21,40,2
Lightbringer,2026-03-25,40,2
Lightbringer,2026-04-13,40,2
Lightbringer,2026-04-19,40,2
Lightbringer,2026-04-20,40,2
Lightbringer,2026-04-22,40,2
Lightbringer,2026-04-24,40,2
Lightbringer,2026-04-27,40,2
Lightbringer,2026-04-28,40,2
Lightbringer,2026-05-02,40,2
Lightbringer,2026-05-03,38,
Lightbringer,2026-05-06,38,2
Lightbringer,2026-05-09,38,2
Lightbringer,2026-05-11,38,2
Lightbringer,2026-05-12,38,2
Lightbringer,2026-05-14,38,2
Lightbringer,2026-05-17,38,2
Lightbringer,2026-05-19,38,2
Lightbringer,2026-05-21,38,2
Lightbringer,2026-05-23,38,2
Lightbringer,2026-05-24,37,1
Lightbringer,2026-06-17,35,
Lightbringer,2026-06-21,35,1
Lightbringer,2026-06-22,35,1
Lightbringer,2026-06-23,35,1
Lightbringer,2026-06-24,35,1
Lightbringer,2026-06-25,35,1
Lightbringer,2026-06-26,35,1
Lightbringer,2026-06-27,35,1
Lightbringer,2026-06-28,35,1
Lightbringer,2026-07-02,35,1
Lightbringer,2026-07-03,35,1
Lightbringer,2026-07-05,35,1
Lightbringer,2026-07-06,35,1
Lightbringer,2026-07-12,33,
Lightbringer,2026-07-14,33,1
Lightbringer,2026-07-17,33,1
Lightbringer,2026-07-25,33,1
Lightbringer,2026-07-27,33,1
Lightbringer,2026-07-28,33,1
Lightbringer,2026-07-30,33,1
Lightbringer,2026-07-31,33,1
Lightbringer,2026-08-02,33,1
Lightbringer,2026-08-03,33,1
Lightbringer,2026-08-04,33,1
Lightbringer,2026-08-05,33,1
Lightbringer,2026-08-06,33,1
Lightbringer,2026-08-07,33,1
Lightbringer,2026-08-08,33,1
Lightbringer,2026-08-09,33,1
Lightbringer,2026-08-10,33,1
Lightbringer,2026-08-11,33,1
Lightbringer,2026-08-13,33,1
Lightbringer,2026-08-14,33,1
Lightbringer,2026-08-15,33,1
Lightbringer,2026-08-16,33,1
Lightbringer,2026-08-17,33,1
Lightbringer,2026-08-18,33,1
Lightbringer,2026-08-19,33,1
Lightbringer,2026-08-20,33,1
Lightbringer,2026-08-21,33,1
Lightbringer,2026-08-22,33,1
Lightbringer,2026-08-24,33,1
Lightbringer,2026-09-02,33,1
Lightbringer,2026-09-03,33,1
Lightbringer,2026-09-04,32,
Lightbringer,2026-09-05,32,1
Lightbringer,2026-09-06,32,1
Lightbringer,2026-09-07,32,1
Lightbringer,2026-09-12,32,1
Lightbringer,2026-09-17,32,1
Lightbringer,2026-09-18,32,1
Lightbringer,2026-09-19,32,1
Lightbringer,2026-09-20,32,1
Luger,2020-08-26,75,
Luger,2020-12-03,70,
Luger,2020-12-28,65,
Luger,2021-01-03,60,
Luger,2021-01-26,63,
Luger,2021-02-22,70,
Luger,2021-03-09,73,
Luger,2021-03-23,70,
Luger,2021-04-26,75,
Luger,2021-05-07,80,
Luger,2021-05-12,85,
Luger,2021-06-13,90,
Luger,2021-07-18,80,
Luger,2021-08-17,70,
Luger,2021-10-02,73,
Luger,2021-10-25,75,
Luger,2021-11-22,80,
Luger,2022-02-03,75,
Luger,2022-08-27,80,
Luger,2022-08-30,85,
Luger,2022-09-11,90,
Luger,2022-12-04,85,
Luger,2022-12-13,80,
Luger,2022-12-20,75,
Luger,2022-12-23,70,
Luger,2023-01-24,65,
Luger,2023-02-07,70,
Luger,2023-03-09,75,
Luger,2023-03-30,80,
Luger,2023-04-18,85,
Luger,2023-06-01,80,
Luger,2023-06-07,75,
Luger,2023-06-18,70,
Luger,2023-08-01,75,
Luger,2023-09-27,70,
Luger,2024-03-31,68,
Luger,2024-05-07,67,
Luger,2024-05-20,65,
Luger,2024-05-22,63,
Luger,2024-05-26,58,
Luger,2024-07-29,60,
Luger,2024-08-22,65,
Luger,2024-10-28,67,
Luger,2024-11-13,70,
Luger,2024-12-06,75,
Luger,2025-03-09,80,
Luger,2025-04-13,75,
Luger,2025-04-20,70,
Luger,2025-09-17,65,
Luger,2025-10-26,65,2
Luger,2025-11-25,65,2
Luger,2025-12-04,65,2
Luger,2025-12-08,65,2
Luger,2025-12-14,65,2
Luger,2025-12-21,60,
Luger,2025-12-23,60,2
Luger,2025-12-24,60,2
Luger,2025-12-26,60,2
Luger,2025-12-28,60,2
Luger,2025-12-30,60,2
Luger,2026-01-09,60,2
Luger,2026-01-24,60,2
Luger,2026-02-07,60,2
Luger,2026-02-13,60,2
Luger,2026-02-19,60,2
Luger,2026-03-04,55,
Luger,2026-03-14,50,
Luger,2026-03-17,50,2
Luger,2026-03-21,50,2
Luger,2026-03-25,50,2
Luger,2026-04-13,50,2
Luger,2026-04-19,50,2
Luger,2026-04-20,50,2
Luger,2026-04-22,50,2
Luger,2026-04-24,50,2
Luger,2026-04-27,50,2
Luger,2026-04-28,50,2
Luger,2026-05-02,50,2
Luger,2026-05-03,50,2
Luger,2026-05-06,50,2
Luger,2026-05-09,50,2
Luger,2026-05-11,50,2
Luger,2026-05-12,50,2
Luger,2026-05-14,50,2
Luger,2026-05-17,50,2
Luger,2026-05-19,50,2
Luger,2026-05-21,50,2
Luger,2026-05-23,50,2
Luger,2026-05-24,45,1
Luger,2026-06-21,45,1
Luger,2026-06-22,45,1
Luger,2026-06-23,45,1
Luger,2026-06-24,45,1
Luger,2026-06-25,45,1
Luger,2026-06-26,45,1
Luger,2026-06-27,45,1
Luger,2026-06-28,45,1
Luger,2026-07-02,45,1
Luger,2026-07-03,45,1
Luger,2026-07-05,45,1
Luger,2026-07-06,45,1
Luger,2026-07-12,42,
Luger,2026-07-14,42,1
Luger,2026-07-17,42,1
Luger,2026-07-21,40,
Luger,2026-07-25,40,1
Luger,2026-07-27,40,1
Luger,2026-07-28,40,1
Luger,2026-07-30,40,1
Luger,2026-07-31,40,1
Luger,2026-08-02,40,1
Luger,2026-08-03,40,1
Luger,2026-08-04,40,1
Luger,2026-08-05,40,1
Luger,2026-08-06,40,1
Luger,2026-08-07,40,1
Luger,2026-08-08,40,1
Luger,2026-08-09,40,1
Luger,2026-08-10,40,1
Luger,2026-08-11,40,1
Luger,2026-08-13,40,1
Luger,2026-08-14,40,1
Luger,2026-08-15,37,
Luger,2026-08-16,37,1
Luger,2026-08-17,37,1
Luger,2026-08-18,35,
Luger,2026-08-19,35,1
Luger,2026-08-20,32,
Luger,2026-08-21,32,1
Luger,2026-08-22,32,1
Luger,2026-08-23,30,
Luger,2026-08-24,30,1
Luger,2026-08-26,28,
Luger,2026-08-28,25,
Luger,2026-08-30,22,
Luger,2026-09-01,20,
Luger,2026-09-02,18,
Luger,2026-09-03,18,1
Luger,2026-09-04,18,1
Luger,2026-09-05,18,1
Luger,2026-09-06,18,1
Luger,2026-09-07,18,1
Luger,2026-09-12,18,1
Luger,2026-09-17,18,1
Luger,2026-09-18,18,1
Luger,2026-09-19,18,1
Luger,2026-09-20,18,1
Lugercane,2020-08-26,180,
Lugercane,2020-10-04,170,
Lugercane,2020-10-31,205,
Lugercane,2020-11-17,210,
Lugercane,2020-11-26,220,
Lugercane,2020-12-14,225,
Lugercane,2021-01-03,235,
Lugercane,2021-01-22,240,
Lugercane,2021-02-22,220,
Lugercane,2021-03-09,215,
Lugercane,2021-04-26,190,
Lugercane,2021-05-07,180,
Lugercane,2021-05-12,175,
Lugercane,2021-06-18,165,
Lugercane,2021-06-28,155,
Lugercane,2021-07-18,135,
Lugercane,2021-07-21,120,
Lugercane,2021-07-27,95,
Lugercane,2021-08-17,85,
Lugercane,2021-09-09,90,
Lugercane,2021-10-02,100,
Lugercane,2021-10-25,105,
Lugercane,2021-11-22,120,
Lugercane,2021-11-23,125,
Lugercane,2021-11-28,130,
Lugercane,2021-12-13,135,
Lugercane,2022-01-08,130,
Lugercane,2022-01-16,120,
Lugercane,2022-02-03,110,
Lugercane,2022-02-16,100,
Lugercane,2022-03-07,90,
Lugercane,2022-03-14,75,
Lugercane,2022-04-02,70,
Lugercane,2022-07-06,65,
Lugercane,2022-07-28,60,
Lugercane,2022-08-11,55,
Lugercane,2022-08-27,45,
Lugercane,2022-08-30,40,
Lugercane,2022-09-30,35,
Lugercane,2023-06-01,30,
Lugercane,2023-06-12,28,
Lugercane,2023-06-25,25,
Lugercane,2023-08-24,22,
Lugercane,2023-09-16,20,
Lugercane,2024-01-26,22,
Lugercane,2024-03-29,20,
Lugercane,2024-09-27,22,
Lugercane,2024-10-11,23,
Lugercane,2024-10-16,24,
Lugercane,2025-01-15,23,
Lugercane,2025-09-17,22,
Lugercane,2025-09-25,20,
Lugercane,2025-10-26,20,2
Lugercane,2025-11-11,18,
Lugercane,2025-11-25,18,2
Lugercane,2025-12-04,18,2
Lugercane,2025-12-08,18,2
Lugercane,2025-12-14,18,2
Lugercane,2025-12-21,18,2
Lugercane,2025-12-23,18,2
Lugercane,2025-12-24,18,2
Lugercane,2025-12-26,18,2
Lugercane,2025-12-28,18,2
Lugercane,2025-12-30,18,2
Lugercane,2026-01-09,18,2
Lugercane,2026-01-24,18,2
Lugercane,2026-02-07,18,2
Lugercane,2026-02-13,18,2
Lugercane,2026-02-19,18,2
Lugercane,2026-03-17,18,2
Lugercane,2026-03-21,18,2
Lugercane,2026-03-25,18,2
Lugercane,2026-04-13,18,2
Lugercane,2026-04-19,18,2
Lugercane,2026-04-20,18,2
Lugercane,2026-04-22,18,2
Lugercane,2026-04-24,18,2
Lugercane,2026-04-27,18,2
Lugercane,2026-04-28,18,2
Lugercane,2026-05-02,18,2
Lugercane,2026-05-03,18,2
Lugercane,2026-05-06,18,2
Lugercane,2026-05-09,18,2
Lugercane,2026-05-11,18,2
Lugercane,2026-05-12,18,2
Lugercane,2026-05-14,18,2
Lugercane,2026-05-17,18,2
Lugercane,2026-05-19,18,2
Lugercane,2026-05-21,18,2
Lugercane,2026-05-23,18,2
Lugercane,2026-05-24,15,1
Lugercane,2026-06-21,15,1
Lugercane,2026-06-22,15,1
Lugercane,2026-06-23,15,1
Lugercane,2026-06-24,15,1
Lugercane,2026-06-25,15,1
Lugercane,2026-06-26,15,1
Lugercane,2026-06-27,15,1
Lugercane,2026-06-28,15,1
Lugercane,2026-07-02,15,1
Lugercane,2026-07-03,15,1
Lugercane,2026-07-05,15,1
Lugercane,2026-07-06,15,1
Lugercane,2026-07-12,13,
Lugercane,2026-07-14,13,1
Lugercane,2026-07-17,13,1
Lugercane,2026-07-25,13,1
Lugercane,2026-07-27,13,1
Lugercane,2026-07-28,13,1
Lugercane,2026-07-30,13,1
Lugercane,2026-07-31,13,1
Lugercane,2026-08-02,13,1
Lugercane,2026-08-03,13,1
Lugercane,2026-08-04,13,1
Lugercane,2026-08-05,13,1
Lugercane,2026-08-06,13,1
Lugercane,2026-08-07,13,1
Lugercane,2026-08-08,13,1
Lugercane,2026-08-09,13,1
Lugercane,2026-08-10,13,1
Lugercane,2026-08-11,13,1
Lugercane,2026-08-13,13,1
Lugercane,2026-08-14,13,1
Lugercane,2026-08-15,13,1
Lugercane,2026-08-16,13,1
Lugercane,2026-08-17,13,1
Lugercane,2026-08-18,13,1
Lugercane,2026-08-19,13,1
Lugercane,2026-08-20,13,1
Lugercane,2026-08-21,13,1
Lugercane,2026-08-22,13,1
Lugercane,2026-08-24,13,1
Lugercane,2026-09-02,13,1
Lugercane,2026-09-03,13,1
Lugercane,2026-09-04,13,1
Lugercane,2026-09-05,13,1
Lugercane,2026-09-06,13,1
Lugercane,2026-09-07,13,1
Lugercane,2026-09-12,13,1
Lugercane,2026-09-17,13,1
Lugercane,2026-09-18,13,1
Lugercane,2026-09-19,13,1
Lugercane,2026-09-20,13,1
Makeshift,2022-10-18,4600,
Makeshift,2022-10-22,4400,
Makeshift,2022-10-29,4300,
Makeshift,2022-10-30,4200,
Makeshift,2022-11-06,3750,
Makeshift,2022-11-12,3250,
Makeshift,2022-11-14,2750,
Makeshift,2022-11-21,2300,
Makeshift,2022-11-26,2000,
Makeshift,2022-11-29,1600,
Makeshift,2022-12-02,1200,
Makeshift,2022-12-04,900,
Makeshift,2022-12-07,850,
Makeshift,2022-12-08,900,
Makeshift,2022-12-12,1000,
Makeshift,2022-12-17,1200,
Makeshift,2022-12-18,1300,
Makeshift,2022-12-23,1350,
Makeshift,2023-01-01,1400,
Makeshift,2023-01-08,1500,
Makeshift,2023-01-20,1600,
Makeshift,2023-02-05,1700,
Makeshift,2023-02-13,1750,
Makeshift,2023-02-19,1800,
Makeshift,2023-02-25,1900,
Makeshift,2023-02-27,2000,
Makeshift,2023-03-09,2100,
Makeshift,2023-03-19,2000,
Makeshift,2023-03-24,1950,
Makeshift,2023-03-30,1900,
Makeshift,2023-04-02,1800,
Makeshift,2023-04-07,1700,
Makeshift,2023-04-27,1650,
Makeshift,2023-04-30,1600,
Makeshift,2023-05-03,1550,
Makeshift,2023-05-08,1500,
Makeshift,2023-05-10,1400,
Makeshift,2023-05-13,1350,
Makeshift,2023-05-20,1300,
Makeshift,2023-05-27,1250,
Makeshift,2023-06-02,1200,
Makeshift,2023-06-13,1225,
Makeshift,2023-06-18,1250,
Makeshift,2023-06-21,1300,
Makeshift,2023-06-30,1350,
Makeshift,2023-07-06,1400,
Makeshift,2023-07-11,1450,
Makeshift,2023-07-15,1500,
Makeshift,2023-07-19,1550,
Makeshift,2023-07-20,1600,
Makeshift,2023-07-23,1650,
Makeshift,2023-07-24,1700,
Makeshift,2023-07-27,1750,
Makeshift,2023-08-02,1800,
Makeshift,2023-08-07,1775,
Makeshift,2023-08-12,1750,
Makeshift,2023-08-13,1700,
Makeshift,2023-08-24,1650,
Makeshift,2023-08-28,1625,
Makeshift,2023-08-29,1600,
Makeshift,2023-09-09,1575,
Makeshift,2023-09-11,1550,
Makeshift,2023-09-16,1525,
Makeshift,2023-09-18,1500,
Makeshift,2023-09-20,1450,
Makeshift,2023-09-21,1400,
Makeshift,2023-09-28,1350,
Makeshift,2023-10-01,1300,
Makeshift,2023-10-05,1250,
Makeshift,2023-10-07,1200,
Makeshift,2023-10-08,1150,
Makeshift,2023-10-11,1100,
Makeshift,2023-10-15,1000,
Makeshift,2023-10-23,975,
Makeshift,2023-10-28,950,
Makeshift,2023-11-06,925,
Makeshift,2023-11-09,900,
Makeshift,2023-11-17,875,
Makeshift,2023-11-22,850,
Makeshift,2023-12-03,825,
Makeshift,2023-12-22,800,
Makeshift,2024-01-02,775,
Makeshift,2024-01-12,750,
Makeshift,2024-01-26,700,
Makeshift,2024-02-02,650,
Makeshift,2024-02-14,600,
Makeshift,2024-02-20,575,
Makeshift,2024-02-22,525,
Makeshift,2024-02-26,500,
Makeshift,2024-03-04,475,
Makeshift,2024-03-11,450,
Makeshift,2024-03-18,400,
Makeshift,2024-03-29,350,
Makeshift,2024-03-31,325,
Makeshift,2024-04-03,300,
Makeshift,2024-04-10,275,
Makeshift,2024-04-15,225,
Makeshift,2024-04-16,200,
Makeshift,2024-04-24,225,
Makeshift,2024-04-26,250,
Makeshift,2024-05-03,225,
Makeshift,2024-05-10,220,
Makeshift,2024-05-15,200,
Makeshift,2024-05-20,175,
Makeshift,2024-05-22,170,
Makeshift,2024-05-26,150,
Makeshift,2024-05-29,140,
Makeshift,2024-05-31,135,
Makeshift,2024-06-03,130,
Makeshift,2024-06-14,125,
Makeshift,2024-06-26,120,
Makeshift,2024-07-01,115,
Makeshift,2024-07-09,120,
Makeshift,2024-07-18,130,
Makeshift,2024-07-29,135,
Makeshift,2024-08-11,140,
Makeshift,2024-09-29,135,
Makeshift,2024-10-02,130,
Makeshift,2024-12-11,125,
Makeshift,2025-01-10,120,
Makeshift,2025-01-15,115,
Makeshift,2025-01-18,110,
Makeshift,2025-01-24,105,
Makeshift,2025-02-03,100,
Makeshift,2025-02-07,95,
Makeshift,2025-02-12,90,
Makeshift,2025-02-14,85,
Makeshift,2025-02-17,80,
Makeshift,2025-02-22,75,
Makeshift,2025-03-04,72,
Makeshift,2025-03-09,70,
Makeshift,2025-03-11,68,
Makeshift,2025-03-15,67,
Makeshift,2025-03-29,65,
Makeshift,2025-09-17,60,
Makeshift,2025-10-26,60,2
Makeshift,2025-11-25,60,2
Makeshift,2025-12-04,60,2
Makeshift,2025-12-08,60,2
Makeshift,2025-12-14,60,2
Makeshift,2025-12-21,55,
Makeshift,2025-12-23,55,2
Makeshift,2025-12-24,55,2
Makeshift,2025-12-26,55,2
Makeshift,2025-12-28,55,2
Makeshift,2025-12-30,55,2
Makeshift,2026-01-09,55,2
Makeshift,2026-01-24,55,2
Makeshift,2026-02-07,55,2
Makeshift,2026-02-13,55,2
Makeshift,2026-02-19,55,2
Makeshift,2026-03-04,50,
Makeshift,2026-03-14,45,
Makeshift,2026-03-17,45,2
Makeshift,2026-03-21,45,2
Makeshift,2026-03-25,45,2
Makeshift,2026-04-13,45,2
Makeshift,2026-04-19,45,2
Makeshift,2026-04-20,45,2
Makeshift,2026-04-22,45,2
Makeshift,2026-04-24,45,2
Makeshift,2026-04-27,45,2
Makeshift,2026-04-28,45,2
Makeshift,2026-05-02,45,2
Makeshift,2026-05-03,45,2
Makeshift,2026-05-06,45,2
Makeshift,2026-05-09,45,2
Makeshift,2026-05-11,45,2
Makeshift,2026-05-12,45,2
Makeshift,2026-05-14,45,2
Makeshift,2026-05-17,42,
Makeshift,2026-05-19,42,2
Makeshift,2026-05-21,42,2
Makeshift,2026-05-23,42,2
Makeshift,2026-05-24,40,1
Makeshift,2026-06-17,38,
Makeshift,2026-06-21,38,1
Makeshift,2026-06-22,38,1
Makeshift,2026-06-23,38,1
Makeshift,2026-06-24,38,1
Makeshift,2026-06-25,38,1
Makeshift,2026-06-26,38,1
Makeshift,2026-06-27,38,1
Makeshift,2026-06-28,38,1
Makeshift,2026-07-02,38,1
Makeshift,2026-07-03,38,1
Makeshift,2026-07-05,38,1
Makeshift,2026-07-06,38,1
Makeshift,2026-07-07,35,
Makeshift,2026-07-12,35,1
Makeshift,2026-07-14,35,1
Makeshift,2026-07-17,35,1
Makeshift,2026-07-21,33,
Makeshift,2026-07-25,33,1
Makeshift,2026-07-27,33,1
Makeshift,2026-07-28,33,1
Makeshift,2026-07-30,33,1
Makeshift,2026-07-31,33,1
Makeshift,2026-08-02,33,1
Makeshift,2026-08-03,33,1
Makeshift,2026-08-04,33,1
Makeshift,2026-08-05,33,1
Makeshift,2026-08-06,33,1
Makeshift,2026-08-07,33,1
Makeshift,2026-08-08,33,1
Makeshift,2026-08-09,33,1
Makeshift,2026-08-10,33,1
Makeshift,2026-08-11,33,1
Makeshift,2026-08-13,33,1
Makeshift,2026-08-14,33,1
Makeshift,2026-08-15,33,1
Makeshift,2026-08-16,33,1
Makeshift,2026-08-17,33,1
Makeshift,2026-08-18,33,1
Makeshift,2026-08-19,33,1
Makeshift,2026-08-20,33,1
Makeshift,2026-08-21,33,1
Makeshift,2026-08-22,33,1
Makeshift,2026-08-24,33,1
Makeshift,2026-09-02,33,1
Makeshift,2026-09-03,33,1
Makeshift,2026-09-04,33,1
Makeshift,2026-09-05,33,1
Makeshift,2026-09-06,33,1
Makeshift,2026-09-07,33,1
Makeshift,2026-09-12,33,1
Makeshift,2026-09-17,33,1
Makeshift,2026-09-18,33,1
Makeshift,2026-09-19,33,1
Makeshift,2026-09-20,33,1
Minty,2020-08-26,70,
Minty,2020-10-31,75,
Minty,2020-11-26,80,
Minty,2020-12-14,85,
Minty,2020-12-20,90,
Minty,2020-12-28,95,
Minty,2021-01-03,100,
Minty,2021-01-22,110,
Minty,2021-02-22,120,
Minty,2021-04-08,110,
Minty,2021-04-26,100,
Minty,2021-05-07,95,
Minty,2021-06-13,90,
Minty,2021-06-18,80,
Minty,2021-06-28,70,
Minty,2021-07-18,60,
Minty,2021-09-09,65,
Minty,2021-10-02,70,
Minty,2021-10-25,75,
Minty,2021-11-22,85,
Minty,2021-11-28,90,
Minty,2021-12-13,95,
Minty,2022-01-08,90,
Minty,2022-01-16,85,
Minty,2022-02-03,70,
Minty,2022-02-16,65,
Minty,2022-03-07,60,
Minty,2022-03-14,55,
Minty,2022-05-19,50,
Minty,2022-07-06,48,
Minty,2022-07-11,45,
Minty,2022-08-17,35,
Minty,2022-08-27,30,
Minty,2022-09-30,40,
Minty,2022-10-03,45,
Minty,2022-10-09,50,
Minty,2022-10-12,55,
Minty,2022-10-18,60,
Minty,2022-11-12,55,
Minty,2022-11-21,50,
Minty,2022-11-29,45,
Minty,2022-12-27,40,
Minty,2023-06-01,35,
Minty,2023-10-15,32,
Minty,2024-01-02,30,
Minty,2024-03-29,25,
Minty,2024-09-23,24,
Minty,2025-01-15,22,
Minty,2025-02-07,20,
Minty,2025-10-26,20,2
Minty,2025-11-25,20,2
Minty,2025-12-04,20,2
Minty,2025-12-08,20,2
Minty,2025-12-14,20,2
Minty,2025-12-21,20,2
Minty,2025-12-23,20,2
Minty,2025-12-24,20,2
Minty,2025-12-26,20,2
Minty,2025-12-28,20,2
Minty,2025-12-30,20,2
Minty,2026-01-09,20,2
Minty,2026-01-24,20,2
Minty,2026-02-07,20,2
Minty,2026-02-13,20,2
Minty,2026-02-19,20,2
Minty,2026-03-14,18,
Minty,2026-03-17,18,2
Minty,2026-03-21,18,2
Minty,2026-03-25,18,2
Minty,2026-04-13,18,2
Minty,2026-04-19,18,2
Minty,2026-04-20,18,2
Minty,2026-04-22,18,2
Minty,2026-04-24,18,2
Minty,2026-04-27,18,2
Minty,2026-04-28,18,2
Minty,2026-05-02,18,2
Minty,2026-05-03,18,2
Minty,2026-05-06,18,2
Minty,2026-05-09,18,2
Minty,2026-05-11,18,2
Minty,2026-05-12,18,2
Minty,2026-05-14,18,2
Minty,2026-05-17,18,2
Minty,2026-05-19,18,2
Minty,2026-05-21,18,2
Minty,2026-05-23,18,2
Minty,2026-05-24,15,1
Minty,2026-06-21,15,1
Minty,2026-06-22,15,1
Minty,2026-06-23,15,1
Minty,2026-06-24,15,1
Minty,2026-06-25,15,1
Minty,2026-06-26,15,1
Minty,2026-06-27,15,1
Minty,2026-06-28,15,1
Minty,2026-07-02,15,1
Minty,2026-07-03,15,1
Minty,2026-07-05,15,1
Minty,2026-07-06,15,1
Minty,2026-07-12,13,
Minty,2026-07-14,13,1
Minty,2026-07-17,13,1
Minty,2026-07-25,13,1
Minty,2026-07-27,13,1
Minty,2026-07-28,13,1
Minty,2026-07-30,13,1
Minty,2026-07-31,13,1
Minty,2026-08-02,13,1
Minty,2026-08-03,13,1
Minty,2026-08-04,13,1
Minty,2026-08-05,13,1
Minty,2026-08-06,13,1
Minty,2026-08-07,13,1
Minty,2026-08-08,13,1
Minty,2026-08-09,13,1
Minty,2026-08-10,13,1
Minty,2026-08-11,13,1
Minty,2026-08-13,13,1
Minty,2026-08-14,13,1
Minty,2026-08-15,13,1
Minty,2026-08-16,13,1
Minty,2026-08-17,13,1
Minty,2026-08-18,13,1
Minty,2026-08-19,13,1
Minty,2026-08-20,13,1
Minty,2026-08-21,13,1
Minty,2026-08-22,13,1
Minty,2026-08-24,13,1
Minty,2026-09-02,13,1
Minty,2026-09-03,13,1
Minty,2026-09-04,13,1
Minty,2026-09-05,13,1
Minty,2026-09-06,13,1
Minty,2026-09-07,13,1
Minty,2026-09-12,13,1
Minty,2026-09-17,13,1
Minty,2026-09-18,13,1
Minty,2026-09-19,13,1
Minty,2026-09-20,13,1
Nebula,2021-08-23,30,
Nebula,2021-09-05,33,
Nebula,2021-10-25,35,
Nebula,2021-11-22,50,
Nebula,2021-11-23,40,
Nebula,2021-12-13,35,
Nebula,2021-12-14,32,
Nebula,2022-02-16,30,
Nebula,2022-03-07,28,
Nebula,2022-06-18,18,
Nebula,2022-06-20,15,
Nebula,2022-08-11,13,
Nebula,2022-08-17,12,
Nebula,2022-08-27,8,
Nebula,2022-09-11,7,
Nebula,2022-09-18,6,
Nebula,2023-01-20,7,
Nebula,2023-03-30,8,
Nebula,2023-05-08,10,
Nebula,2023-09-01,8,
Nebula,2023-11-01,7,
Nebula,2024-04-24,6,
Nebula,2024-09-27,7,
Nebula,2024-10-11,10,
Nebula,2024-10-16,12,
Nebula,2024-10-18,15,
Nebula,2024-10-20,17,
Nebula,2024-10-23,20,
Nebula,2024-10-28,22,
Nebula,2024-11-02,27,
Nebula,2024-11-18,28,
Nebula,2025-04-13,25,
Nebula,2025-04-15,23,
Nebula,2025-05-04,22,
Nebula,2025-09-17,20,
Nebula,2025-09-25,17,
Nebula,2025-10-26,17,2
Nebula,2025-11-25,17,2
Nebula,2025-12-04,17,2
Nebula,2025-12-08,17,2
Nebula,2025-12-14,17,2
Nebula,2025-12-21,17,2
Nebula,2025-12-23,17,2
Nebula,2025-12-24,17,2
Nebula,2025-12-26,17,2
Nebula,2025-12-28,17,2
Nebula,2025-12-30,17,2
Nebula,2026-01-09,17,2
Nebula,2026-01-11,15,
Nebula,2026-01-24,15,2
Nebula,2026-02-07,15,2
Nebula,2026-02-13,15,2
Nebula,2026-02-19,15,2
Nebula,2026-03-17,15,2
Nebula,2026-03-21,15,2
Nebula,2026-03-25,15,2
Nebula,2026-04-13,15,2
Nebula,2026-04-19,15,2
Nebula,2026-04-20,15,2
Nebula,2026-04-22,15,2
Nebula,2026-04-24,15,2
Nebula,2026-04-27,15,2
Nebula,2026-04-28,15,2
Nebula,2026-05-02,15,2
Nebula,2026-05-03,15,2
Nebula,2026-05-06,15,2
Nebula,2026-05-09,15,2
Nebula,2026-05-11,15,2
Nebula,2026-05-12,15,2
Nebula,2026-05-14,15,2
Nebula,2026-05-17,15,2
Nebula,2026-05-19,15,2
Nebula,2026-05-21,15,2
Nebula,2026-05-23,15,2
Nebula,2026-05-24,15,1
Nebula,2026-06-21,15,1
Nebula,2026-06-22,15,1
Nebula,2026-06-23,15,1
Nebula,2026-06-24,15,1
Nebula,2026-06-25,15,1
Nebula,2026-06-26,15,1
Nebula,2026-06-27,15,1
Nebula,2026-06-28,15,1
Nebula,2026-07-02,15,1
Nebula,2026-07-03,15,1
Nebula,2026-07-05,15,1
Nebula,2026-07-06,15,1
Nebula,2026-07-12,13,
Nebula,2026-07-14,13,1
Nebula,2026-07-17,13,1
Nebula,2026-07-25,13,1
Nebula,2026-07-27,13,1
Nebula,2026-07-28,13,1
Nebula,2026-07-30,13,1
Nebula,2026-07-31,13,1
Nebula,2026-08-02,13,1
Nebula,2026-08-03,13,1
Nebula,2026-08-04,13,1
Nebula,2026-08-05,13,1
Nebula,2026-08-06,13,1
Nebula,2026-08-07,13,1
Nebula,2026-08-08,13,1
Nebula,2026-08-09,13,1
Nebula,2026-08-10,13,1
Nebula,2026-08-11,13,1
Nebula,2026-08-13,13,1
Nebula,2026-08-14,13,1
Nebula,2026-08-15,13,1
Nebula,2026-08-16,13,1
Nebula,2026-08-17,13,1
Nebula,2026-08-18,13,1
Nebula,2026-08-19,13,1
Nebula,2026-08-20,13,1
Nebula,2026-08-21,13,1
Nebula,2026-08-22,13,1
Nebula,2026-08-24,13,1
Nebula,2026-09-02,13,1
Nebula,2026-09-03,13,1
Nebula,2026-09-04,13,1
Nebula,2026-09-05,13,1
Nebula,2026-09-06,13,1
Nebula,2026-09-07,13,1
Nebula,2026-09-12,13,1
Nebula,2026-09-17,13,1
Nebula,2026-09-18,13,1
Nebula,2026-09-19,13,1
Nebula,2026-09-20,13,1
Nightblade,2020-08-26,20,
Nightblade,2021-01-03,25,
Nightblade,2021-01-22,23,
Nightblade,2021-07-18,28,
Nightblade,2021-10-02,30,
Nightblade,2021-12-13,32,
Nightblade,2022-02-16,30,
Nightblade,2022-08-27,32,
Nightblade,2022-12-07,35,
Nightblade,2023-02-11,40,
Nightblade,2023-09-16,38,
Nightblade,2023-12-03,37,
Nightblade,2024-01-02,35,
Nightblade,2024-03-29,32,
Nightblade,2024-04-24,30,
Nightblade,2025-04-13,25,
Nightblade,2025-09-17,23,
Nightblade,2025-10-26,23,2
Nightblade,2025-11-25,23,2
Nightblade,2025-12-04,23,2
Nightblade,2025-12-08,23,2
Nightblade,2025-12-14,23,2
Nightblade,2025-12-21,22,
Nightblade,2025-12-23,22,2
Nightblade,2025-12-24,22,2
Nightblade,2025-12-26,22,2
Nightblade,2025-12-28,22,2
Nightblade,2025-12-30,22,2
Nightblade,2026-01-09,22,2
Nightblade,2026-01-24,22,2
Nightblade,2026-02-07,22,2
Nightblade,2026-02-13,22,2
Nightblade,2026-02-19,22,2
Nightblade,2026-03-17,22,2
Nightblade,2026-03-21,22,2
Nightblade,2026-03-25,22,2
Nightblade,2026-04-13,22,2
Nightblade,2026-04-19,22,2
Nightblade,2026-04-20,22,2
Nightblade,2026-04-22,22,2
Nightblade,2026-04-24,22,2
Nightblade,2026-04-27,22,2
Nightblade,2026-04-28,22,2
Nightblade,2026-05-02,22,2
Nightblade,2026-05-03,22,2
Nightblade,2026-05-06,22,2
Nightblade,2026-05-09,22,2
Nightblade,2026-05-11,22,2
Nightblade,2026-05-12,22,2
Nightblade,2026-05-14,22,2
Nightblade,2026-05-17,22,2
Nightblade,2026-05-19,22,2
Nightblade,2026-05-21,22,2
Nightblade,2026-05-23,22,2
Nightblade,2026-05-24,20,1
Nightblade,2026-06-21,20,1
Nightblade,2026-06-22,20,1
Nightblade,2026-06-23,20,1
Nightblade,2026-06-24,20,1
Nightblade,2026-06-25,20,1
Nightblade,2026-06-26,20,1
Nightblade,2026-06-27,20,1
Nightblade,2026-06-28,20,1
Nightblade,2026-07-02,20,1
Nightblade,2026-07-03,20,1
Nightblade,2026-07-05,20,1
Nightblade,2026-07-06,20,1
Nightblade,2026-07-12,20,1
Nightblade,2026-07-14,20,1
Nightblade,2026-07-17,20,1
Nightblade,2026-07-25,20,1
Nightblade,2026-07-27,20,1
Nightblade,2026-07-28,20,1
Nightblade,2026-07-30,20,1
Nightblade,2026-07-31,20,1
Nightblade,2026-08-02,20,1
Nightblade,2026-08-03,20,1
Nightblade,2026-08-04,20,1
Nightblade,2026-08-05,20,1
Nightblade,2026-08-06,20,1
Nightblade,2026-08-07,20,1
Nightblade,2026-08-08,20,1
Nightblade,2026-08-09,20,1
Nightblade,2026-08-10,20,1
Nightblade,2026-08-11,20,1
Nightblade,2026-08-13,20,1
Nightblade,2026-08-14,20,1
Nightblade,2026-08-15,20,1
Nightblade,2026-08-16,20,1
Nightblade,2026-08-17,20,1
Nightblade,2026-08-18,20,1
Nightblade,2026-08-19,20,1
Nightblade,2026-08-20,20,1
Nightblade,2026-08-21,20,1
Nightblade,2026-08-22,20,1
Nightblade,2026-08-24,20,1
Nightblade,2026-09-02,20,1
Nightblade,2026-09-03,20,1
Nightblade,2026-09-04,20,1
Nightblade,2026-09-05,20,1
Nightblade,2026-09-06,20,1
Nightblade,2026-09-07,20,1
Nightblade,2026-09-12,20,1
Nightblade,2026-09-17,20,1
Nightblade,2026-09-18,20,1
Nightblade,2026-09-19,20,1
Nightblade,2026-09-20,20,1
Ocean,2023-07-06,650,
Ocean,2023-07-09,625,
Ocean,2023-07-11,600,
Ocean,2023-07-15,575,
Ocean,2023-07-19,550,
Ocean,2023-07-20,525,
Ocean,2023-07-23,500,
Ocean,2023-07-27,475,
Ocean,2023-07-29,460,
Ocean,2023-08-01,440,
Ocean,2023-08-02,425,
Ocean,2023-08-05,420,
Ocean,2023-08-07,400,
Ocean,2023-08-12,390,
Ocean,2023-08-13,375,
Ocean,2023-08-16,360,
Ocean,2023-08-18,350,
Ocean,2023-08-20,325,
Ocean,2023-08-21,300,
Ocean,2023-08-24,285,
Ocean,2023-08-25,260,
Ocean,2023-08-28,225,
Ocean,2023-08-29,200,
Ocean,2023-09-20,190,
Ocean,2023-09-25,185,
Ocean,2023-09-27,175,
Ocean,2023-10-01,165,
Ocean,2023-10-07,155,
Ocean,2023-10-11,150,
Ocean,2023-10-15,140,
Ocean,2023-10-21,135,
Ocean,2023-10-23,125,
Ocean,2023-10-24,120,
Ocean,2023-10-26,115,
Ocean,2023-10-28,105,
Ocean,2023-11-01,100,
Ocean,2023-11-05,95,
Ocean,2023-11-26,100,
Ocean,2024-01-22,105,
Ocean,2024-01-29,110,
Ocean,2024-02-02,115,
Ocean,2024-02-07,120,
Ocean,2024-02-10,125,
Ocean,2024-02-14,140,
Ocean,2024-02-17,150,
Ocean,2024-02-20,165,
Ocean,2024-02-22,175,
Ocean,2024-02-26,190,
Ocean,2024-03-06,200,
Ocean,2024-03-14,215,
Ocean,2024-03-18,225,
Ocean,2024-03-25,235,
Ocean,2024-03-29,250,
Ocean,2024-03-31,240,
Ocean,2024-04-15,230,
Ocean,2024-04-16,225,
Ocean,2024-04-24,200,
Ocean,2024-05-01,190,
Ocean,2024-05-20,200,
Ocean,2024-05-26,215,
Ocean,2024-05-29,225,
Ocean,2024-05-31,230,
Ocean,2024-06-08,225,
Ocean,2024-06-19,220,
Ocean,2024-07-01,215,
Ocean,2024-07-06,210,
Ocean,2024-07-18,200,
Ocean,2024-07-21,190,
Ocean,2024-07-29,180,
Ocean,2024-07-31,175,
Ocean,2024-08-02,165,
Ocean,2024-08-04,160,
Ocean,2024-08-08,140,
Ocean,2024-08-11,155,
Ocean,2024-08-16,150,
Ocean,2024-08-29,155,
Ocean,2024-09-02,165,
Ocean,2024-09-12,160,
Ocean,2024-09-18,155,
Ocean,2024-09-23,145,
Ocean,2024-09-27,140,
Ocean,2024-10-20,145,
Ocean,2024-10-23,150,
Ocean,2024-11-02,155,
Ocean,2024-12-06,150,
Ocean,2025-02-03,145,
Ocean,2025-02-14,140,
Ocean,2025-02-22,135,
Ocean,2025-03-04,130,
Ocean,2025-04-13,135,
Ocean,2025-04-20,140,
Ocean,2025-04-23,145,
Ocean,2025-05-12,150,
Ocean,2025-06-29,155,
Ocean,2025-07-02,160,
Ocean,2025-07-05,165,
Ocean,2025-07-11,170,
Ocean,2025-07-14,175,
Ocean,2025-07-19,180,
Ocean,2025-07-21,185,
Ocean,2025-07-24,180,
Ocean,2025-07-28,175,
Ocean,2025-08-01,170,
Ocean,2025-08-03,165,
Ocean,2025-08-07,160,
Ocean,2025-08-30,165,
Ocean,2025-09-03,170,
Ocean,2025-09-05,175,
Ocean,2025-09-09,180,
Ocean,2025-09-25,175,
Ocean,2025-10-15,165,
Ocean,2025-10-19,160,
Ocean,2025-10-21,155,
Ocean,2025-10-23,150,
Ocean,2025-10-26,150,4
Ocean,2025-10-28,145,
Ocean,2025-11-25,145,4
Ocean,2025-12-04,145,4
Ocean,2025-12-08,145,4
Ocean,2025-12-14,145,4
Ocean,2025-12-21,145,4
Ocean,2025-12-23,145,4
Ocean,2025-12-24,145,4
Ocean,2025-12-26,145,4
Ocean,2025-12-28,145,4
Ocean,2025-12-30,145,4
Ocean,2026-01-09,145,4
Ocean,2026-01-24,145,3
Ocean,2026-02-07,145,3
Ocean,2026-02-13,145,3
Ocean,2026-02-19,145,3
Ocean,2026-03-01,150,
Ocean,2026-03-14,155,
Ocean,2026-03-17,155,3
Ocean,2026-03-19,160,
Ocean,2026-03-21,165,3
Ocean,2026-03-24,170,
Ocean,2026-03-25,170,3
Ocean,2026-04-13,170,3
Ocean,2026-04-19,170,3
Ocean,2026-04-20,170,3
Ocean,2026-04-22,170,3
Ocean,2026-04-24,170,3
Ocean,2026-04-27,170,3
Ocean,2026-04-28,170,3
Ocean,2026-05-02,170,3
Ocean,2026-05-03,170,3
Ocean,2026-05-06,170,3
Ocean,2026-05-09,170,3
Ocean,2026-05-11,175,
Ocean,2026-05-12,175,3
Ocean,2026-05-14,175,3
Ocean,2026-05-17,180,
Ocean,2026-05-19,180,3
Ocean,2026-05-21,180,3
Ocean,2026-05-23,180,3
Ocean,2026-05-24,185,3
Ocean,2026-05-25,190,
Ocean,2026-05-27,195,
Ocean,2026-05-30,200,
Ocean,2026-06-03,205,
Ocean,2026-06-06,215,
Ocean,2026-06-07,230,
Ocean,2026-06-10,255,
Ocean,2026-06-12,275,
Ocean,2026-06-14,285,
Ocean,2026-06-17,280,
Ocean,2026-06-21,280,4
Ocean,2026-06-22,280,4
Ocean,2026-06-23,280,4
Ocean,2026-06-24,280,4
Ocean,2026-06-25,280,4
Ocean,2026-06-26,280,4
Ocean,2026-06-27,280,4
Ocean,2026-06-28,280,4
Ocean,2026-07-02,280,4
Ocean,2026-07-03,280,4
Ocean,2026-07-05,280,4
Ocean,2026-07-06,280,4
Ocean,2026-07-12,280,4
Ocean,2026-07-14,280,4
Ocean,2026-07-17,280,4
Ocean,2026-07-25,280,4
Ocean,2026-07-27,280,4
Ocean,2026-07-28,285,
Ocean,2026-07-30,285,4
Ocean,2026-07-31,285,4
Ocean,2026-08-02,285,4
Ocean,2026-08-03,285,4
Ocean,2026-08-04,285,4
Ocean,2026-08-05,285,4
Ocean,2026-08-06,285,4
Ocean,2026-08-07,285,4
Ocean,2026-08-08,285,4
Ocean,2026-08-09,285,4
Ocean,2026-08-10,285,4
Ocean,2026-08-11,285,4
Ocean,2026-08-13,285,4
Ocean,2026-08-14,285,4
Ocean,2026-08-15,285,4
Ocean,2026-08-16,285,4
Ocean,2026-08-17,285,4
Ocean,2026-08-18,285,4
Ocean,2026-08-19,285,4
Ocean,2026-08-20,285,4
Ocean,2026-08-21,285,4
Ocean,2026-08-22,285,4
Ocean,2026-08-24,285,4
Ocean,2026-09-02,285,4
Ocean,2026-09-03,285,4
Ocean,2026-09-04,285,4
Ocean,2026-09-05,285,4
Ocean,2026-09-06,285,4
Ocean,2026-09-07,285,4
Ocean,2026-09-12,285,4
Ocean,2026-09-17,285,4
Ocean,2026-09-18,285,4
Ocean,2026-09-19,285,4
Ocean,2026-09-20,285,4
Old Glory,2020-08-26,110,
Old Glory,2020-10-31,115,
Old Glory,2021-01-22,110,
Old Glory,2021-04-26,115,
Old Glory,2021-06-13,125,
Old Glory,2021-06-28,128,
Old Glory,2021-07-18,135,
Old Glory,2021-07-27,140,
Old Glory,2021-08-23,130,
Old Glory,2021-09-05,115,
Old Glory,2021-09-09,105,
Old Glory,2021-10-02,100,
Old Glory,2021-10-25,90,
Old Glory,2021-11-28,93,
Old Glory,2021-12-13,95,
Old Glory,2022-01-08,90,
Old Glory,2022-01-16,80,
Old Glory,2022-02-03,75,
Old Glory,2022-02-16,65,
Old Glory,2022-03-07,60,
Old Glory,2022-03-14,55,
Old Glory,2022-04-02,50,
Old Glory,2022-06-06,45,
Old Glory,2022-07-28,40,
Old Glory,2022-12-07,45,
Old Glory,2022-12-20,50,
Old Glory,2023-04-27,55,
Old Glory,2023-05-08,60,
Old Glory,2023-06-01,55,
Old Glory,2023-06-07,50,
Old Glory,2023-08-20,45,
Old Glory,2023-10-15,42,
Old Glory,2023-10-26,40,
Old Glory,2023-12-03,38,
Old Glory,2024-01-02,35,
Old Glory,2024-03-29,30,
Old Glory,2025-01-15,28,
Old Glory,2025-04-13,25,
Old Glory,2025-09-17,22,
Old Glory,2025-09-25,20,
Old Glory,2025-10-26,20,2
Old Glory,2025-11-25,20,2
Old Glory,2025-12-04,20,2
Old Glory,2025-12-08,20,2
Old Glory,2025-12-14,20,2
Old Glory,2025-12-21,20,2
Old Glory,2025-12-23,20,2
Old Glory,2025-12-24,20,2
Old Glory,2025-12-26,20,2
Old Glory,2025-12-28,20,2
Old Glory,2025-12-30,20,2
Old Glory,2026-01-09,20,2
Old Glory,2026-01-11,18,
Old Glory,2026-01-24,18,2
Old Glory,2026-02-07,18,2
Old Glory,2026-02-13,18,2
Old Glory,2026-02-19,18,2
Old Glory,2026-03-17,18,2
Old Glory,2026-03-21,18,2
Old Glory,2026-03-25,18,2
Old Glory,2026-04-13,18,2
Old Glory,2026-04-19,18,2
Old Glory,2026-04-20,18,2
Old Glory,2026-04-22,18,2
Old Glory,2026-04-24,18,2
Old Glory,2026-04-27,18,2
Old Glory,2026-04-28,18,2
Old Glory,2026-05-02,18,2
Old Glory,2026-05-03,18,2
Old Glory,2026-05-06,18,2
Old Glory,2026-05-09,18,2
Old Glory,2026-05-11,18,2
Old Glory,2026-05-12,18,2
Old Glory,2026-05-14,18,2
Old Glory,2026-05-17,18,2
Old Glory,2026-05-19,18,2
Old Glory,2026-05-21,18,2
Old Glory,2026-05-23,18,2
Old Glory,2026-05-24,17,1
Old Glory,2026-06-21,17,1
Old Glory,2026-06-22,17,1
Old Glory,2026-06-23,17,1
Old Glory,2026-06-24,17,1
Old Glory,2026-06-25,17,1
Old Glory,2026-06-26,17,1
Old Glory,2026-06-27,17,1
Old Glory,2026-06-28,17,1
Old Glory,2026-07-02,17,1
Old Glory,2026-07-03,17,1
Old Glory,2026-07-05,17,1
Old Glory,2026-07-06,17,1
Old Glory,2026-07-12,15,
Old Glory,2026-07-14,15,1
Old Glory,2026-07-17,15,1
Old Glory,2026-07-25,15,1
Old Glory,2026-07-27,15,1
Old Glory,2026-07-28,15,1
Old Glory,2026-07-30,15,1
Old Glory,2026-07-31,15,1
Old Glory,2026-08-02,15,1
Old Glory,2026-08-03,15,1
Old Glory,2026-08-04,15,1
Old Glory,2026-08-05,15,1
Old Glory,2026-08-06,15,1
Old Glory,2026-08-07,15,1
Old Glory,2026-08-08,15,1
Old Glory,2026-08-09,15,1
Old Glory,2026-08-10,15,1
Old Glory,2026-08-11,15,1
Old Glory,2026-08-13,15,1
Old Glory,2026-08-14,15,1
Old Glory,2026-08-15,15,1
Old Glory,2026-08-16,15,1
Old Glory,2026-08-17,15,1
Old Glory,2026-08-18,15,1
Old Glory,2026-08-19,15,1
Old Glory,2026-08-20,15,1
Old Glory,2026-08-21,15,1
Old Glory,2026-08-22,15,1
Old Glory,2026-08-24,15,1
Old Glory,2026-09-02,15,1
Old Glory,2026-09-03,15,1
Old Glory,2026-09-04,15,1
Old Glory,2026-09-05,15,1
Old Glory,2026-09-06,15,1
Old Glory,2026-09-07,15,1
Old Glory,2026-09-12,15,1
Old Glory,2026-09-17,15,1
Old Glory,2026-09-18,15,1
Old Glory,2026-09-19,15,1
Old Glory,2026-09-20,15,1
Orange Seer,2020-08-26,30,
Orange Seer,2021-06-13,28,
Orange Seer,2021-08-17,25,
Orange Seer,2021-12-13,22,
Orange Seer,2022-08-04,20,
Orange Seer,2022-08-27,18,
Orange Seer,2022-10-29,15,
Orange Seer,2022-11-06,12,
Orange Seer,2022-12-13,10,
Orange Seer,2023-06-01,8,
Orange Seer,2023-06-07,7,
Orange Seer,2023-09-01,6,
Orange Seer,2024-01-02,5,
Orange Seer,2024-03-29,4,
Orange Seer,2024-04-24,3,
Orange Seer,2024-09-27,2,
Orange Seer,2025-10-26,2,1
Orange Seer,2025-11-25,2,1
Orange Seer,2025-12-04,2,1
Orange Seer,2025-12-08,2,1
Orange Seer,2025-12-14,2,1
Orange Seer,2025-12-21,2,1
Orange Seer,2025-12-23,2,1
Orange Seer,2025-12-24,2,1
Orange Seer,2025-12-26,2,1
Orange Seer,2025-12-28,2,1
Orange Seer,2025-12-30,2,1
Orange Seer,2026-01-09,2,1
Orange Seer,2026-01-24,2,1
Orange Seer,2026-02-07,2,1
Orange Seer,2026-02-13,2,1
Orange Seer,2026-02-19,2,1
Orange Seer,2026-03-17,2,1
Orange Seer,2026-03-21,2,1
Orange Seer,2026-03-25,2,1
Orange Seer,2026-04-13,2,1
Orange Seer,2026-04-19,2,1
Orange Seer,2026-04-20,2,1
Orange Seer,2026-04-22,2,1
Orange Seer,2026-04-24,2,1
Orange Seer,2026-04-27,2,1
Orange Seer,2026-04-28,2,1
Orange Seer,2026-05-02,2,1
Orange Seer,2026-05-03,2,1
Orange Seer,2026-05-06,2,1
Orange Seer,2026-05-09,2,1
Orange Seer,2026-05-11,2,1
Orange Seer,2026-05-12,2,1
Orange Seer,2026-05-14,2,1
Orange Seer,2026-05-17,2,1
Orange Seer,2026-05-19,2,1
Orange Seer,2026-05-21,2,1
Orange Seer,2026-05-23,2,1
Orange Seer,2026-05-24,2,1
Orange Seer,2026-06-21,2,1
Orange Seer,2026-06-22,2,1
Orange Seer,2026-06-23,2,1
Orange Seer,2026-06-24,2,1
Orange Seer,2026-06-25,2,1
Orange Seer,2026-06-26,2,1
Orange Seer,2026-06-27,2,1
Orange Seer,2026-06-28,2,1
Orange Seer,2026-07-02,2,1
Orange Seer,2026-07-03,2,1
Orange Seer,2026-07-05,2,1
Orange Seer,2026-07-06,2,1
Orange Seer,2026-07-12,2,1
Orange Seer,2026-07-14,2,1
Orange Seer,2026-07-17,2,1
Orange Seer,2026-07-25,2,1
Orange Seer,2026-07-27,2,1
Orange Seer,2026-07-28,2,1
Orange Seer,2026-07-30,2,1
Orange Seer,2026-07-31,2,1
Orange Seer,2026-08-02,2,1
Orange Seer,2026-08-03,2,1
Orange Seer,2026-08-04,2,1
Orange Seer,2026-08-05,2,1
Orange Seer,2026-08-06,2,1
Orange Seer,2026-08-07,2,1
Orange Seer,2026-08-08,2,1
Orange Seer,2026-08-09,2,1
Orange Seer,2026-08-10,2,1
Orange Seer,2026-08-11,2,1
Orange Seer,2026-08-13,2,1
Orange Seer,2026-08-14,2,1
Orange Seer,2026-08-15,2,1
Orange Seer,2026-08-16,2,1
Orange Seer,2026-08-17,2,1
Orange Seer,2026-08-18,2,1
Orange Seer,2026-08-19,2,1
Orange Seer,2026-08-20,2,1
Orange Seer,2026-08-21,2,1
Orange Seer,2026-08-22,2,1
Orange Seer,2026-08-24,2,1
Orange Seer,2026-09-02,2,1
Orange Seer,2026-09-03,2,1
Orange Seer,2026-09-04,2,1
Orange Seer,2026-09-05,2,1
Orange Seer,2026-09-06,2,1
Orange Seer,2026-09-07,2,1
Orange Seer,2026-09-12,2,1
Orange Seer,2026-09-17,2,1
Orange Seer,2026-09-18,2,1
Orange Seer,2026-09-19,2,1
Orange Seer,2026-09-20,2,1
Ornament,2025-12-15,900,
Ornament,2025-12-17,800,
Ornament,2025-12-19,775,
Ornament,2025-12-21,750,
Ornament,2025-12-23,750,5
Ornament,2025-12-24,550,
Ornament,2025-12-26,300,
Ornament,2025-12-27,250,
Ornament,2025-12-28,200,
Ornament,2025-12-29,150,
Ornament,2025-12-30,150,3
Ornament,2026-01-01,115,
Ornament,2026-01-04,100,
Ornament,2026-01-06,70,
Ornament,2026-01-08,60,
Ornament,2026-01-09,60,2
Ornament,2026-01-11,55,
Ornament,2026-01-14,50,
Ornament,2026-01-16,45,
Ornament,2026-01-24,45,2
Ornament,2026-02-07,45,2
Ornament,2026-02-13,45,2
Ornament,2026-02-19,45,2
Ornament,2026-03-04,40,
Ornament,2026-03-17,40,2
Ornament,2026-03-21,40,2
Ornament,2026-03-24,35,
Ornament,2026-03-25,35,2
Ornament,2026-04-13,35,2
Ornament,2026-04-19,35,2
Ornament,2026-04-20,35,2
Ornament,2026-04-22,35,2
Ornament,2026-04-24,35,2
Ornament,2026-04-27,35,2
Ornament,2026-04-28,35,2
Ornament,2026-05-02,35,2
Ornament,2026-05-03,35,2
Ornament,2026-05-06,30,
Ornament,2026-05-09,30,2
Ornament,2026-05-11,30,2
Ornament,2026-05-12,30,2
Ornament,2026-05-14,30,2
Ornament,2026-05-17,30,2
Ornament,2026-05-19,30,2
Ornament,2026-05-21,30,2
Ornament,2026-05-23,30,2
Ornament,2026-05-24,28,1
Ornament,2026-06-21,28,1
Ornament,2026-06-22,28,1
Ornament,2026-06-23,28,1
Ornament,2026-06-24,28,1
Ornament,2026-06-25,28,1
Ornament,2026-06-26,28,1
Ornament,2026-06-27,28,1
Ornament,2026-06-28,28,1
Ornament,2026-07-02,28,1
Ornament,2026-07-03,28,1
Ornament,2026-07-05,28,1
Ornament,2026-07-06,28,1
Ornament,2026-07-07,27,
Ornament,2026-07-12,27,1
Ornament,2026-07-14,27,1
Ornament,2026-07-17,27,1
Ornament,2026-07-25,27,1
Ornament,2026-07-27,27,1
Ornament,2026-07-28,27,1
Ornament,2026-07-30,27,1
Ornament,2026-07-31,27,1
Ornament,2026-08-02,27,1
Ornament,2026-08-03,28,
Ornament,2026-08-04,28,1
Ornament,2026-08-05,28,1
Ornament,2026-08-06,28,1
Ornament,2026-08-07,28,1
Ornament,2026-08-08,28,1
Ornament,2026-08-09,28,1
Ornament,2026-08-10,30,
Ornament,2026-08-11,30,1
Ornament,2026-08-12,32,
Ornament,2026-08-13,32,1
Ornament,2026-08-14,32,1
Ornament,2026-08-15,35,
Ornament,2026-08-16,35,2
Ornament,2026-08-17,35,2
Ornament,2026-08-18,38,
Ornament,2026-08-19,38,2
Ornament,2026-08-20,40,
Ornament,2026-08-21,40,2
Ornament,2026-08-22,40,2
Ornament,2026-08-23,50,
Ornament,2026-08-24,50,2
Ornament,2026-08-26,60,
Ornament,2026-08-28,70,
Ornament,2026-08-30,80,
Ornament,2026-09-01,90,
Ornament,2026-09-02,100,
Ornament,2026-09-03,100,2
Ornament,2026-09-04,110,
Ornament,2026-09-05,110,2
Ornament,2026-09-06,110,2
Ornament,2026-09-07,110,2
Ornament,2026-09-09,105,
Ornament,2026-09-12,100,
Ornament,2026-09-13,95,
Ornament,2026-09-15,85,
Ornament,2026-09-17,85,2
Ornament,2026-09-18,85,2
Ornament,2026-09-19,85,2
Ornament,2026-09-20,85,2
Pearl,2024-07-06,500,
Pearl,2024-07-09,350,
Pearl,2024-07-11,250,
Pearl,2024-07-14,200,
Pearl,2024-07-15,190,
Pearl,2024-07-18,160,
Pearl,2024-07-21,150,
Pearl,2024-07-27,140,
Pearl,2024-07-31,135,
Pearl,2024-08-04,130,
Pearl,2024-08-24,120,
Pearl,2024-08-26,115,
Pearl,2024-08-29,110,
Pearl,2024-08-31,105,
Pearl,2024-09-02,100,
Pearl,2024-09-05,95,
Pearl,2024-09-08,85,
Pearl,2024-09-12,80,
Pearl,2024-09-14,75,
Pearl,2024-09-18,70,
Pearl,2024-09-23,65,
Pearl,2024-10-16,70,
Pearl,2024-11-02,75,
Pearl,2024-11-22,72,
Pearl,2024-11-24,70,
Pearl,2024-12-06,67,
Pearl,2024-12-08,65,
Pearl,2024-12-20,62,
Pearl,2025-02-03,60,
Pearl,2025-03-09,62,
Pearl,2025-04-13,63,
Pearl,2025-06-11,65,
Pearl,2025-10-26,65,3
Pearl,2025-10-28,63,
Pearl,2025-11-01,62,
Pearl,2025-11-25,62,2
Pearl,2025-12-04,62,2
Pearl,2025-12-08,62,2
Pearl,2025-12-14,62,2
Pearl,2025-12-21,60,
Pearl,2025-12-23,60,2
Pearl,2025-12-24,60,2
Pearl,2025-12-26,60,2
Pearl,2025-12-28,60,2
Pearl,2025-12-30,60,2
Pearl,2026-01-09,60,2
Pearl,2026-01-24,60,2
Pearl,2026-02-07,60,2
Pearl,2026-02-13,60,2
Pearl,2026-02-19,60,2
Pearl,2026-03-04,55,
Pearl,2026-03-14,50,
Pearl,2026-03-17,50,2
Pearl,2026-03-21,50,2
Pearl,2026-03-25,50,2
Pearl,2026-04-13,50,2
Pearl,2026-04-19,50,2
Pearl,2026-04-20,50,2
Pearl,2026-04-22,50,2
Pearl,2026-04-24,50,2
Pearl,2026-04-27,50,2
Pearl,2026-04-28,50,2
Pearl,2026-05-02,50,2
Pearl,2026-05-03,50,2
Pearl,2026-05-06,50,2
Pearl,2026-05-09,50,2
Pearl,2026-05-11,50,2
Pearl,2026-05-12,50,2
Pearl,2026-05-14,50,2
Pearl,2026-05-17,50,2
Pearl,2026-05-19,50,2
Pearl,2026-05-21,50,2
Pearl,2026-05-23,50,2
Pearl,2026-05-24,55,2
Pearl,2026-05-27,60,
Pearl,2026-06-03,65,
Pearl,2026-06-06,70,
Pearl,2026-06-07,75,
Pearl,2026-06-10,85,
Pearl,2026-06-12,90,
Pearl,2026-06-14,95,
Pearl,2026-06-21,95,2
Pearl,2026-06-22,95,2
Pearl,2026-06-23,95,2
Pearl,2026-06-24,95,2
Pearl,2026-06-25,95,2
Pearl,2026-06-26,95,2
Pearl,2026-06-27,95,2
Pearl,2026-06-28,95,2
Pearl,2026-07-02,95,2
Pearl,2026-07-03,95,2
Pearl,2026-07-05,95,2
Pearl,2026-07-06,95,2
Pearl,2026-07-12,90,
Pearl,2026-07-14,90,2
Pearl,2026-07-17,90,2
Pearl,2026-07-25,90,2
Pearl,2026-07-27,90,2
Pearl,2026-07-28,85,
Pearl,2026-07-30,85,2
Pearl,2026-07-31,85,2
Pearl,2026-08-02,85,2
Pearl,2026-08-03,80,
Pearl,2026-08-04,80,2
Pearl,2026-08-05,80,2
Pearl,2026-08-06,80,2
Pearl,2026-08-07,80,1
Pearl,2026-08-08,80,1
Pearl,2026-08-09,80,1
Pearl,2026-08-10,80,1
Pearl,2026-08-11,80,1
Pearl,2026-08-13,80,1
Pearl,2026-08-14,80,1
Pearl,2026-08-15,80,1
Pearl,2026-08-16,80,1
Pearl,2026-08-17,80,1
Pearl,2026-08-18,80,1
Pearl,2026-08-19,80,1
Pearl,2026-08-20,80,1
Pearl,2026-08-21,80,1
Pearl,2026-08-22,80,1
Pearl,2026-08-24,80,1
Pearl,2026-09-01,75,
Pearl,2026-09-02,75,1
Pearl,2026-09-03,75,1
Pearl,2026-09-04,75,1
Pearl,2026-09-05,75,1
Pearl,2026-09-06,75,1
Pearl,2026-09-07,75,1
Pearl,2026-09-12,75,1
Pearl,2026-09-17,75,1
Pearl,2026-09-18,75,1
Pearl,2026-09-19,75,1
Pearl,2026-09-20,75,1
Pearlshine,2024-07-06,500,
Pearlshine,2024-07-09,350,
Pearlshine,2024-07-11,250,
Pearlshine,2024-07-14,200,
Pearlshine,2024-07-15,190,
Pearlshine,2024-07-18,160,
Pearlshine,2024-07-21,150,
Pearlshine,2024-07-27,140,
Pearlshine,2024-07-31,135,
Pearlshine,2024-08-04,130,
Pearlshine,2024-08-24,120,
Pearlshine,2024-08-26,115,
Pearlshine,2024-08-29,110,
Pearlshine,2024-08-31,105,
Pearlshine,2024-09-02,100,
Pearlshine,2024-09-05,95,
Pearlshine,2024-09-08,85,
Pearlshine,2024-09-12,80,
Pearlshine,2024-09-14,75,
Pearlshine,2024-09-18,70,
Pearlshine,2024-09-23,65,
Pearlshine,2024-10-16,70,
Pearlshine,2024-11-02,75,
Pearlshine,2024-11-22,72,
Pearlshine,2024-11-24,70,
Pearlshine,2024-12-06,67,
Pearlshine,2024-12-08,65,
Pearlshine,2024-12-20,62,
Pearlshine,2025-02-03,60,
Pearlshine,2025-03-09,62,
Pearlshine,2025-04-13,63,
Pearlshine,2025-06-11,65,
Pearlshine,2025-10-26,65,3
Pearlshine,2025-10-28,63,
Pearlshine,2025-11-01,62,
Pearlshine,2025-11-25,62,2
Pearlshine,2025-12-04,62,2
Pearlshine,2025-12-08,62,2
Pearlshine,2025-12-14,62,2
Pearlshine,2025-12-21,60,
Pearlshine,2025-12-23,60,2
Pearlshine,2025-12-24,60,2
Pearlshine,2025-12-26,60,2
Pearlshine,2025-12-28,60,2
Pearlshine,2025-12-30,60,2
Pearlshine,2026-01-09,60,2
Pearlshine,2026-01-24,60,2
Pearlshine,2026-02-07,60,2
Pearlshine,2026-02-13,60,2
Pearlshine,2026-02-19,60,2
Pearlshine,2026-03-04,55,
Pearlshine,2026-03-17,55,2
Pearlshine,2026-03-21,55,2
Pearlshine,2026-03-25,55,2
Pearlshine,2026-04-13,55,2
Pearlshine,2026-04-19,55,2
Pearlshine,2026-04-20,55,2
Pearlshine,2026-04-22,55,2
Pearlshine,2026-04-24,55,2
Pearlshine,2026-04-27,55,2
Pearlshine,2026-04-28,55,2
Pearlshine,2026-05-02,55,2
Pearlshine,2026-05-03,55,2
Pearlshine,2026-05-06,55,2
Pearlshine,2026-05-09,55,2
Pearlshine,2026-05-11,55,2
Pearlshine,2026-05-12,55,2
Pearlshine,2026-05-14,55,2
Pearlshine,2026-05-17,55,2
Pearlshine,2026-05-19,55,2
Pearlshine,2026-05-21,55,2
Pearlshine,2026-05-23,55,2
Pearlshine,2026-05-24,60,2
Pearlshine,2026-05-27,65,
Pearlshine,2026-06-03,70,
Pearlshine,2026-06-06,75,
Pearlshine,2026-06-07,80,
Pearlshine,2026-06-10,90,
Pearlshine,2026-06-12,95,
Pearlshine,2026-06-14,100,
Pearlshine,2026-06-21,100,2
Pearlshine,2026-06-22,100,2
Pearlshine,2026-06-23,100,2
Pearlshine,2026-06-24,100,2
Pearlshine,2026-06-25,100,2
Pearlshine,2026-06-26,100,2
Pearlshine,2026-06-27,100,2
Pearlshine,2026-06-28,100,2
Pearlshine,2026-07-02,100,2
Pearlshine,2026-07-03,100,2
Pearlshine,2026-07-05,100,2
Pearlshine,2026-07-06,100,2
Pearlshine,2026-07-12,95,
Pearlshine,2026-07-14,95,2
Pearlshine,2026-07-17,95,2
Pearlshine,2026-07-25,95,2
Pearlshine,2026-07-27,95,2
Pearlshine,2026-07-28,90,
Pearlshine,2026-07-30,90,2
Pearlshine,2026-07-31,90,2
Pearlshine,2026-08-02,90,2
Pearlshine,2026-08-03,85,
Pearlshine,2026-08-04,85,2
Pearlshine,2026-08-05,85,2
Pearlshine,2026-08-06,85,2
Pearlshine,2026-08-07,85,1
Pearlshine,2026-08-08,85,1
Pearlshine,2026-08-09,85,1
Pearlshine,2026-08-10,85,1
Pearlshine,2026-08-11,85,1
Pearlshine,2026-08-13,85,1
Pearlshine,2026-08-14,85,1
Pearlshine,2026-08-15,85,1
Pearlshine,2026-08-16,85,1
Pearlshine,2026-08-17,85,1
Pearlshine,2026-08-18,85,1
Pearlshine,2026-08-19,85,1
Pearlshine,2026-08-20,85,1
Pearlshine,2026-08-21,85,1
Pearlshine,2026-08-22,85,1
Pearlshine,2026-08-24,85,1
Pearlshine,2026-09-01,80,
Pearlshine,2026-09-02,80,1
Pearlshine,2026-09-03,80,1
Pearlshine,2026-09-04,80,1
Pearlshine,2026-09-05,80,1
Pearlshine,2026-09-06,80,1
Pearlshine,2026-09-07,80,1
Pearlshine,2026-09-12,80,1
Pearlshine,2026-09-17,80,1
Pearlshine,2026-09-18,80,1
Pearlshine,2026-09-19,80,1
Pearlshine,2026-09-20,80,1
Peppermint,2020-12-20,20,
Peppermint,2020-12-28,18,
Peppermint,2021-01-03,15,
Peppermint,2021-01-22,12,
Peppermint,2021-01-26,13,
Peppermint,2022-08-17,12,
Peppermint,2022-08-27,10,
Peppermint,2022-09-03,8,
Peppermint,2022-09-18,7,
Peppermint,2022-10-18,6,
Peppermint,2022-12-07,5,
Peppermint,2023-02-19,6,
Peppermint,2023-05-08,7,
Peppermint,2023-06-07,6,
Peppermint,2024-10-28,5,
Peppermint,2025-09-17,4,
Peppermint,2025-10-26,4,1
Peppermint,2025-11-25,4,1
Peppermint,2025-12-04,4,1
Peppermint,2025-12-08,4,1
Peppermint,2025-12-14,4,1
Peppermint,2025-12-21,4,1
Peppermint,2025-12-23,4,1
Peppermint,2025-12-24,4,1
Peppermint,2025-12-26,4,1
Peppermint,2025-12-28,4,1
Peppermint,2025-12-30,4,1
Peppermint,2026-01-09,4,1
Peppermint,2026-01-24,4,1
Peppermint,2026-02-07,4,1
Peppermint,2026-02-13,4,1
Peppermint,2026-02-19,4,1
Peppermint,2026-03-17,4,1
Peppermint,2026-03-21,4,1
Peppermint,2026-03-25,4,1
Peppermint,2026-04-13,4,1
Peppermint,2026-04-19,4,1
Peppermint,2026-04-20,4,1
Peppermint,2026-04-22,4,1
Peppermint,2026-04-24,4,1
Peppermint,2026-04-27,4,1
Peppermint,2026-04-28,4,1
Peppermint,2026-05-02,4,1
Peppermint,2026-05-03,4,1
Peppermint,2026-05-06,4,1
Peppermint,2026-05-09,4,1
Peppermint,2026-05-11,4,1
Peppermint,2026-05-12,4,1
Peppermint,2026-05-14,4,1
Peppermint,2026-05-17,4,1
Peppermint,2026-05-19,4,1
Peppermint,2026-05-21,4,1
Peppermint,2026-05-23,4,1
Peppermint,2026-05-24,4,1
Peppermint,2026-06-21,4,1
Peppermint,2026-06-22,4,1
Peppermint,2026-06-23,4,1
Peppermint,2026-06-24,4,1
Peppermint,2026-06-25,4,1
Peppermint,2026-06-26,4,1
Peppermint,2026-06-27,4,1
Peppermint,2026-06-28,4,1
Peppermint,2026-07-02,4,1
Peppermint,2026-07-03,4,1
Peppermint,2026-07-05,4,1
Peppermint,2026-07-06,4,1
Peppermint,2026-07-12,4,1
Peppermint,2026-07-14,4,1
Peppermint,2026-07-17,4,1
Peppermint,2026-07-25,4,1
Peppermint,2026-07-27,4,1
Peppermint,2026-07-28,4,1
Peppermint,2026-07-30,4,1
Peppermint,2026-07-31,4,1
Peppermint,2026-08-02,4,1
Peppermint,2026-08-03,4,1
Peppermint,2026-08-04,4,1
Peppermint,2026-08-05,4,1
Peppermint,2026-08-06,4,1
Peppermint,2026-08-07,4,1
Peppermint,2026-08-08,4,1
Peppermint,2026-08-09,4,1
Peppermint,2026-08-10,4,1
Peppermint,2026-08-11,4,1
Peppermint,2026-08-13,4,1
Peppermint,2026-08-14,4,1
Peppermint,2026-08-15,4,1
Peppermint,2026-08-16,4,1
Peppermint,2026-08-17,4,1
Peppermint,2026-08-18,4,1
Peppermint,2026-08-19,4,1
Peppermint,2026-08-20,4,1
Peppermint,2026-08-21,4,1
Peppermint,2026-08-22,4,1
Peppermint,2026-08-24,4,1
Peppermint,2026-09-02,4,1
Peppermint,2026-09-03,4,1
Peppermint,2026-09-04,4,1
Peppermint,2026-09-05,4,1
Peppermint,2026-09-06,4,1
Peppermint,2026-09-07,4,1
Peppermint,2026-09-12,4,1
Peppermint,2026-09-17,4,1
Peppermint,2026-09-18,4,1
Peppermint,2026-09-19,4,1
Peppermint,2026-09-20,4,1
Phantom,2022-10-18,225,
Phantom,2022-10-22,275,
Phantom,2022-10-30,290,
Phantom,2022-11-06,300,
Phantom,2022-11-29,280,
Phantom,2022-12-02,270,
Phantom,2022-12-04,260,
Phantom,2022-12-07,250,
Phantom,2022-12-08,240,
Phantom,2022-12-12,220,
Phantom,2022-12-13,200,
Phantom,2023-01-10,205,
Phantom,2023-01-14,210,
Phantom,2023-01-16,225,
Phantom,2023-01-17,230,
Phantom,2023-01-20,235,
Phantom,2023-02-05,240,
Phantom,2023-02-19,250,
Phantom,2023-02-25,260,
Phantom,2023-02-27,270,
Phantom,2023-03-03,275,
Phantom,2023-03-12,280,
Phantom,2023-04-18,275,
Phantom,2023-04-21,270,
Phantom,2023-04-27,265,
Phantom,2023-05-08,255,
Phantom,2023-05-10,250,
Phantom,2023-06-12,255,
Phantom,2023-06-21,265,
Phantom,2023-06-25,275,
Phantom,2023-06-26,280,
Phantom,2023-06-30,285,
Phantom,2023-07-03,290,
Phantom,2023-07-06,300,
Phantom,2023-07-09,305,
Phantom,2023-07-11,310,
Phantom,2023-07-15,320,
Phantom,2023-07-19,330,
Phantom,2023-07-23,340,
Phantom,2023-07-24,345,
Phantom,2023-07-27,350,
Phantom,2023-08-02,340,
Phantom,2023-08-05,330,
Phantom,2023-08-07,325,
Phantom,2023-08-12,300,
Phantom,2023-08-24,285,
Phantom,2023-08-25,275,
Phantom,2023-09-05,285,
Phantom,2023-09-06,290,
Phantom,2023-09-08,295,
Phantom,2023-09-09,300,
Phantom,2023-09-11,310,
Phantom,2023-09-16,315,
Phantom,2023-09-18,320,
Phantom,2023-09-20,325,
Phantom,2023-09-25,330,
Phantom,2023-09-28,335,
Phantom,2023-10-01,330,
Phantom,2023-10-05,325,
Phantom,2023-10-07,320,
Phantom,2023-10-08,315,
Phantom,2023-10-11,310,
Phantom,2023-10-15,300,
Phantom,2023-10-16,295,
Phantom,2023-10-21,290,
Phantom,2023-10-23,280,
Phantom,2023-10-24,275,
Phantom,2023-10-26,260,
Phantom,2023-10-28,250,
Phantom,2023-11-09,240,
Phantom,2023-11-13,235,
Phantom,2023-11-17,230,
Phantom,2023-11-18,225,
Phantom,2023-11-26,220,
Phantom,2023-11-27,215,
Phantom,2023-11-29,210,
Phantom,2023-12-22,205,
Phantom,2024-01-02,200,
Phantom,2024-01-19,190,
Phantom,2024-01-26,185,
Phantom,2024-02-02,180,
Phantom,2024-02-03,175,
Phantom,2024-02-17,170,
Phantom,2024-02-22,160,
Phantom,2024-02-26,155,
Phantom,2024-02-29,145,
Phantom,2024-03-11,140,
Phantom,2024-03-14,135,
Phantom,2024-03-18,125,
Phantom,2024-04-10,120,
Phantom,2024-05-01,115,
Phantom,2024-05-20,110,
Phantom,2024-05-31,105,
Phantom,2024-06-03,100,
Phantom,2024-06-10,95,
Phantom,2024-06-19,90,
Phantom,2024-06-26,85,
Phantom,2024-07-11,80,
Phantom,2024-07-29,85,
Phantom,2024-08-29,80,
Phantom,2024-09-18,75,
Phantom,2024-09-23,70,
Phantom,2024-11-02,72,
Phantom,2024-11-08,75,
Phantom,2025-02-03,70,
Phantom,2025-02-17,65,
Phantom,2025-02-22,62,
Phantom,2025-03-04,60,
Phantom,2025-10-26,60,2
Phantom,2025-11-25,60,2
Phantom,2025-12-04,60,2
Phantom,2025-12-08,60,2
Phantom,2025-12-14,60,2
Phantom,2025-12-21,57,
Phantom,2025-12-23,57,2
Phantom,2025-12-24,57,2
Phantom,2025-12-26,57,2
Phantom,2025-12-28,57,2
Phantom,2025-12-30,57,2
Phantom,2026-01-09,57,2
Phantom,2026-01-11,55,
Phantom,2026-01-24,55,2
Phantom,2026-02-07,55,2
Phantom,2026-02-13,55,2
Phantom,2026-02-19,55,2
Phantom,2026-03-04,50,
Phantom,2026-03-14,45,
Phantom,2026-03-17,45,2
Phantom,2026-03-21,45,2
Phantom,2026-03-25,45,2
Phantom,2026-04-13,45,2
Phantom,2026-04-19,45,2
Phantom,2026-04-20,45,2
Phantom,2026-04-22,45,2
Phantom,2026-04-24,45,2
Phantom,2026-04-27,45,2
Phantom,2026-04-28,45,2
Phantom,2026-05-02,45,2
Phantom,2026-05-03,42,
Phantom,2026-05-06,42,2
Phantom,2026-05-09,42,2
Phantom,2026-05-11,42,2
Phantom,2026-05-12,42,2
Phantom,2026-05-14,42,2
Phantom,2026-05-17,42,2
Phantom,2026-05-19,42,2
Phantom,2026-05-21,42,2
Phantom,2026-05-23,42,2
Phantom,2026-05-24,40,1
Phantom,2026-06-17,38,
Phantom,2026-06-21,38,1
Phantom,2026-06-22,38,1
Phantom,2026-06-23,38,1
Phantom,2026-06-24,38,1
Phantom,2026-06-25,38,1
Phantom,2026-06-26,38,1
Phantom,2026-06-27,38,1
Phantom,2026-06-28,38,1
Phantom,2026-07-02,38,1
Phantom,2026-07-03,38,1
Phantom,2026-07-05,38,1
Phantom,2026-07-06,38,1
Phantom,2026-07-07,37,
Phantom,2026-07-12,35,
Phantom,2026-07-14,35,1
Phantom,2026-07-17,35,1
Phantom,2026-07-25,35,1
Phantom,2026-07-27,35,1
Phantom,2026-07-28,35,1
Phantom,2026-07-30,35,1
Phantom,2026-07-31,35,1
Phantom,2026-08-02,35,1
Phantom,2026-08-03,35,1
Phantom,2026-08-04,35,1
Phantom,2026-08-05,35,1
Phantom,2026-08-06,35,1
Phantom,2026-08-07,35,1
Phantom,2026-08-08,35,1
Phantom,2026-08-09,35,1
Phantom,2026-08-10,35,1
Phantom,2026-08-11,35,1
Phantom,2026-08-13,35,1
Phantom,2026-08-14,35,1
Phantom,2026-08-15,35,1
Phantom,2026-08-16,35,1
Phantom,2026-08-17,35,1
Phantom,2026-08-18,35,1
Phantom,2026-08-19,35,1
Phantom,2026-08-20,35,1
Phantom,2026-08-21,35,1
Phantom,2026-08-22,35,1
Phantom,2026-08-24,35,1
Phantom,2026-09-02,35,1
Phantom,2026-09-03,35,1
Phantom,2026-09-04,35,1
Phantom,2026-09-05,35,1
Phantom,2026-09-06,35,1
Phantom,2026-09-07,35,1
Phantom,2026-09-12,35,1
Phantom,2026-09-17,35,1
Phantom,2026-09-18,35,1
Phantom,2026-09-19,35,1
Phantom,2026-09-20,35,1
Pixel,2020-08-26,120,
Pixel,2020-10-31,130,
Pixel,2020-11-17,135,
Pixel,2020-12-14,140,
Pixel,2021-01-03,145,
Pixel,2021-03-20,140,
Pixel,2021-04-08,138,
Pixel,2021-05-07,135,
Pixel,2021-06-13,133,
Pixel,2021-06-18,130,
Pixel,2021-06-28,125,
Pixel,2021-07-18,115,
Pixel,2021-07-21,110,
Pixel,2021-07-27,105,
Pixel,2021-11-22,100,
Pixel,2022-01-08,105,
Pixel,2022-02-16,100,
Pixel,2022-03-14,95,
Pixel,2022-06-18,90,
Pixel,2022-08-11,85,
Pixel,2022-08-17,80,
Pixel,2022-08-27,75,
Pixel,2022-11-12,70,
Pixel,2022-11-14,65,
Pixel,2022-11-21,60,
Pixel,2022-12-02,55,
Pixel,2022-12-07,50,
Pixel,2022-12-12,45,
Pixel,2023-05-08,40,
Pixel,2023-06-01,32,
Pixel,2023-07-15,30,
Pixel,2023-09-16,28,
Pixel,2023-11-01,27,
Pixel,2024-03-29,25,
Pixel,2024-04-24,22,
Pixel,2024-10-26,23,
Pixel,2025-09-17,22,
Pixel,2025-10-26,22,2
Pixel,2025-11-04,20,
Pixel,2025-11-25,20,2
Pixel,2025-12-04,20,2
Pixel,2025-12-08,20,2
Pixel,2025-12-14,20,2
Pixel,2025-12-21,20,2
Pixel,2025-12-23,20,2
Pixel,2025-12-24,20,2
Pixel,2025-12-26,20,2
Pixel,2025-12-28,20,2
Pixel,2025-12-30,20,2
Pixel,2026-01-09,20,2
Pixel,2026-01-24,20,2
Pixel,2026-02-07,20,2
Pixel,2026-02-13,20,2
Pixel,2026-02-19,20,2
Pixel,2026-03-17,20,2
Pixel,2026-03-21,20,2
Pixel,2026-03-25,20,2
Pixel,2026-04-13,20,2
Pixel,2026-04-19,20,2
Pixel,2026-04-20,20,2
Pixel,2026-04-22,20,2
Pixel,2026-04-24,20,2
Pixel,2026-04-27,20,2
Pixel,2026-04-28,20,2
Pixel,2026-05-02,20,2
Pixel,2026-05-03,20,2
Pixel,2026-05-06,20,2
Pixel,2026-05-09,20,2
Pixel,2026-05-11,20,2
Pixel,2026-05-12,20,2
Pixel,2026-05-14,20,2
Pixel,2026-05-17,20,2
Pixel,2026-05-19,20,2
Pixel,2026-05-21,20,2
Pixel,2026-05-23,20,2
Pixel,2026-05-24,17,1
Pixel,2026-06-21,17,1
Pixel,2026-06-22,17,1
Pixel,2026-06-23,17,1
Pixel,2026-06-24,17,1
Pixel,2026-06-25,17,1
Pixel,2026-06-26,17,1
Pixel,2026-06-27,17,1
Pixel,2026-06-28,17,1
Pixel,2026-07-02,17,1
Pixel,2026-07-03,17,1
Pixel,2026-07-05,17,1
Pixel,2026-07-06,17,1
Pixel,2026-07-12,17,1
Pixel,2026-07-14,17,1
Pixel,2026-07-17,17,1
Pixel,2026-07-25,17,1
Pixel,2026-07-27,17,1
Pixel,2026-07-28,17,1
Pixel,2026-07-30,17,1
Pixel,2026-07-31,17,1
Pixel,2026-08-02,17,1
Pixel,2026-08-03,17,1
Pixel,2026-08-04,17,1
Pixel,2026-08-05,17,1
Pixel,2026-08-06,17,1
Pixel,2026-08-07,17,1
Pixel,2026-08-08,17,1
Pixel,2026-08-09,17,1
Pixel,2026-08-10,17,1
Pixel,2026-08-11,17,1
Pixel,2026-08-13,17,1
Pixel,2026-08-14,17,1
Pixel,2026-08-15,17,1
Pixel,2026-08-16,17,1
Pixel,2026-08-17,17,1
Pixel,2026-08-18,17,1
Pixel,2026-08-19,17,1
Pixel,2026-08-20,17,1
Pixel,2026-08-21,17,1
Pixel,2026-08-22,17,1
Pixel,2026-08-24,17,1
Pixel,2026-09-02,17,1
Pixel,2026-09-03,17,1
Pixel,2026-09-04,17,1
Pixel,2026-09-05,17,1
Pixel,2026-09-06,17,1
Pixel,2026-09-07,17,1
Pixel,2026-09-12,17,1
Pixel,2026-09-17,17,1
Pixel,2026-09-18,17,1
Pixel,2026-09-19,17,1
Pixel,2026-09-20,17,1
Plasmabeam,2022-07-06,125,
Plasmabeam,2022-07-11,115,
Plasmabeam,2022-07-28,65,
Plasmabeam,2022-08-04,20,
Plasmabeam,2022-08-11,15,
Plasmabeam,2022-08-27,8,
Plasmabeam,2022-09-03,3,
Plasmabeam,2022-10-22,4,
Plasmabeam,2022-11-06,5,
Plasmabeam,2022-12-18,6,
Plasmabeam,2022-12-23,7,
Plasmabeam,2023-01-01,8,
Plasmabeam,2023-01-10,10,
Plasmabeam,2023-01-16,12,
Plasmabeam,2023-01-17,15,
Plasmabeam,2023-02-19,17,
Plasmabeam,2023-04-27,18,
Plasmabeam,2023-04-30,20,
Plasmabeam,2023-05-03,22,
Plasmabeam,2023-05-08,25,
Plasmabeam,2023-05-13,28,
Plasmabeam,2023-05-20,30,
Plasmabeam,2023-05-27,32,
Plasmabeam,2023-06-30,35,
Plasmabeam,2023-09-16,37,
Plasmabeam,2023-10-05,38,
Plasmabeam,2023-11-01,37,
Plasmabeam,2024-03-29,35,
Plasmabeam,2024-04-24,33,
Plasmabeam,2024-09-02,32,
Plasmabeam,2025-04-13,30,
Plasmabeam,2025-04-15,28,
Plasmabeam,2025-09-17,27,
Plasmabeam,2025-09-18,25,
Plasmabeam,2025-10-26,25,2
Plasmabeam,2025-11-25,25,2
Plasmabeam,2025-12-04,25,2
Plasmabeam,2025-12-08,25,2
Plasmabeam,2025-12-14,25,2
Plasmabeam,2025-12-21,25,2
Plasmabeam,2025-12-23,25,2
Plasmabeam,2025-12-24,25,2
Plasmabeam,2025-12-26,25,2
Plasmabeam,2025-12-28,25,2
Plasmabeam,2025-12-30,25,2
Plasmabeam,2026-01-09,25,2
Plasmabeam,2026-01-24,25,2
Plasmabeam,2026-02-07,25,2
Plasmabeam,2026-02-13,25,2
Plasmabeam,2026-02-19,25,2
Plasmabeam,2026-03-17,25,2
Plasmabeam,2026-03-21,25,2
Plasmabeam,2026-03-25,25,2
Plasmabeam,2026-04-13,25,2
Plasmabeam,2026-04-19,25,2
Plasmabeam,2026-04-20,25,2
Plasmabeam,2026-04-22,25,2
Plasmabeam,2026-04-24,25,2
Plasmabeam,2026-04-27,25,2
Plasmabeam,2026-04-28,25,2
Plasmabeam,2026-05-02,25,2
Plasmabeam,2026-05-03,25,2
Plasmabeam,2026-05-06,25,2
Plasmabeam,2026-05-09,25,2
Plasmabeam,2026-05-11,25,2
Plasmabeam,2026-05-12,25,2
Plasmabeam,2026-05-14,25,2
Plasmabeam,2026-05-17,22,
Plasmabeam,2026-05-19,22,2
Plasmabeam,2026-05-21,22,2
Plasmabeam,2026-05-23,22,2
Plasmabeam,2026-05-24,18,1
Plasmabeam,2026-06-21,18,1
Plasmabeam,2026-06-22,18,1
Plasmabeam,2026-06-23,18,1
Plasmabeam,2026-06-24,18,1
Plasmabeam,2026-06-25,18,1
Plasmabeam,2026-06-26,18,1
Plasmabeam,2026-06-27,18,1
Plasmabeam,2026-06-28,18,1
Plasmabeam,2026-07-02,18,1
Plasmabeam,2026-07-03,18,1
Plasmabeam,2026-07-05,18,1
Plasmabeam,2026-07-06,18,1
Plasmabeam,2026-07-12,18,1
Plasmabeam,2026-07-14,18,1
Plasmabeam,2026-07-17,18,1
Plasmabeam,2026-07-25,18,1
Plasmabeam,2026-07-27,18,1
Plasmabeam,2026-07-28,18,1
Plasmabeam,2026-07-30,18,1
Plasmabeam,2026-07-31,18,1
Plasmabeam,2026-08-02,18,1
Plasmabeam,2026-08-03,18,1
Plasmabeam,2026-08-04,18,1
Plasmabeam,2026-08-05,18,1
Plasmabeam,2026-08-06,18,1
Plasmabeam,2026-08-07,18,1
Plasmabeam,2026-08-08,18,1
Plasmabeam,2026-08-09,18,1
Plasmabeam,2026-08-10,18,1
Plasmabeam,2026-08-11,18,1
Plasmabeam,2026-08-13,18,1
Plasmabeam,2026-08-14,18,1
Plasmabeam,2026-08-15,18,1
Plasmabeam,2026-08-16,18,1
Plasmabeam,2026-08-17,18,1
Plasmabeam,2026-08-18,18,1
Plasmabeam,2026-08-19,18,1
Plasmabeam,2026-08-20,18,1
Plasmabeam,2026-08-21,18,1
Plasmabeam,2026-08-22,18,1
Plasmabeam,2026-08-24,18,1
Plasmabeam,2026-09-02,18,1
Plasmabeam,2026-09-03,18,1
Plasmabeam,2026-09-04,18,1
Plasmabeam,2026-09-05,18,1
Plasmabeam,2026-09-06,18,1
Plasmabeam,2026-09-07,18,1
Plasmabeam,2026-09-12,18,1
Plasmabeam,2026-09-17,18,1
Plasmabeam,2026-09-18,18,1
Plasmabeam,2026-09-19,18,1
Plasmabeam,2026-09-20,18,1
Plasmablade,2022-07-06,125,
Plasmablade,2022-07-11,115,
Plasmablade,2022-07-28,65,
Plasmablade,2022-08-04,20,
Plasmablade,2022-08-11,15,
Plasmablade,2022-08-27,8,
Plasmablade,2022-09-03,3,
Plasmablade,2022-10-22,4,
Plasmablade,2022-11-06,5,
Plasmablade,2022-12-18,6,
Plasmablade,2022-12-23,7,
Plasmablade,2023-01-01,8,
Plasmablade,2023-01-10,10,
Plasmablade,2023-01-16,12,
Plasmablade,2023-01-17,15,
Plasmablade,2023-02-19,17,
Plasmablade,2023-04-27,18,
Plasmablade,2023-04-30,20,
Plasmablade,2023-05-03,22,
Plasmablade,2023-05-08,25,
Plasmablade,2023-05-13,28,
Plasmablade,2023-05-20,30,
Plasmablade,2023-05-27,32,
Plasmablade,2023-06-30,35,
Plasmablade,2023-09-16,37,
Plasmablade,2023-10-05,38,
Plasmablade,2023-11-01,37,
Plasmablade,2024-03-29,35,
Plasmablade,2024-04-24,33,
Plasmablade,2024-09-02,32,
Plasmablade,2025-04-13,30,
Plasmablade,2025-04-15,28,
Plasmablade,2025-09-17,27,
Plasmablade,2025-09-18,25,
Plasmablade,2025-10-26,25,2
Plasmablade,2025-11-25,25,2
Plasmablade,2025-12-04,25,2
Plasmablade,2025-12-08,25,2
Plasmablade,2025-12-14,25,2
Plasmablade,2025-12-21,25,2
Plasmablade,2025-12-23,25,2
Plasmablade,2025-12-24,25,2
Plasmablade,2025-12-26,25,2
Plasmablade,2025-12-28,25,2
Plasmablade,2025-12-30,25,2
Plasmablade,2026-01-09,25,2
Plasmablade,2026-01-24,25,2
Plasmablade,2026-02-07,25,2
Plasmablade,2026-02-13,25,2
Plasmablade,2026-02-19,25,2
Plasmablade,2026-03-14,23,
Plasmablade,2026-03-17,23,2
Plasmablade,2026-03-21,23,2
Plasmablade,2026-03-25,23,2
Plasmablade,2026-04-13,23,2
Plasmablade,2026-04-19,23,2
Plasmablade,2026-04-20,23,2
Plasmablade,2026-04-22,23,2
Plasmablade,2026-04-24,23,2
Plasmablade,2026-04-27,23,2
Plasmablade,2026-04-28,23,2
Plasmablade,2026-05-02,23,2
Plasmablade,2026-05-03,23,2
Plasmablade,2026-05-06,23,2
Plasmablade,2026-05-09,23,2
Plasmablade,2026-05-11,23,2
Plasmablade,2026-05-12,23,2
Plasmablade,2026-05-14,23,2
Plasmablade,2026-05-17,20,
Plasmablade,2026-05-19,20,2
Plasmablade,2026-05-21,20,2
Plasmablade,2026-05-23,20,2
Plasmablade,2026-05-24,17,1
Plasmablade,2026-06-21,17,1
Plasmablade,2026-06-22,17,1
Plasmablade,2026-06-23,17,1
Plasmablade,2026-06-24,17,1
Plasmablade,2026-06-25,17,1
Plasmablade,2026-06-26,17,1
Plasmablade,2026-06-27,17,1
Plasmablade,2026-06-28,17,1
Plasmablade,2026-07-02,17,1
Plasmablade,2026-07-03,17,1
Plasmablade,2026-07-05,17,1
Plasmablade,2026-07-06,17,1
Plasmablade,2026-07-12,17,1
Plasmablade,2026-07-14,17,1
Plasmablade,2026-07-17,17,1
Plasmablade,2026-07-21,15,
Plasmablade,2026-07-25,15,1
Plasmablade,2026-07-27,15,1
Plasmablade,2026-07-28,15,1
Plasmablade,2026-07-30,15,1
Plasmablade,2026-07-31,15,1
Plasmablade,2026-08-02,15,1
Plasmablade,2026-08-03,15,1
Plasmablade,2026-08-04,15,1
Plasmablade,2026-08-05,15,1
Plasmablade,2026-08-06,15,1
Plasmablade,2026-08-07,15,1
Plasmablade,2026-08-08,15,1
Plasmablade,2026-08-09,15,1
Plasmablade,2026-08-10,15,1
Plasmablade,2026-08-11,15,1
Plasmablade,2026-08-13,15,1
Plasmablade,2026-08-14,15,1
Plasmablade,2026-08-15,15,1
Plasmablade,2026-08-16,15,1
Plasmablade,2026-08-17,15,1
Plasmablade,2026-08-18,15,1
Plasmablade,2026-08-19,15,1
Plasmablade,2026-08-20,15,1
Plasmablade,2026-08-21,15,1
Plasmablade,2026-08-22,15,1
Plasmablade,2026-08-24,15,1
Plasmablade,2026-09-02,15,1
Plasmablade,2026-09-03,15,1
Plasmablade,2026-09-04,15,1
Plasmablade,2026-09-05,15,1
Plasmablade,2026-09-06,15,1
Plasmablade,2026-09-07,15,1
Plasmablade,2026-09-12,15,1
Plasmablade,2026-09-17,15,1
Plasmablade,2026-09-18,15,1
Plasmablade,2026-09-19,15,1
Plasmablade,2026-09-20,15,1
Prismatic,2020-08-26,15,
Prismatic,2020-10-04,5,
Prismatic,2021-05-07,8,
Prismatic,2021-08-17,10,
Prismatic,2021-11-22,12,
Prismatic,2022-01-16,13,
Prismatic,2022-03-07,12,
Prismatic,2022-08-04,8,
Prismatic,2022-08-27,6,
Prismatic,2022-09-03,5,
Prismatic,2022-10-18,4,
Prismatic,2022-12-20,5,
Prismatic,2023-01-01,6,
Prismatic,2023-01-20,7,
Prismatic,2023-01-24,8,
Prismatic,2023-02-19,10,
Prismatic,2023-03-30,12,
Prismatic,2023-05-08,15,
Prismatic,2023-09-16,13,
Prismatic,2023-11-01,12,
Prismatic,2024-03-29,8,
Prismatic,2024-09-27,7,
Prismatic,2025-10-26,7,1
Prismatic,2025-11-25,7,1
Prismatic,2025-12-04,7,1
Prismatic,2025-12-08,7,1
Prismatic,2025-12-14,7,1
Prismatic,2025-12-21,7,1
Prismatic,2025-12-23,7,1
Prismatic,2025-12-24,7,1
Prismatic,2025-12-26,7,1
Prismatic,2025-12-28,7,1
Prismatic,2025-12-30,7,1
Prismatic,2026-01-09,7,1
Prismatic,2026-01-24,7,1
Prismatic,2026-02-07,7,1
Prismatic,2026-02-13,7,1
Prismatic,2026-02-19,7,1
Prismatic,2026-03-17,7,1
Prismatic,2026-03-21,7,1
Prismatic,2026-03-25,7,1
Prismatic,2026-04-13,7,1
Prismatic,2026-04-19,7,1
Prismatic,2026-04-20,7,1
Prismatic,2026-04-22,7,1
Prismatic,2026-04-24,7,1
Prismatic,2026-04-27,7,1
Prismatic,2026-04-28,7,1
Prismatic,2026-05-02,7,1
Prismatic,2026-05-03,7,1
Prismatic,2026-05-06,7,1
Prismatic,2026-05-09,7,1
Prismatic,2026-05-11,7,1
Prismatic,2026-05-12,7,1
Prismatic,2026-05-14,7,1
Prismatic,2026-05-17,7,1
Prismatic,2026-05-19,7,1
Prismatic,2026-05-21,7,1
Prismatic,2026-05-23,7,1
Prismatic,2026-05-24,7,1
Prismatic,2026-06-21,7,1
Prismatic,2026-06-22,7,1
Prismatic,2026-06-23,7,1
Prismatic,2026-06-24,7,1
Prismatic,2026-06-25,7,1
Prismatic,2026-06-26,7,1
Prismatic,2026-06-27,7,1
Prismatic,2026-06-28,7,1
Prismatic,2026-07-02,7,1
Prismatic,2026-07-03,7,1
Prismatic,2026-07-05,7,1
Prismatic,2026-07-06,7,1
Prismatic,2026-07-12,7,1
Prismatic,2026-07-14,7,1
Prismatic,2026-07-17,7,1
Prismatic,2026-07-25,7,1
Prismatic,2026-07-27,7,1
Prismatic,2026-07-28,7,1
Prismatic,2026-07-30,7,1
Prismatic,2026-07-31,7,1
Prismatic,2026-08-02,7,1
Prismatic,2026-08-03,7,1
Prismatic,2026-08-04,7,1
Prismatic,2026-08-05,7,1
Prismatic,2026-08-06,7,1
Prismatic,2026-08-07,7,1
Prismatic,2026-08-08,7,1
Prismatic,2026-08-09,7,1
Prismatic,2026-08-10,7,1
Prismatic,2026-08-11,7,1
Prismatic,2026-08-13,7,1
Prismatic,2026-08-14,7,1
Prismatic,2026-08-15,7,1
Prismatic,2026-08-16,7,1
Prismatic,2026-08-17,7,1
Prismatic,2026-08-18,7,1
Prismatic,2026-08-19,7,1
Prismatic,2026-08-20,7,1
Prismatic,2026-08-21,7,1
Prismatic,2026-08-22,7,1
Prismatic,2026-08-24,7,1
Prismatic,2026-09-02,7,1
Prismatic,2026-09-03,7,1
Prismatic,2026-09-04,7,1
Prismatic,2026-09-05,7,1
Prismatic,2026-09-06,7,1
Prismatic,2026-09-07,7,1
Prismatic,2026-09-12,7,1
Prismatic,2026-09-17,7,1
Prismatic,2026-09-18,7,1
Prismatic,2026-09-19,7,1
Prismatic,2026-09-20,7,1
Pumpking,2020-08-26,50,
Pumpking,2021-01-03,55,
Pumpking,2021-01-22,53,
Pumpking,2021-12-14,50,
Pumpking,2022-03-14,45,
Pumpking,2022-12-04,40,
Pumpking,2023-06-01,32,
Pumpking,2023-07-15,30,
Pumpking,2023-09-16,28,
Pumpking,2023-12-03,27,
Pumpking,2024-03-29,25,
Pumpking,2024-04-24,22,
Pumpking,2024-09-27,18,
Pumpking,2024-11-08,17,
Pumpking,2025-01-15,15,
Pumpking,2025-04-13,12,
Pumpking,2025-09-17,8,
Pumpking,2025-10-26,8,1
Pumpking,2025-11-25,8,1
Pumpking,2025-12-04,8,1
Pumpking,2025-12-08,8,1
Pumpking,2025-12-14,8,1
Pumpking,2025-12-21,7,
Pumpking,2025-12-23,7,1
Pumpking,2025-12-24,7,1
Pumpking,2025-12-26,7,1
Pumpking,2025-12-28,7,1
Pumpking,2025-12-30,7,1
Pumpking,2026-01-09,7,1
Pumpking,2026-01-24,7,1
Pumpking,2026-02-07,7,1
Pumpking,2026-02-13,7,1
Pumpking,2026-02-19,7,1
Pumpking,2026-03-17,7,1
Pumpking,2026-03-21,7,1
Pumpking,2026-03-25,7,1
Pumpking,2026-04-13,7,1
Pumpking,2026-04-19,7,1
Pumpking,2026-04-20,7,1
Pumpking,2026-04-22,7,1
Pumpking,2026-04-24,7,1
Pumpking,2026-04-27,7,1
Pumpking,2026-04-28,7,1
Pumpking,2026-05-02,7,1
Pumpking,2026-05-03,7,1
Pumpking,2026-05-06,7,1
Pumpking,2026-05-09,7,1
Pumpking,2026-05-11,7,1
Pumpking,2026-05-12,7,1
Pumpking,2026-05-14,7,1
Pumpking,2026-05-17,7,1
Pumpking,2026-05-19,7,1
Pumpking,2026-05-21,7,1
Pumpking,2026-05-23,7,1
Pumpking,2026-05-24,7,1
Pumpking,2026-06-21,7,1
Pumpking,2026-06-22,7,1
Pumpking,2026-06-23,7,1
Pumpking,2026-06-24,7,1
Pumpking,2026-06-25,7,1
Pumpking,2026-06-26,7,1
Pumpking,2026-06-27,7,1
Pumpking,2026-06-28,7,1
Pumpking,2026-07-02,7,1
Pumpking,2026-07-03,7,1
Pumpking,2026-07-05,7,1
Pumpking,2026-07-06,7,1
Pumpking,2026-07-12,7,1
Pumpking,2026-07-14,7,1
Pumpking,2026-07-17,7,1
Pumpking,2026-07-25,7,1
Pumpking,2026-07-27,7,1
Pumpking,2026-07-28,7,1
Pumpking,2026-07-30,7,1
Pumpking,2026-07-31,7,1
Pumpking,2026-08-02,7,1
Pumpking,2026-08-03,7,1
Pumpking,2026-08-04,7,1
Pumpking,2026-08-05,7,1
Pumpking,2026-08-06,7,1
Pumpking,2026-08-07,7,1
Pumpking,2026-08-08,7,1
Pumpking,2026-08-09,7,1
Pumpking,2026-08-10,7,1
Pumpking,2026-08-11,7,1
Pumpking,2026-08-13,7,1
Pumpking,2026-08-14,7,1
Pumpking,2026-08-15,7,1
Pumpking,2026-08-16,7,1
Pumpking,2026-08-17,7,1
Pumpking,2026-08-18,7,1
Pumpking,2026-08-19,7,1
Pumpking,2026-08-20,7,1
Pumpking,2026-08-21,7,1
Pumpking,2026-08-22,7,1
Pumpking,2026-08-24,7,1
Pumpking,2026-09-02,7,1
Pumpking,2026-09-03,7,1
Pumpking,2026-09-04,7,1
Pumpking,2026-09-05,7,1
Pumpking,2026-09-06,7,1
Pumpking,2026-09-07,7,1
Pumpking,2026-09-12,7,1
Pumpking,2026-09-17,7,1
Pumpking,2026-09-18,7,1
Pumpking,2026-09-19,7,1
Pumpking,2026-09-20,7,1
Purple Seer,2020-08-26,35,
Purple Seer,2021-08-17,30,
Purple Seer,2021-12-13,28,
Purple Seer,2022-08-27,25,
Purple Seer,2022-10-18,22,
Purple Seer,2022-10-22,20,
Purple Seer,2022-10-29,18,
Purple Seer,2022-11-06,15,
Purple Seer,2022-12-13,12,
Purple Seer,2023-06-01,10,
Purple Seer,2023-06-07,8,
Purple Seer,2023-09-01,7,
Purple Seer,2024-01-02,6,
Purple Seer,2024-03-29,5,
Purple Seer,2024-04-24,4,
Purple Seer,2024-09-27,3,
Purple Seer,2025-10-26,3,1
Purple Seer,2025-11-25,3,1
Purple Seer,2025-12-04,3,1
Purple Seer,2025-12-08,3,1
Purple Seer,2025-12-14,3,1
Purple Seer,2025-12-21,3,1
Purple Seer,2025-12-23,3,1
Purple Seer,2025-12-24,3,1
Purple Seer,2025-12-26,3,1
Purple Seer,2025-12-28,3,1
Purple Seer,2025-12-30,3,1
Purple Seer,2026-01-09,3,1
Purple Seer,2026-01-24,3,1
Purple Seer,2026-02-07,3,1
Purple Seer,2026-02-13,3,1
Purple Seer,2026-02-19,3,1
Purple Seer,2026-03-17,3,1
Purple Seer,2026-03-21,3,1
Purple Seer,2026-03-25,3,1
Purple Seer,2026-04-13,3,1
Purple Seer,2026-04-19,3,1
Purple Seer,2026-04-20,3,1
Purple Seer,2026-04-22,3,1
Purple Seer,2026-04-24,3,1
Purple Seer,2026-04-27,3,1
Purple Seer,2026-04-28,3,1
Purple Seer,2026-05-02,3,1
Purple Seer,2026-05-03,3,1
Purple Seer,2026-05-06,3,1
Purple Seer,2026-05-09,3,1
Purple Seer,2026-05-11,3,1
Purple Seer,2026-05-12,3,1
Purple Seer,2026-05-14,3,1
Purple Seer,2026-05-17,3,1
Purple Seer,2026-05-19,3,1
Purple Seer,2026-05-21,3,1
Purple Seer,2026-05-23,3,1
Purple Seer,2026-05-24,3,1
Purple Seer,2026-06-21,3,1
Purple Seer,2026-06-22,3,1
Purple Seer,2026-06-23,3,1
Purple Seer,2026-06-24,3,1
Purple Seer,2026-06-25,3,1
Purple Seer,2026-06-26,3,1
Purple Seer,2026-06-27,3,1
Purple Seer,2026-06-28,3,1
Purple Seer,2026-07-02,3,1
Purple Seer,2026-07-03,3,1
Purple Seer,2026-07-05,3,1
Purple Seer,2026-07-06,3,1
Purple Seer,2026-07-12,3,1
Purple Seer,2026-07-14,3,1
Purple Seer,2026-07-17,3,1
Purple Seer,2026-07-25,3,1
Purple Seer,2026-07-27,3,1
Purple Seer,2026-07-28,3,1
Purple Seer,2026-07-30,3,1
Purple Seer,2026-07-31,3,1
Purple Seer,2026-08-02,3,1
Purple Seer,2026-08-03,3,1
Purple Seer,2026-08-04,3,1
Purple Seer,2026-08-05,3,1
Purple Seer,2026-08-06,3,1
Purple Seer,2026-08-07,3,1
Purple Seer,2026-08-08,3,1
Purple Seer,2026-08-09,3,1
Purple Seer,2026-08-10,3,1
Purple Seer,2026-08-11,3,1
Purple Seer,2026-08-13,3,1
Purple Seer,2026-08-14,3,1
Purple Seer,2026-08-15,3,1
Purple Seer,2026-08-16,3,1
Purple Seer,2026-08-17,3,1
Purple Seer,2026-08-18,3,1
Purple Seer,2026-08-19,3,1
Purple Seer,2026-08-20,3,1
Purple Seer,2026-08-21,3,1
Purple Seer,2026-08-22,3,1
Purple Seer,2026-08-24,3,1
Purple Seer,2026-09-02,3,1
Purple Seer,2026-09-03,3,1
Purple Seer,2026-09-04,3,1
Purple Seer,2026-09-05,3,1
Purple Seer,2026-09-06,3,1
Purple Seer,2026-09-07,3,1
Purple Seer,2026-09-12,3,1
Purple Seer,2026-09-17,3,1
Purple Seer,2026-09-18,3,1
Purple Seer,2026-09-19,3,1
Purple Seer,2026-09-20,3,1
Rainbow,2023-04-04,600,
Rainbow,2023-04-10,570,
Rainbow,2023-04-12,525,
Rainbow,2023-04-18,475,
Rainbow,2023-04-21,440,
Rainbow,2023-04-23,400,
Rainbow,2023-04-27,390,
Rainbow,2023-04-30,375,
Rainbow,2023-05-08,370,
Rainbow,2023-05-16,360,
Rainbow,2023-05-20,345,
Rainbow,2023-05-22,340,
Rainbow,2023-05-27,335,
Rainbow,2023-05-28,330,
Rainbow,2023-06-01,325,
Rainbow,2023-06-02,320,
Rainbow,2023-06-07,310,
Rainbow,2023-06-12,275,
Rainbow,2023-06-13,260,
Rainbow,2023-06-18,235,
Rainbow,2023-06-26,225,
Rainbow,2023-06-30,210,
Rainbow,2023-07-03,195,
Rainbow,2023-07-06,170,
Rainbow,2023-07-09,165,
Rainbow,2023-07-19,170,
Rainbow,2023-07-20,180,
Rainbow,2023-07-23,195,
Rainbow,2023-07-24,210,
Rainbow,2023-07-27,285,
Rainbow,2023-07-29,295,
Rainbow,2023-08-01,310,
Rainbow,2023-08-02,320,
Rainbow,2023-08-12,310,
Rainbow,2023-08-13,295,
Rainbow,2023-08-16,270,
Rainbow,2023-08-18,260,
Rainbow,2023-08-20,245,
Rainbow,2023-08-21,235,
Rainbow,2023-08-24,225,
Rainbow,2023-08-25,210,
Rainbow,2023-09-01,205,
Rainbow,2023-09-05,200,
Rainbow,2023-09-06,195,
Rainbow,2023-09-08,190,
Rainbow,2023-09-11,180,
Rainbow,2023-09-16,175,
Rainbow,2023-09-20,170,
Rainbow,2023-09-23,165,
Rainbow,2023-09-27,160,
Rainbow,2023-10-05,155,
Rainbow,2023-10-07,145,
Rainbow,2023-10-23,140,
Rainbow,2023-11-26,135,
Rainbow,2023-12-05,130,
Rainbow,2023-12-22,125,
Rainbow,2024-01-08,130,
Rainbow,2024-01-12,135,
Rainbow,2024-01-16,145,
Rainbow,2024-01-26,150,
Rainbow,2024-02-02,160,
Rainbow,2024-02-07,170,
Rainbow,2024-02-14,185,
Rainbow,2024-02-17,195,
Rainbow,2024-02-20,210,
Rainbow,2024-02-22,220,
Rainbow,2024-02-26,235,
Rainbow,2024-03-06,245,
Rainbow,2024-03-11,260,
Rainbow,2024-03-18,270,
Rainbow,2024-03-25,280,
Rainbow,2024-03-29,285,
Rainbow,2024-03-31,295,
Rainbow,2024-04-03,310,
Rainbow,2024-04-08,345,
Rainbow,2024-04-10,335,
Rainbow,2024-04-24,295,
Rainbow,2024-04-26,285,
Rainbow,2024-05-01,275,
Rainbow,2024-05-03,270,
Rainbow,2024-05-26,285,
Rainbow,2024-05-29,295,
Rainbow,2024-05-31,305,
Rainbow,2024-06-03,310,
Rainbow,2024-06-08,320,
Rainbow,2024-06-14,330,
Rainbow,2024-06-15,335,
Rainbow,2024-06-26,330,
Rainbow,2024-06-28,325,
Rainbow,2024-07-01,320,
Rainbow,2024-07-06,315,
Rainbow,2024-07-14,310,
Rainbow,2024-07-18,305,
Rainbow,2024-07-21,295,
Rainbow,2024-07-25,285,
Rainbow,2024-07-27,270,
Rainbow,2024-07-29,255,
Rainbow,2024-07-31,245,
Rainbow,2024-08-02,235,
Rainbow,2024-08-04,220,
Rainbow,2024-08-08,195,
Rainbow,2024-08-26,205,
Rainbow,2024-08-29,210,
Rainbow,2024-08-31,220,
Rainbow,2024-09-02,235,
Rainbow,2024-09-05,245,
Rainbow,2024-09-08,250,
Rainbow,2024-09-12,255,
Rainbow,2024-09-19,245,
Rainbow,2024-09-23,240,
Rainbow,2024-09-27,235,
Rainbow,2024-10-02,240,
Rainbow,2024-10-06,245,
Rainbow,2024-10-16,240,
Rainbow,2024-10-28,235,
Rainbow,2024-11-03,230,
Rainbow,2024-11-18,220,
Rainbow,2024-11-26,215,
Rainbow,2024-11-30,210,
Rainbow,2024-12-02,205,
Rainbow,2024-12-06,195,
Rainbow,2024-12-15,185,
Rainbow,2025-02-17,190,
Rainbow,2025-02-19,195,
Rainbow,2025-02-22,205,
Rainbow,2025-02-23,215,
Rainbow,2025-02-28,225,
Rainbow,2025-03-09,235,
Rainbow,2025-03-17,230,
Rainbow,2025-04-06,225,
Rainbow,2025-04-09,220,
Rainbow,2025-04-27,230,
Rainbow,2025-05-04,235,
Rainbow,2025-05-24,240,
Rainbow,2025-05-28,245,
Rainbow,2025-06-01,250,
Rainbow,2025-06-05,255,
Rainbow,2025-06-13,260,
Rainbow,2025-06-17,265,
Rainbow,2025-06-24,270,
Rainbow,2025-08-07,265,
Rainbow,2025-08-14,260,
Rainbow,2025-08-19,255,
Rainbow,2025-08-22,250,
Rainbow,2025-08-26,245,
Rainbow,2025-10-26,245,4
Rainbow,2025-11-25,245,4
Rainbow,2025-12-04,245,4
Rainbow,2025-12-08,245,4
Rainbow,2025-12-14,245,4
Rainbow,2025-12-21,245,4
Rainbow,2025-12-23,245,4
Rainbow,2025-12-24,245,4
Rainbow,2025-12-26,245,4
Rainbow,2025-12-28,245,4
Rainbow,2025-12-30,245,4
Rainbow,2026-01-09,245,4
Rainbow,2026-01-24,245,4
Rainbow,2026-02-07,245,4
Rainbow,2026-02-10,250,
Rainbow,2026-02-13,250,4
Rainbow,2026-02-15,260,
Rainbow,2026-02-16,275,
Rainbow,2026-02-17,280,
Rainbow,2026-02-19,285,
Rainbow,2026-02-21,290,
Rainbow,2026-02-23,295,
Rainbow,2026-02-25,300,
Rainbow,2026-02-27,305,
Rainbow,2026-03-04,300,
Rainbow,2026-03-06,295,
Rainbow,2026-03-09,290,
Rainbow,2026-03-17,290,4
Rainbow,2026-03-21,290,4
Rainbow,2026-03-25,290,4
Rainbow,2026-04-13,290,4
Rainbow,2026-04-19,290,4
Rainbow,2026-04-20,290,4
Rainbow,2026-04-22,290,4
Rainbow,2026-04-24,290,4
Rainbow,2026-04-27,290,4
Rainbow,2026-04-28,290,4
Rainbow,2026-05-02,290,4
Rainbow,2026-05-03,290,4
Rainbow,2026-05-06,290,4
Rainbow,2026-05-09,290,4
Rainbow,2026-05-11,290,4
Rainbow,2026-05-12,290,4
Rainbow,2026-05-14,290,4
Rainbow,2026-05-17,290,4
Rainbow,2026-05-19,290,4
Rainbow,2026-05-21,290,4
Rainbow,2026-05-23,290,4
Rainbow,2026-05-24,290,4
Rainbow,2026-05-27,295,
Rainbow,2026-06-03,305,
Rainbow,2026-06-07,310,
Rainbow,2026-06-10,320,
Rainbow,2026-06-12,335,
Rainbow,2026-06-14,350,
Rainbow,2026-06-17,370,
Rainbow,2026-06-19,390,
Rainbow,2026-06-21,390,5
Rainbow,2026-06-22,405,
Rainbow,2026-06-23,405,5
Rainbow,2026-06-24,410,
Rainbow,2026-06-25,410,5
Rainbow,2026-06-26,410,5
Rainbow,2026-06-27,410,5
Rainbow,2026-06-28,410,5
Rainbow,2026-07-02,410,5
Rainbow,2026-07-03,410,5
Rainbow,2026-07-05,410,5
Rainbow,2026-07-06,410,5
Rainbow,2026-07-12,410,5
Rainbow,2026-07-14,410,5
Rainbow,2026-07-17,410,5
Rainbow,2026-09-07,410,5
Rainbow,2026-09-17,410,5
Rainbow,2026-09-18,410,5
Rainbow,2026-09-19,410,5
Rainbow,2026-09-20,410,5
Rainbow Gun,2023-04-04,600,
Rainbow Gun,2023-04-10,580,
Rainbow Gun,2023-04-12,550,
Rainbow Gun,2023-04-18,500,
Rainbow Gun,2023-04-21,460,
Rainbow Gun,2023-04-23,420,
Rainbow Gun,2023-04-27,410,
Rainbow Gun,2023-04-30,400,
Rainbow Gun,2023-05-08,380,
Rainbow Gun,2023-05-16,370,
Rainbow Gun,2023-05-20,355,
Rainbow Gun,2023-05-22,350,
Rainbow Gun,2023-05-27,340,
Rainbow Gun,2023-05-28,335,
Rainbow Gun,2023-06-01,330,
Rainbow Gun,2023-06-02,325,
Rainbow Gun,2023-06-07,315,
Rainbow Gun,2023-06-12,280,
Rainbow Gun,2023-06-13,265,
Rainbow Gun,2023-06-18,240,
Rainbow Gun,2023-06-26,230,
Rainbow Gun,2023-06-30,215,
Rainbow Gun,2023-07-03,200,
Rainbow Gun,2023-07-06,175,
Rainbow Gun,2023-07-09,170,
Rainbow Gun,2023-07-19,175,
Rainbow Gun,2023-07-20,185,
Rainbow Gun,2023-07-23,200,
Rainbow Gun,2023-07-24,215,
Rainbow Gun,2023-07-27,290,
Rainbow Gun,2023-07-29,300,
Rainbow Gun,2023-08-01,315,
Rainbow Gun,2023-08-02,325,
Rainbow Gun,2023-08-12,315,
Rainbow Gun,2023-08-13,300,
Rainbow Gun,2023-08-16,275,
Rainbow Gun,2023-08-18,265,
Rainbow Gun,2023-08-20,250,
Rainbow Gun,2023-08-21,240,
Rainbow Gun,2023-08-24,230,
Rainbow Gun,2023-08-25,215,
Rainbow Gun,2023-09-01,210,
Rainbow Gun,2023-09-05,205,
Rainbow Gun,2023-09-06,200,
Rainbow Gun,2023-09-08,195,
Rainbow Gun,2023-09-11,185,
Rainbow Gun,2023-09-16,180,
Rainbow Gun,2023-09-20,175,
Rainbow Gun,2023-09-23,170,
Rainbow Gun,2023-09-27,165,
Rainbow Gun,2023-10-05,160,
Rainbow Gun,2023-10-07,150,
Rainbow Gun,2023-10-23,145,
Rainbow Gun,2023-11-26,140,
Rainbow Gun,2023-12-05,135,
Rainbow Gun,2023-12-22,130,
Rainbow Gun,2024-01-08,135,
Rainbow Gun,2024-01-12,140,
Rainbow Gun,2024-01-16,150,
Rainbow Gun,2024-01-26,155,
Rainbow Gun,2024-02-02,165,
Rainbow Gun,2024-02-07,175,
Rainbow Gun,2024-02-14,190,
Rainbow Gun,2024-02-17,200,
Rainbow Gun,2024-02-20,215,
Rainbow Gun,2024-02-22,225,
Rainbow Gun,2024-02-26,240,
Rainbow Gun,2024-03-06,250,
Rainbow Gun,2024-03-11,265,
Rainbow Gun,2024-03-18,275,
Rainbow Gun,2024-03-25,285,
Rainbow Gun,2024-03-29,290,
Rainbow Gun,2024-03-31,300,
Rainbow Gun,2024-04-03,315,
Rainbow Gun,2024-04-08,350,
Rainbow Gun,2024-04-10,340,
Rainbow Gun,2024-04-24,300,
Rainbow Gun,2024-04-26,290,
Rainbow Gun,2024-05-01,280,
Rainbow Gun,2024-05-03,275,
Rainbow Gun,2024-05-26,290,
Rainbow Gun,2024-05-29,300,
Rainbow Gun,2024-05-31,310,
Rainbow Gun,2024-06-03,315,
Rainbow Gun,2024-06-08,325,
Rainbow Gun,2024-06-14,335,
Rainbow Gun,2024-06-15,340,
Rainbow Gun,2024-06-26,335,
Rainbow Gun,2024-06-28,330,
Rainbow Gun,2024-07-01,325,
Rainbow Gun,2024-07-06,320,
Rainbow Gun,2024-07-14,315,
Rainbow Gun,2024-07-18,310,
Rainbow Gun,2024-07-21,300,
Rainbow Gun,2024-07-25,290,
Rainbow Gun,2024-07-27,275,
Rainbow Gun,2024-07-29,260,
Rainbow Gun,2024-07-31,250,
Rainbow Gun,2024-08-02,240,
Rainbow Gun,2024-08-04,225,
Rainbow Gun,2024-08-08,200,
Rainbow Gun,2024-08-26,210,
Rainbow Gun,2024-08-29,215,
Rainbow Gun,2024-08-31,225,
Rainbow Gun,2024-09-02,240,
Rainbow Gun,2024-09-05,250,
Rainbow Gun,2024-09-08,255,
Rainbow Gun,2024-09-12,260,
Rainbow Gun,2024-09-19,250,
Rainbow Gun,2024-09-23,245,
Rainbow Gun,2024-09-27,240,
Rainbow Gun,2024-10-02,245,
Rainbow Gun,2024-10-06,250,
Rainbow Gun,2024-10-16,245,
Rainbow Gun,2024-10-28,240,
Rainbow Gun,2024-11-03,235,
Rainbow Gun,2024-11-18,225,
Rainbow Gun,2024-11-26,220,
Rainbow Gun,2024-11-30,215,
Rainbow Gun,2024-12-02,210,
Rainbow Gun,2024-12-06,200,
Rainbow Gun,2024-12-15,190,
Rainbow Gun,2025-02-17,195,
Rainbow Gun,2025-02-19,200,
Rainbow Gun,2025-02-22,210,
Rainbow Gun,2025-02-23,220,
Rainbow Gun,2025-02-28,230,
Rainbow Gun,2025-03-09,240,
Rainbow Gun,2025-03-17,235,
Rainbow Gun,2025-04-06,230,
Rainbow Gun,2025-04-09,225,
Rainbow Gun,2025-04-27,235,
Rainbow Gun,2025-05-04,240,
Rainbow Gun,2025-05-24,245,
Rainbow Gun,2025-05-28,250,
Rainbow Gun,2025-06-01,255,
Rainbow Gun,2025-06-05,260,
Rainbow Gun,2025-06-13,265,
Rainbow Gun,2025-06-17,270,
Rainbow Gun,2025-06-24,275,
Rainbow Gun,2025-08-07,270,
Rainbow Gun,2025-08-14,265,
Rainbow Gun,2025-08-19,260,
Rainbow Gun,2025-08-22,255,
Rainbow Gun,2025-08-26,250,
Rainbow Gun,2025-10-26,250,4
Rainbow Gun,2025-11-25,250,4
Rainbow Gun,2025-12-04,250,4
Rainbow Gun,2025-12-08,250,4
Rainbow Gun,2025-12-14,250,4
Rainbow Gun,2025-12-21,250,4
Rainbow Gun,2025-12-23,250,4
Rainbow Gun,2025-12-24,250,4
Rainbow Gun,2025-12-26,250,4
Rainbow Gun,2025-12-28,250,4
Rainbow Gun,2025-12-30,250,4
Rainbow Gun,2026-01-09,250,4
Rainbow Gun,2026-01-24,250,4
Rainbow Gun,2026-02-07,250,4
Rainbow Gun,2026-02-10,255,
Rainbow Gun,2026-02-13,255,4
Rainbow Gun,2026-02-15,265,
Rainbow Gun,2026-02-16,280,
Rainbow Gun,2026-02-17,290,
Rainbow Gun,2026-02-19,295,
Rainbow Gun,2026-02-21,300,
Rainbow Gun,2026-02-23,305,
Rainbow Gun,2026-02-25,310,
Rainbow Gun,2026-02-27,315,
Rainbow Gun,2026-03-04,310,
Rainbow Gun,2026-03-06,305,
Rainbow Gun,2026-03-09,300,
Rainbow Gun,2026-03-17,300,4
Rainbow Gun,2026-03-21,300,4
Rainbow Gun,2026-03-25,300,4
Rainbow Gun,2026-04-13,300,4
Rainbow Gun,2026-04-19,300,4
Rainbow Gun,2026-04-20,300,4
Rainbow Gun,2026-04-22,300,4
Rainbow Gun,2026-04-24,300,4
Rainbow Gun,2026-04-27,300,4
Rainbow Gun,2026-04-28,300,4
Rainbow Gun,2026-05-02,300,4
Rainbow Gun,2026-05-03,300,4
Rainbow Gun,2026-05-06,300,4
Rainbow Gun,2026-05-09,300,4
Rainbow Gun,2026-05-11,300,4
Rainbow Gun,2026-05-12,300,4
Rainbow Gun,2026-05-14,300,4
Rainbow Gun,2026-05-17,300,4
Rainbow Gun,2026-05-19,300,4
Rainbow Gun,2026-05-21,300,4
Rainbow Gun,2026-05-23,300,4
Rainbow Gun,2026-05-24,300,4
Rainbow Gun,2026-05-27,305,
Rainbow Gun,2026-06-03,310,
Rainbow Gun,2026-06-07,320,
Rainbow Gun,2026-06-10,330,
Rainbow Gun,2026-06-12,345,
Rainbow Gun,2026-06-14,360,
Rainbow Gun,2026-06-17,380,
Rainbow Gun,2026-06-19,400,
Rainbow Gun,2026-06-21,400,5
Rainbow Gun,2026-06-22,415,
Rainbow Gun,2026-06-23,415,5
Rainbow Gun,2026-06-24,420,
Rainbow Gun,2026-06-25,420,5
Rainbow Gun,2026-06-26,420,5
Rainbow Gun,2026-06-27,420,5
Rainbow Gun,2026-06-28,420,5
Rainbow Gun,2026-07-02,420,5
Rainbow Gun,2026-07-03,420,5
Rainbow Gun,2026-07-05,420,5
Rainbow Gun,2026-07-06,420,5
Rainbow Gun,2026-07-12,420,5
Rainbow Gun,2026-07-14,420,5
Rainbow Gun,2026-07-17,420,5
Rainbow Gun,2026-09-07,420,5
Rainbow Gun,2026-09-17,420,5
Rainbow Gun,2026-09-18,420,5
Rainbow Gun,2026-09-19,420,5
Rainbow Gun,2026-09-20,420,5
Raygun,2025-10-19,1900,
Raygun,2025-10-21,1600,
Raygun,2025-10-23,1500,
Raygun,2025-10-26,1500,6
Raygun,2025-10-28,1200,
Raygun,2025-11-01,950,
Raygun,2025-11-04,500,
Raygun,2025-11-06,425,
Raygun,2025-11-11,270,
Raygun,2025-11-13,250,
Raygun,2025-11-16,260,
Raygun,2025-11-18,270,
Raygun,2025-11-20,250,
Raygun,2025-11-24,275,
Raygun,2025-11-25,275,4
Raygun,2025-11-27,300,
Raygun,2025-11-30,325,
Raygun,2025-12-01,350,
Raygun,2025-12-04,375,
Raygun,2025-12-08,400,
Raygun,2025-12-11,375,
Raygun,2025-12-14,375,4
Raygun,2025-12-15,350,
Raygun,2025-12-17,325,
Raygun,2025-12-18,300,
Raygun,2025-12-19,275,
Raygun,2025-12-21,275,4
Raygun,2025-12-23,275,4
Raygun,2025-12-24,275,4
Raygun,2025-12-26,275,4
Raygun,2025-12-27,280,
Raygun,2025-12-28,280,4
Raygun,2025-12-29,300,
Raygun,2025-12-30,300,4
Raygun,2026-01-01,325,
Raygun,2026-01-04,350,
Raygun,2026-01-06,375,
Raygun,2026-01-08,400,
Raygun,2026-01-09,400,5
Raygun,2026-01-11,425,
Raygun,2026-01-14,475,
Raygun,2026-01-16,500,
Raygun,2026-01-18,525,
Raygun,2026-01-20,550,
Raygun,2026-01-22,575,
Raygun,2026-01-24,575,5
Raygun,2026-01-27,600,
Raygun,2026-01-28,575,
Raygun,2026-01-31,550,
Raygun,2026-02-01,525,
Raygun,2026-02-04,500,
Raygun,2026-02-06,510,
Raygun,2026-02-07,510,5
Raygun,2026-02-08,525,
Raygun,2026-02-10,550,
Raygun,2026-02-13,550,5
Raygun,2026-02-15,525,
Raygun,2026-02-19,525,4
Raygun,2026-02-23,550,
Raygun,2026-02-25,575,
Raygun,2026-02-27,600,
Raygun,2026-03-01,625,
Raygun,2026-03-04,650,
Raygun,2026-03-09,675,
Raygun,2026-03-11,700,
Raygun,2026-03-14,750,
Raygun,2026-03-16,825,
Raygun,2026-03-17,825,5
Raygun,2026-03-19,850,
Raygun,2026-03-21,875,5
Raygun,2026-03-24,900,
Raygun,2026-03-25,900,5
Raygun,2026-03-26,925,
Raygun,2026-04-04,950,
Raygun,2026-04-07,975,
Raygun,2026-04-11,1025,
Raygun,2026-04-13,1075,
Raygun,2026-04-16,1125,
Raygun,2026-04-18,1200,
Raygun,2026-04-19,1200,6
Raygun,2026-04-20,1200,6
Raygun,2026-04-21,1300,
Raygun,2026-04-22,1300,6
Raygun,2026-04-23,1400,
Raygun,2026-04-24,1400,6
Raygun,2026-04-26,1450,
Raygun,2026-04-27,1450,6
Raygun,2026-04-28,1475,
Raygun,2026-05-02,1475,5
Raygun,2026-05-03,1450,
Raygun,2026-05-06,1400,
Raygun,2026-05-08,1325,
Raygun,2026-05-09,1325,5
Raygun,2026-05-11,1250,
Raygun,2026-05-12,1250,5
Raygun,2026-05-14,1200,
Raygun,2026-05-17,1150,
Raygun,2026-05-18,1200,
Raygun,2026-05-19,1200,5
Raygun,2026-05-21,1275,
Raygun,2026-05-23,1275,6
Raygun,2026-05-24,1300,6
Raygun,2026-05-25,1325,
Raygun,2026-05-27,1300,
Raygun,2026-05-30,1250,
Raygun,2026-06-03,1200,
Raygun,2026-06-06,1175,
Raygun,2026-06-07,1150,
Raygun,2026-06-21,1150,5
Raygun,2026-06-22,1175,
Raygun,2026-06-23,1175,5
Raygun,2026-06-24,1200,
Raygun,2026-06-25,1200,5
Raygun,2026-06-26,1200,5
Raygun,2026-06-27,1225,
Raygun,2026-06-28,1225,5
Raygun,2026-06-29,1275,
Raygun,2026-07-02,1275,6
Raygun,2026-07-03,1300,
Raygun,2026-07-05,1325,
Raygun,2026-07-06,1325,6
Raygun,2026-07-07,1350,
Raygun,2026-07-09,1375,
Raygun,2026-07-12,1375,6
Raygun,2026-07-14,1375,6
Raygun,2026-07-17,1375,6
Raygun,2026-07-26,1400,
Raygun,2026-07-28,1425,
Raygun,2026-07-29,1450,
Raygun,2026-07-31,1500,
Raygun,2026-08-03,1550,
Raygun,2026-08-06,1600,
Raygun,2026-08-10,1650,
Raygun,2026-08-12,1700,
Raygun,2026-08-13,1750,
Raygun,2026-08-15,1800,
Raygun,2026-08-18,1900,
Raygun,2026-08-20,2000,
Raygun,2026-08-23,2100,
Raygun,2026-08-26,2150,
Raygun,2026-08-28,2100,
Raygun,2026-08-30,2050,
Raygun,2026-09-01,2000,
Raygun,2026-09-02,1950,
Raygun,2026-09-04,1850,
Raygun,2026-09-07,1850,5
Raygun,2026-09-09,1750,
Raygun,2026-09-13,1800,
Raygun,2026-09-15,1900,
Raygun,2026-09-16,1950,
Raygun,2026-09-17,1950,6
Raygun,2026-09-18,1950,6
Raygun,2026-09-19,1975,6
Raygun,2026-09-20,1975,6
Red Luger,2020-08-26,150,
Red Luger,2020-10-31,180,
Red Luger,2020-11-26,190,
Red Luger,2020-12-03,195,
Red Luger,2020-12-14,200,
Red Luger,2021-02-22,180,
Red Luger,2021-03-09,165,
Red Luger,2021-03-20,150,
Red Luger,2021-03-23,140,
Red Luger,2021-04-08,135,
Red Luger,2021-04-26,130,
Red Luger,2021-05-07,125,
Red Luger,2021-06-18,120,
Red Luger,2021-09-05,130,
Red Luger,2021-09-09,135,
Red Luger,2021-10-25,145,
Red Luger,2021-11-22,130,
Red Luger,2021-11-28,125,
Red Luger,2021-12-13,120,
Red Luger,2021-12-14,115,
Red Luger,2022-01-08,110,
Red Luger,2022-02-03,105,
Red Luger,2022-02-16,95,
Red Luger,2022-03-07,85,
Red Luger,2022-03-14,70,
Red Luger,2022-04-02,65,
Red Luger,2022-05-19,60,
Red Luger,2022-07-11,55,
Red Luger,2022-08-11,50,
Red Luger,2022-08-27,40,
Red Luger,2022-10-22,45,
Red Luger,2022-12-04,50,
Red Luger,2023-01-06,55,
Red Luger,2023-01-20,60,
Red Luger,2023-02-02,65,
Red Luger,2023-02-07,70,
Red Luger,2023-03-03,75,
Red Luger,2023-04-21,70,
Red Luger,2023-06-01,65,
Red Luger,2023-06-07,60,
Red Luger,2023-07-11,55,
Red Luger,2023-08-05,50,
Red Luger,2023-09-16,48,
Red Luger,2023-09-27,45,
Red Luger,2023-10-07,42,
Red Luger,2023-10-15,40,
Red Luger,2023-11-01,38,
Red Luger,2023-12-03,37,
Red Luger,2024-01-02,35,
Red Luger,2024-03-29,30,
Red Luger,2024-08-08,32,
Red Luger,2024-08-14,35,
Red Luger,2024-08-16,37,
Red Luger,2024-08-22,38,
Red Luger,2024-08-29,40,
Red Luger,2024-09-02,42,
Red Luger,2024-09-05,45,
Red Luger,2024-09-23,50,
Red Luger,2024-10-16,55,
Red Luger,2024-10-28,60,
Red Luger,2024-11-13,62,
Red Luger,2024-11-22,65,
Red Luger,2024-11-26,70,
Red Luger,2025-04-06,65,
Red Luger,2025-04-13,62,
Red Luger,2025-04-15,60,
Red Luger,2025-09-17,55,
Red Luger,2025-09-23,50,
Red Luger,2025-09-25,45,
Red Luger,2025-10-26,45,2
Red Luger,2025-11-04,50,
Red Luger,2025-11-25,50,2
Red Luger,2025-12-04,50,2
Red Luger,2025-12-08,50,2
Red Luger,2025-12-14,50,2
Red Luger,2025-12-21,50,2
Red Luger,2025-12-23,50,2
Red Luger,2025-12-24,50,2
Red Luger,2025-12-26,50,2
Red Luger,2025-12-28,50,2
Red Luger,2025-12-30,50,2
Red Luger,2026-01-09,50,2
Red Luger,2026-01-24,50,2
Red Luger,2026-02-07,50,2
Red Luger,2026-02-13,50,2
Red Luger,2026-02-19,50,2
Red Luger,2026-03-04,45,
Red Luger,2026-03-17,45,2
Red Luger,2026-03-21,45,2
Red Luger,2026-03-25,45,2
Red Luger,2026-04-13,45,2
Red Luger,2026-04-19,45,2
Red Luger,2026-04-20,45,2
Red Luger,2026-04-22,45,2
Red Luger,2026-04-24,45,2
Red Luger,2026-04-27,45,2
Red Luger,2026-04-28,45,2
Red Luger,2026-05-02,45,2
Red Luger,2026-05-03,45,2
Red Luger,2026-05-06,45,2
Red Luger,2026-05-09,45,2
Red Luger,2026-05-11,45,2
Red Luger,2026-05-12,45,2
Red Luger,2026-05-14,45,2
Red Luger,2026-05-17,45,2
Red Luger,2026-05-19,45,2
Red Luger,2026-05-21,45,2
Red Luger,2026-05-23,45,2
Red Luger,2026-05-24,42,1
Red Luger,2026-06-21,42,1
Red Luger,2026-06-22,42,1
Red Luger,2026-06-23,42,1
Red Luger,2026-06-24,42,1
Red Luger,2026-06-25,42,1
Red Luger,2026-06-26,42,1
Red Luger,2026-06-27,42,1
Red Luger,2026-06-28,42,1
Red Luger,2026-07-02,42,1
Red Luger,2026-07-03,42,1
Red Luger,2026-07-05,42,1
Red Luger,2026-07-06,42,1
Red Luger,2026-07-07,40,
Red Luger,2026-07-12,38,
Red Luger,2026-07-14,38,1
Red Luger,2026-07-17,38,1
Red Luger,2026-07-25,38,1
Red Luger,2026-07-27,38,1
Red Luger,2026-07-28,37,
Red Luger,2026-07-30,37,1
Red Luger,2026-07-31,37,1
Red Luger,2026-08-02,37,1
Red Luger,2026-08-03,37,1
Red Luger,2026-08-04,37,1
Red Luger,2026-08-05,37,1
Red Luger,2026-08-06,37,1
Red Luger,2026-08-07,37,1
Red Luger,2026-08-08,37,1
Red Luger,2026-08-09,37,1
Red Luger,2026-08-10,37,1
Red Luger,2026-08-11,37,1
Red Luger,2026-08-13,37,1
Red Luger,2026-08-14,37,1
Red Luger,2026-08-15,37,1
Red Luger,2026-08-16,37,1
Red Luger,2026-08-17,37,1
Red Luger,2026-08-18,37,1
Red Luger,2026-08-19,37,1
Red Luger,2026-08-20,37,1
Red Luger,2026-08-21,37,1
Red Luger,2026-08-22,37,1
Red Luger,2026-08-24,37,1
Red Luger,2026-09-02,37,1
Red Luger,2026-09-03,37,1
Red Luger,2026-09-04,35,
Red Luger,2026-09-05,35,1
Red Luger,2026-09-06,35,1
Red Luger,2026-09-07,35,1
Red Luger,2026-09-12,35,1
Red Luger,2026-09-17,35,1
Red Luger,2026-09-18,35,1
Red Luger,2026-09-19,35,1
Red Luger,2026-09-20,35,1
Red Seer,2020-08-26,35,
Red Seer,2021-08-17,30,
Red Seer,2021-12-13,28,
Red Seer,2022-08-27,25,
Red Seer,2022-10-22,22,
Red Seer,2022-10-29,20,
Red Seer,2022-11-06,18,
Red Seer,2022-12-13,15,
Red Seer,2023-01-20,13,
Red Seer,2023-06-01,12,
Red Seer,2023-06-07,10,
Red Seer,2023-09-01,8,
Red Seer,2024-01-02,7,
Red Seer,2024-03-29,5,
Red Seer,2024-04-24,4,
Red Seer,2024-09-27,3,
Red Seer,2025-10-26,3,1
Red Seer,2025-11-25,3,1
Red Seer,2025-12-04,3,1
Red Seer,2025-12-08,3,1
Red Seer,2025-12-14,3,1
Red Seer,2025-12-21,3,1
Red Seer,2025-12-23,3,1
Red Seer,2025-12-24,3,1
Red Seer,2025-12-26,3,1
Red Seer,2025-12-28,3,1
Red Seer,2025-12-30,3,1
Red Seer,2026-01-09,3,1
Red Seer,2026-01-24,3,1
Red Seer,2026-02-07,3,1
Red Seer,2026-02-13,3,1
Red Seer,2026-02-19,3,1
Red Seer,2026-03-17,3,1
Red Seer,2026-03-21,3,1
Red Seer,2026-03-25,3,1
Red Seer,2026-04-13,3,1
Red Seer,2026-04-19,3,1
Red Seer,2026-04-20,3,1
Red Seer,2026-04-22,3,1
Red Seer,2026-04-24,3,1
Red Seer,2026-04-27,3,1
Red Seer,2026-04-28,3,1
Red Seer,2026-05-02,3,1
Red Seer,2026-05-03,3,1
Red Seer,2026-05-06,3,1
Red Seer,2026-05-09,3,1
Red Seer,2026-05-11,3,1
Red Seer,2026-05-12,3,1
Red Seer,2026-05-14,3,1
Red Seer,2026-05-17,3,1
Red Seer,2026-05-19,3,1
Red Seer,2026-05-21,3,1
Red Seer,2026-05-23,3,1
Red Seer,2026-05-24,3,1
Red Seer,2026-06-21,3,1
Red Seer,2026-06-22,3,1
Red Seer,2026-06-23,3,1
Red Seer,2026-06-24,3,1
Red Seer,2026-06-25,3,1
Red Seer,2026-06-26,3,1
Red Seer,2026-06-27,3,1
Red Seer,2026-06-28,3,1
Red Seer,2026-07-02,3,1
Red Seer,2026-07-03,3,1
Red Seer,2026-07-05,3,1
Red Seer,2026-07-06,3,1
Red Seer,2026-07-12,3,1
Red Seer,2026-07-14,3,1
Red Seer,2026-07-17,3,1
Red Seer,2026-07-25,3,1
Red Seer,2026-07-27,3,1
Red Seer,2026-07-28,3,1
Red Seer,2026-07-30,3,1
Red Seer,2026-07-31,3,1
Red Seer,2026-08-02,3,1
Red Seer,2026-08-03,3,1
Red Seer,2026-08-04,3,1
Red Seer,2026-08-05,3,1
Red Seer,2026-08-06,3,1
Red Seer,2026-08-07,3,1
Red Seer,2026-08-08,3,1
Red Seer,2026-08-09,3,1
Red Seer,2026-08-10,3,1
Red Seer,2026-08-11,3,1
Red Seer,2026-08-13,3,1
Red Seer,2026-08-14,3,1
Red Seer,2026-08-15,3,1
Red Seer,2026-08-16,3,1
Red Seer,2026-08-17,3,1
Red Seer,2026-08-18,3,1
Red Seer,2026-08-19,3,1
Red Seer,2026-08-20,3,1
Red Seer,2026-08-21,3,1
Red Seer,2026-08-22,3,1
Red Seer,2026-08-24,3,1
Red Seer,2026-09-02,3,1
Red Seer,2026-09-03,3,1
Red Seer,2026-09-04,3,1
Red Seer,2026-09-05,3,1
Red Seer,2026-09-06,3,1
Red Seer,2026-09-07,3,1
Red Seer,2026-09-12,3,1
Red Seer,2026-09-17,3,1
Red Seer,2026-09-18,3,1
Red Seer,2026-09-19,3,1
Red Seer,2026-09-20,3,1
Sakura,2023-02-05,400,
Sakura,2023-02-07,300,
Sakura,2023-02-11,225,
Sakura,2023-03-24,230,
Sakura,2023-04-04,240,
Sakura,2023-04-07,250,
Sakura,2023-04-10,255,
Sakura,2023-04-15,260,
Sakura,2023-04-18,270,
Sakura,2023-04-21,280,
Sakura,2023-04-23,285,
Sakura,2023-04-27,290,
Sakura,2023-04-30,300,
Sakura,2023-05-03,305,
Sakura,2023-05-08,310,
Sakura,2023-05-10,320,
Sakura,2023-05-20,325,
Sakura,2023-06-07,320,
Sakura,2023-06-12,305,
Sakura,2023-06-18,295,
Sakura,2023-06-21,285,
Sakura,2023-07-03,305,
Sakura,2023-07-06,320,
Sakura,2023-07-07,325,
Sakura,2023-07-09,335,
Sakura,2023-07-11,345,
Sakura,2023-07-12,350,
Sakura,2023-07-15,360,
Sakura,2023-07-19,370,
Sakura,2023-07-23,385,
Sakura,2023-07-24,395,
Sakura,2023-07-27,410,
Sakura,2023-07-29,420,
Sakura,2023-08-01,435,
Sakura,2023-08-02,445,
Sakura,2023-08-05,455,
Sakura,2023-08-07,460,
Sakura,2023-08-12,465,
Sakura,2023-08-13,470,
Sakura,2023-08-16,480,
Sakura,2023-08-18,485,
Sakura,2023-08-20,490,
Sakura,2023-08-21,495,
Sakura,2023-08-24,510,
Sakura,2023-08-25,520,
Sakura,2023-08-28,530,
Sakura,2023-08-29,535,
Sakura,2023-09-01,545,
Sakura,2023-09-18,535,
Sakura,2023-09-20,530,
Sakura,2023-09-21,525,
Sakura,2023-09-23,520,
Sakura,2023-10-05,515,
Sakura,2023-10-07,510,
Sakura,2023-10-11,505,
Sakura,2023-10-15,495,
Sakura,2023-10-26,485,
Sakura,2023-11-01,475,
Sakura,2023-11-05,470,
Sakura,2023-11-09,460,
Sakura,2023-11-13,450,
Sakura,2023-11-14,445,
Sakura,2023-11-22,435,
Sakura,2023-12-03,425,
Sakura,2023-12-05,420,
Sakura,2023-12-22,410,
Sakura,2024-01-02,395,
Sakura,2024-01-12,385,
Sakura,2024-01-19,395,
Sakura,2024-01-29,410,
Sakura,2024-02-02,435,
Sakura,2024-02-03,445,
Sakura,2024-02-07,485,
Sakura,2024-02-10,520,
Sakura,2024-02-14,535,
Sakura,2024-02-17,545,
Sakura,2024-02-22,535,
Sakura,2024-02-26,520,
Sakura,2024-03-11,535,
Sakura,2024-03-14,545,
Sakura,2024-03-18,570,
Sakura,2024-03-21,585,
Sakura,2024-03-25,610,
Sakura,2024-03-29,620,
Sakura,2024-03-31,635,
Sakura,2024-04-08,630,
Sakura,2024-04-10,620,
Sakura,2024-04-21,610,
Sakura,2024-05-01,595,
Sakura,2024-05-31,610,
Sakura,2024-06-03,620,
Sakura,2024-06-10,640,
Sakura,2024-06-14,670,
Sakura,2024-07-21,660,
Sakura,2024-07-25,645,
Sakura,2024-07-27,635,
Sakura,2024-07-29,620,
Sakura,2024-07-31,600,
Sakura,2024-08-02,585,
Sakura,2024-08-04,570,
Sakura,2024-08-08,555,
Sakura,2024-08-11,545,
Sakura,2024-08-14,530,
Sakura,2024-08-16,515,
Sakura,2024-08-18,500,
Sakura,2024-08-22,495,
Sakura,2024-08-24,490,
Sakura,2024-08-29,505,
Sakura,2024-08-31,510,
Sakura,2024-09-05,520,
Sakura,2024-09-08,535,
Sakura,2024-09-14,540,
Sakura,2024-09-18,545,
Sakura,2024-10-06,550,
Sakura,2024-10-13,545,
Sakura,2024-10-28,550,
Sakura,2024-11-30,545,
Sakura,2024-12-02,540,
Sakura,2024-12-11,545,
Sakura,2024-12-15,550,
Sakura,2024-12-24,560,
Sakura,2024-12-31,570,
Sakura,2025-01-10,580,
Sakura,2025-01-18,585,
Sakura,2025-01-20,595,
Sakura,2025-01-24,630,
Sakura,2025-01-26,645,
Sakura,2025-01-29,655,
Sakura,2025-02-03,670,
Sakura,2025-02-07,680,
Sakura,2025-02-09,695,
Sakura,2025-03-04,700,
Sakura,2025-03-09,720,
Sakura,2025-03-11,735,
Sakura,2025-03-15,750,
Sakura,2025-03-17,770,
Sakura,2025-03-19,780,
Sakura,2025-03-23,795,
Sakura,2025-03-26,790,
Sakura,2025-04-02,785,
Sakura,2025-04-09,780,
Sakura,2025-04-23,770,
Sakura,2025-04-27,775,
Sakura,2025-04-30,780,
Sakura,2025-05-04,785,
Sakura,2025-05-09,790,
Sakura,2025-05-12,795,
Sakura,2025-05-15,800,
Sakura,2025-05-21,805,
Sakura,2025-05-24,810,
Sakura,2025-05-28,825,
Sakura,2025-06-01,835,
Sakura,2025-06-05,845,
Sakura,2025-06-11,850,
Sakura,2025-06-13,860,
Sakura,2025-06-17,855,
Sakura,2025-06-20,850,
Sakura,2025-06-24,840,
Sakura,2025-06-26,850,
Sakura,2025-06-29,860,
Sakura,2025-07-02,870,
Sakura,2025-07-05,880,
Sakura,2025-07-11,890,
Sakura,2025-09-23,895,
Sakura,2025-09-25,905,
Sakura,2025-09-28,920,
Sakura,2025-10-02,930,
Sakura,2025-10-08,940,
Sakura,2025-10-10,945,
Sakura,2025-10-19,940,
Sakura,2025-10-26,940,5
Sakura,2025-10-28,930,
Sakura,2025-11-01,920,
Sakura,2025-11-06,915,
Sakura,2025-11-13,910,
Sakura,2025-11-16,905,
Sakura,2025-11-18,895,
Sakura,2025-11-25,895,5
Sakura,2025-12-04,895,5
Sakura,2025-12-08,895,5
Sakura,2025-12-14,895,5
Sakura,2025-12-21,895,5
Sakura,2025-12-23,895,5
Sakura,2025-12-24,895,5
Sakura,2025-12-26,895,5
Sakura,2025-12-28,895,5
Sakura,2025-12-30,895,5
Sakura,2026-01-08,900,
Sakura,2026-01-09,900,5
Sakura,2026-01-24,900,5
Sakura,2026-02-01,905,
Sakura,2026-02-04,910,
Sakura,2026-02-06,920,
Sakura,2026-02-07,920,5
Sakura,2026-02-08,925,
Sakura,2026-02-10,930,
Sakura,2026-02-13,930,5
Sakura,2026-02-15,940,
Sakura,2026-02-16,955,
Sakura,2026-02-17,960,
Sakura,2026-02-19,965,
Sakura,2026-02-21,970,
Sakura,2026-02-23,975,
Sakura,2026-03-09,980,
Sakura,2026-03-11,985,
Sakura,2026-03-14,995,
Sakura,2026-03-16,1000,
Sakura,2026-03-17,1000,6
Sakura,2026-03-19,1010,
Sakura,2026-03-21,1020,6
Sakura,2026-03-24,1030,
Sakura,2026-03-25,1030,6
Sakura,2026-03-26,1040,
Sakura,2026-03-30,1050,
Sakura,2026-03-31,1060,
Sakura,2026-04-04,1070,
Sakura,2026-04-07,1080,
Sakura,2026-04-11,1090,
Sakura,2026-04-13,1090,5
Sakura,2026-04-19,1090,5
Sakura,2026-04-20,1090,5
Sakura,2026-04-22,1090,5
Sakura,2026-04-24,1090,5
Sakura,2026-04-27,1090,5
Sakura,2026-04-28,1090,5
Sakura,2026-05-02,1090,5
Sakura,2026-05-03,1090,5
Sakura,2026-05-06,1100,
Sakura,2026-05-08,1110,
Sakura,2026-05-09,1110,5
Sakura,2026-05-11,1120,
Sakura,2026-05-12,1120,5
Sakura,2026-05-14,1130,
Sakura,2026-05-17,1140,
Sakura,2026-05-18,1150,
Sakura,2026-05-19,1150,5
Sakura,2026-05-21,1170,
Sakura,2026-05-23,1170,6
Sakura,2026-05-24,1190,6
Sakura,2026-05-25,1205,
Sakura,2026-05-27,1220,
Sakura,2026-05-30,1235,
Sakura,2026-06-03,1245,
Sakura,2026-06-06,1255,
Sakura,2026-06-21,1255,6
Sakura,2026-06-22,1255,6
Sakura,2026-06-23,1255,6
Sakura,2026-06-24,1255,6
Sakura,2026-06-25,1255,6
Sakura,2026-06-26,1255,6
Sakura,2026-06-27,1255,6
Sakura,2026-06-28,1255,6
Sakura,2026-07-02,1255,6
Sakura,2026-07-03,1255,6
Sakura,2026-07-05,1255,6
Sakura,2026-07-06,1255,6
Sakura,2026-07-12,1260,
Sakura,2026-07-14,1260,6
Sakura,2026-07-16,1265,
Sakura,2026-07-17,1265,6
Sakura,2026-07-18,1270,
Sakura,2026-07-21,1280,
Sakura,2026-07-25,1285,
Sakura,2026-07-26,1290,
Sakura,2026-07-27,1295,
Sakura,2026-07-29,1300,
Sakura,2026-07-31,1310,
Sakura,2026-08-03,1320,
Sakura,2026-08-06,1330,
Sakura,2026-08-10,1340,
Sakura,2026-08-12,1350,
Sakura,2026-08-15,1360,
Sakura,2026-09-07,1360,6
Sakura,2026-09-17,1360,6
Sakura,2026-09-18,1360,6
Sakura,2026-09-19,1360,6
Sakura,2026-09-20,1360,6
Sands,2026-07-24,375,
Sands,2026-07-25,300,
Sands,2026-07-26,250,
Sands,2026-07-27,225,
Sands,2026-07-28,175,
Sands,2026-07-29,160,
Sands,2026-07-30,160,3
Sands,2026-07-31,150,
Sands,2026-08-02,150,3
Sands,2026-08-03,150,3
Sands,2026-08-04,150,3
Sands,2026-08-05,150,3
Sands,2026-08-06,150,3
Sands,2026-08-07,150,3
Sands,2026-08-08,150,3
Sands,2026-08-09,150,3
Sands,2026-08-10,150,3
Sands,2026-08-11,150,3
Sands,2026-08-13,145,
Sands,2026-08-14,145,2
Sands,2026-08-15,135,
Sands,2026-08-16,135,2
Sands,2026-08-17,135,2
Sands,2026-08-18,130,
Sands,2026-08-19,130,2
Sands,2026-08-20,120,
Sands,2026-08-21,120,2
Sands,2026-08-22,120,2
Sands,2026-08-23,110,
Sands,2026-08-24,110,2
Sands,2026-08-26,105,
Sands,2026-08-30,105,
Sands,2026-09-02,105,2
Sands,2026-09-03,105,2
Sands,2026-09-04,105,2
Sands,2026-09-05,105,2
Sands,2026-09-06,105,2
Sands,2026-09-07,105,2
Sands,2026-09-12,105,2
Sands,2026-09-17,105,2
Sands,2026-09-18,105,2
Sands,2026-09-19,105,2
Sands,2026-09-20,105,2
Saw,2020-08-26,35,
Saw,2021-07-18,30,
Saw,2021-08-17,25,
Saw,2021-11-22,22,
Saw,2021-12-13,20,
Saw,2022-07-11,18,
Saw,2022-08-27,15,
Saw,2023-06-01,13,
Saw,2023-06-07,12,
Saw,2023-09-01,10,
Saw,2024-03-29,8,
Saw,2024-09-27,7,
Saw,2025-10-26,7,1
Saw,2025-11-25,7,1
Saw,2025-12-04,7,1
Saw,2025-12-08,7,1
Saw,2025-12-14,7,1
Saw,2025-12-21,7,1
Saw,2025-12-23,7,1
Saw,2025-12-24,7,1
Saw,2025-12-26,7,1
Saw,2025-12-28,7,1
Saw,2025-12-30,7,1
Saw,2026-01-09,7,1
Saw,2026-01-24,7,1
Saw,2026-02-07,7,1
Saw,2026-02-13,7,1
Saw,2026-02-19,7,1
Saw,2026-03-17,7,1
Saw,2026-03-21,7,1
Saw,2026-03-25,7,1
Saw,2026-04-13,7,1
Saw,2026-04-19,7,1
Saw,2026-04-20,7,1
Saw,2026-04-22,7,1
Saw,2026-04-24,7,1
Saw,2026-04-27,7,1
Saw,2026-04-28,7,1
Saw,2026-05-02,7,1
Saw,2026-05-03,7,1
Saw,2026-05-06,7,1
Saw,2026-05-09,7,1
Saw,2026-05-11,7,1
Saw,2026-05-12,7,1
Saw,2026-05-14,7,1
Saw,2026-05-17,7,1
Saw,2026-05-19,7,1
Saw,2026-05-21,7,1
Saw,2026-05-23,7,1
Saw,2026-05-24,7,1
Saw,2026-06-21,7,1
Saw,2026-06-22,7,1
Saw,2026-06-23,7,1
Saw,2026-06-24,7,1
Saw,2026-06-25,7,1
Saw,2026-06-26,7,1
Saw,2026-06-27,7,1
Saw,2026-06-28,7,1
Saw,2026-07-02,7,1
Saw,2026-07-03,7,1
Saw,2026-07-05,7,1
Saw,2026-07-06,7,1
Saw,2026-07-12,7,1
Saw,2026-07-14,7,1
Saw,2026-07-17,7,1
Saw,2026-07-25,7,1
Saw,2026-07-27,7,1
Saw,2026-07-28,7,1
Saw,2026-07-30,7,1
Saw,2026-07-31,7,1
Saw,2026-08-02,7,1
Saw,2026-08-03,7,1
Saw,2026-08-04,7,1
Saw,2026-08-05,7,1
Saw,2026-08-06,7,1
Saw,2026-08-07,7,1
Saw,2026-08-08,7,1
Saw,2026-08-09,7,1
Saw,2026-08-10,7,1
Saw,2026-08-11,7,1
Saw,2026-08-13,7,1
Saw,2026-08-14,7,1
Saw,2026-08-15,7,1
Saw,2026-08-16,7,1
Saw,2026-08-17,7,1
Saw,2026-08-18,7,1
Saw,2026-08-19,7,1
Saw,2026-08-20,7,1
Saw,2026-08-21,7,1
Saw,2026-08-22,7,1
Saw,2026-08-24,7,1
Saw,2026-09-02,7,1
Saw,2026-09-03,7,1
Saw,2026-09-04,7,1
Saw,2026-09-05,7,1
Saw,2026-09-06,7,1
Saw,2026-09-07,7,1
Saw,2026-09-12,7,1
Saw,2026-09-17,7,1
Saw,2026-09-18,7,1
Saw,2026-09-19,7,1
Saw,2026-09-20,7,1
Seer,2020-08-26,3,
Seer,2020-10-31,4,
Seer,2021-05-07,5,
Seer,2021-08-17,6,
Seer,2021-11-22,7,
Seer,2022-10-18,8,
Seer,2022-11-06,10,
Seer,2022-11-29,8,
Seer,2022-12-18,7,
Seer,2023-06-07,6,
Seer,2023-08-01,7,
Seer,2023-10-28,6,
Seer,2024-03-29,5,
Seer,2024-04-24,4,
Seer,2024-09-27,3,
Seer,2025-10-26,3,1
Seer,2025-11-25,3,1
Seer,2025-12-04,3,1
Seer,2025-12-08,3,1
Seer,2025-12-14,3,1
Seer,2025-12-21,3,1
Seer,2025-12-23,3,1
Seer,2025-12-24,3,1
Seer,2025-12-26,3,1
Seer,2025-12-28,3,1
Seer,2025-12-30,3,1
Seer,2026-01-09,3,1
Seer,2026-01-24,3,1
Seer,2026-02-07,3,1
Seer,2026-02-13,3,1
Seer,2026-02-19,3,1
Seer,2026-03-17,3,1
Seer,2026-03-21,3,1
Seer,2026-03-25,3,1
Seer,2026-04-13,3,1
Seer,2026-04-19,3,1
Seer,2026-04-20,3,1
Seer,2026-04-22,3,1
Seer,2026-04-24,3,1
Seer,2026-04-27,3,1
Seer,2026-04-28,3,1
Seer,2026-05-02,3,1
Seer,2026-05-03,3,1
Seer,2026-05-06,3,1
Seer,2026-05-09,3,1
Seer,2026-05-11,3,1
Seer,2026-05-12,3,1
Seer,2026-05-14,3,1
Seer,2026-05-17,3,1
Seer,2026-05-19,3,1
Seer,2026-05-21,3,1
Seer,2026-05-23,3,1
Seer,2026-05-24,3,1
Seer,2026-06-21,3,1
Seer,2026-06-22,3,1
Seer,2026-06-23,3,1
Seer,2026-06-24,3,1
Seer,2026-06-25,3,1
Seer,2026-06-26,3,1
Seer,2026-06-27,3,1
Seer,2026-06-28,3,1
Seer,2026-07-02,3,1
Seer,2026-07-03,3,1
Seer,2026-07-05,3,1
Seer,2026-07-06,3,1
Seer,2026-07-12,3,1
Seer,2026-07-14,3,1
Seer,2026-07-17,3,1
Seer,2026-07-25,3,1
Seer,2026-07-27,3,1
Seer,2026-07-28,3,1
Seer,2026-07-30,3,1
Seer,2026-07-31,3,1
Seer,2026-08-02,3,1
Seer,2026-08-03,3,1
Seer,2026-08-04,3,1
Seer,2026-08-05,3,1
Seer,2026-08-06,3,1
Seer,2026-08-07,3,1
Seer,2026-08-08,3,1
Seer,2026-08-09,3,1
Seer,2026-08-10,3,1
Seer,2026-08-11,3,1
Seer,2026-08-13,3,1
Seer,2026-08-14,3,1
Seer,2026-08-15,3,1
Seer,2026-08-16,3,1
Seer,2026-08-17,3,1
Seer,2026-08-18,3,1
Seer,2026-08-19,3,1
Seer,2026-08-20,3,1
Seer,2026-08-21,3,1
Seer,2026-08-22,3,1
Seer,2026-08-24,3,1
Seer,2026-09-02,3,1
Seer,2026-09-03,3,1
Seer,2026-09-04,3,1
Seer,2026-09-05,3,1
Seer,2026-09-06,3,1
Seer,2026-09-07,3,1
Seer,2026-09-12,3,1
Seer,2026-09-17,3,1
Seer,2026-09-18,3,1
Seer,2026-09-19,3,1
Seer,2026-09-20,3,1
Shark,2020-08-26,40,
Shark,2021-06-28,45,
Shark,2021-08-17,50,
Shark,2021-11-22,55,
Shark,2022-08-04,60,
Shark,2022-08-11,65,
Shark,2022-08-27,70,
Shark,2022-08-30,75,
Shark,2022-10-29,70,
Shark,2022-11-06,65,
Shark,2022-11-21,60,
Shark,2022-12-07,55,
Shark,2022-12-20,50,
Shark,2023-06-01,45,
Shark,2023-07-11,42,
Shark,2023-10-15,40,
Shark,2023-10-26,38,
Shark,2024-01-02,35,
Shark,2024-03-29,30,
Shark,2025-01-15,28,
Shark,2025-04-13,27,
Shark,2025-09-18,25,
Shark,2025-10-02,23,
Shark,2025-10-26,23,2
Shark,2025-11-25,23,2
Shark,2025-12-04,23,2
Shark,2025-12-08,23,2
Shark,2025-12-14,23,2
Shark,2025-12-21,23,2
Shark,2025-12-23,23,2
Shark,2025-12-24,23,2
Shark,2025-12-26,23,2
Shark,2025-12-28,23,2
Shark,2025-12-30,23,2
Shark,2026-01-09,23,2
Shark,2026-01-24,23,2
Shark,2026-02-07,23,2
Shark,2026-02-13,23,2
Shark,2026-02-19,23,2
Shark,2026-03-17,23,2
Shark,2026-03-21,23,2
Shark,2026-03-25,23,2
Shark,2026-04-13,23,2
Shark,2026-04-19,23,2
Shark,2026-04-20,23,2
Shark,2026-04-22,23,2
Shark,2026-04-24,23,2
Shark,2026-04-27,23,2
Shark,2026-04-28,23,2
Shark,2026-05-02,23,2
Shark,2026-05-03,23,2
Shark,2026-05-06,23,2
Shark,2026-05-09,23,2
Shark,2026-05-11,23,2
Shark,2026-05-12,23,2
Shark,2026-05-14,23,2
Shark,2026-05-17,23,2
Shark,2026-05-19,23,2
Shark,2026-05-21,23,2
Shark,2026-05-23,23,2
Shark,2026-05-24,20,1
Shark,2026-06-21,20,1
Shark,2026-06-22,20,1
Shark,2026-06-23,20,1
Shark,2026-06-24,20,1
Shark,2026-06-25,20,1
Shark,2026-06-26,20,1
Shark,2026-06-27,20,1
Shark,2026-06-28,20,1
Shark,2026-07-02,20,1
Shark,2026-07-03,20,1
Shark,2026-07-05,20,1
Shark,2026-07-06,20,1
Shark,2026-07-12,20,1
Shark,2026-07-14,20,1
Shark,2026-07-17,20,1
Shark,2026-07-25,20,1
Shark,2026-07-27,20,1
Shark,2026-07-28,20,1
Shark,2026-07-30,20,1
Shark,2026-07-31,20,1
Shark,2026-08-02,20,1
Shark,2026-08-03,20,1
Shark,2026-08-04,20,1
Shark,2026-08-05,20,1
Shark,2026-08-06,20,1
Shark,2026-08-07,20,1
Shark,2026-08-08,20,1
Shark,2026-08-09,20,1
Shark,2026-08-10,20,1
Shark,2026-08-11,20,1
Shark,2026-08-13,20,1
Shark,2026-08-14,20,1
Shark,2026-08-15,20,1
Shark,2026-08-16,20,1
Shark,2026-08-17,20,1
Shark,2026-08-18,20,1
Shark,2026-08-19,20,1
Shark,2026-08-20,20,1
Shark,2026-08-21,20,1
Shark,2026-08-22,20,1
Shark,2026-08-24,20,1
Shark,2026-09-02,20,1
Shark,2026-09-03,20,1
Shark,2026-09-04,20,1
Shark,2026-09-05,20,1
Shark,2026-09-06,20,1
Shark,2026-09-07,20,1
Shark,2026-09-12,20,1
Shark,2026-09-17,20,1
Shark,2026-09-18,20,1
Shark,2026-09-19,20,1
Shark,2026-09-20,20,1
Slasher,2020-08-26,45,
Slasher,2021-01-26,50,
Slasher,2021-03-20,48,
Slasher,2021-04-26,45,
Slasher,2021-07-18,40,
Slasher,2021-07-27,43,
Slasher,2021-10-02,45,
Slasher,2021-11-22,50,
Slasher,2022-08-27,55,
Slasher,2022-08-30,60,
Slasher,2022-09-11,65,
Slasher,2022-10-18,70,
Slasher,2022-11-21,65,
Slasher,2022-12-04,60,
Slasher,2022-12-07,55,
Slasher,2022-12-17,50,
Slasher,2023-01-08,45,
Slasher,2023-06-01,40,
Slasher,2023-06-07,38,
Slasher,2023-06-30,35,
Slasher,2023-10-26,32,
Slasher,2024-01-02,30,
Slasher,2024-03-29,28,
Slasher,2024-04-24,25,
Slasher,2024-09-23,23,
Slasher,2025-05-04,22,
Slasher,2025-09-17,20,
Slasher,2025-10-26,20,2
Slasher,2025-11-25,20,2
Slasher,2025-12-04,20,2
Slasher,2025-12-08,20,2
Slasher,2025-12-14,20,2
Slasher,2025-12-21,20,2
Slasher,2025-12-23,20,2
Slasher,2025-12-24,20,2
Slasher,2025-12-26,20,2
Slasher,2025-12-28,20,2
Slasher,2025-12-30,20,2
Slasher,2026-01-09,20,2
Slasher,2026-01-24,20,2
Slasher,2026-02-07,20,2
Slasher,2026-02-13,20,2
Slasher,2026-02-19,20,2
Slasher,2026-03-14,18,
Slasher,2026-03-17,18,2
Slasher,2026-03-21,18,2
Slasher,2026-03-25,18,2
Slasher,2026-04-13,18,2
Slasher,2026-04-19,18,2
Slasher,2026-04-20,18,2
Slasher,2026-04-22,18,2
Slasher,2026-04-24,18,2
Slasher,2026-04-27,18,2
Slasher,2026-04-28,18,2
Slasher,2026-05-02,18,2
Slasher,2026-05-03,18,2
Slasher,2026-05-06,18,2
Slasher,2026-05-09,18,2
Slasher,2026-05-11,18,2
Slasher,2026-05-12,18,2
Slasher,2026-05-14,18,2
Slasher,2026-05-17,18,2
Slasher,2026-05-19,18,2
Slasher,2026-05-21,18,2
Slasher,2026-05-23,18,2
Slasher,2026-05-24,17,1
Slasher,2026-06-21,17,1
Slasher,2026-06-22,17,1
Slasher,2026-06-23,17,1
Slasher,2026-06-24,17,1
Slasher,2026-06-25,17,1
Slasher,2026-06-26,17,1
Slasher,2026-06-27,17,1
Slasher,2026-06-28,17,1
Slasher,2026-07-02,17,1
Slasher,2026-07-03,17,1
Slasher,2026-07-05,17,1
Slasher,2026-07-06,17,1
Slasher,2026-07-12,15,
Slasher,2026-07-14,15,1
Slasher,2026-07-17,15,1
Slasher,2026-07-25,15,1
Slasher,2026-07-27,15,1
Slasher,2026-07-28,15,1
Slasher,2026-07-30,15,1
Slasher,2026-07-31,15,1
Slasher,2026-08-02,15,1
Slasher,2026-08-03,15,1
Slasher,2026-08-04,15,1
Slasher,2026-08-05,15,1
Slasher,2026-08-06,15,1
Slasher,2026-08-07,15,1
Slasher,2026-08-08,15,1
Slasher,2026-08-09,15,1
Slasher,2026-08-10,15,1
Slasher,2026-08-11,15,1
Slasher,2026-08-13,15,1
Slasher,2026-08-14,15,1
Slasher,2026-08-15,15,1
Slasher,2026-08-16,15,1
Slasher,2026-08-17,15,1
Slasher,2026-08-18,15,1
Slasher,2026-08-19,15,1
Slasher,2026-08-20,15,1
Slasher,2026-08-21,15,1
Slasher,2026-08-22,15,1
Slasher,2026-08-24,15,1
Slasher,2026-09-02,15,1
Slasher,2026-09-03,15,1
Slasher,2026-09-04,15,1
Slasher,2026-09-05,15,1
Slasher,2026-09-06,15,1
Slasher,2026-09-07,15,1
Slasher,2026-09-12,15,1
Slasher,2026-09-17,15,1
Slasher,2026-09-18,15,1
Slasher,2026-09-19,15,1
Slasher,2026-09-20,15,1
Snow Dagger,2025-12-15,800,
Snow Dagger,2025-12-17,600,
Snow Dagger,2025-12-18,450,
Snow Dagger,2025-12-19,350,
Snow Dagger,2025-12-21,275,
Snow Dagger,2025-12-23,275,3
Snow Dagger,2025-12-24,240,
Snow Dagger,2025-12-26,240,3
Snow Dagger,2025-12-27,215,
Snow Dagger,2025-12-28,200,
Snow Dagger,2025-12-29,185,
Snow Dagger,2025-12-30,185,3
Snow Dagger,2026-01-01,180,
Snow Dagger,2026-01-04,170,
Snow Dagger,2026-01-06,160,
Snow Dagger,2026-01-09,160,3
Snow Dagger,2026-01-11,200,
Snow Dagger,2026-01-14,260,
Snow Dagger,2026-01-16,300,
Snow Dagger,2026-01-18,325,
Snow Dagger,2026-01-20,300,
Snow Dagger,2026-01-22,275,
Snow Dagger,2026-01-24,250,
Snow Dagger,2026-01-27,240,
Snow Dagger,2026-01-31,250,
Snow Dagger,2026-02-01,240,
Snow Dagger,2026-02-04,235,
Snow Dagger,2026-02-06,225,
Snow Dagger,2026-02-07,225,4
Snow Dagger,2026-02-08,220,
Snow Dagger,2026-02-13,220,4
Snow Dagger,2026-02-19,220,4
Snow Dagger,2026-03-01,215,
Snow Dagger,2026-03-14,210,
Snow Dagger,2026-03-16,205,
Snow Dagger,2026-03-17,205,3
Snow Dagger,2026-03-19,200,
Snow Dagger,2026-03-21,195,3
Snow Dagger,2026-03-24,190,
Snow Dagger,2026-03-25,190,3
Snow Dagger,2026-03-26,185,
Snow Dagger,2026-04-13,185,3
Snow Dagger,2026-04-19,185,3
Snow Dagger,2026-04-20,185,3
Snow Dagger,2026-04-22,185,3
Snow Dagger,2026-04-24,185,3
Snow Dagger,2026-04-26,195,
Snow Dagger,2026-04-27,195,4
Snow Dagger,2026-04-28,210,
Snow Dagger,2026-05-01,225,
Snow Dagger,2026-05-02,225,4
Snow Dagger,2026-05-03,250,
Snow Dagger,2026-05-06,260,
Snow Dagger,2026-05-09,260,4
Snow Dagger,2026-05-11,260,4
Snow Dagger,2026-05-12,260,4
Snow Dagger,2026-05-14,260,4
Snow Dagger,2026-05-17,260,4
Snow Dagger,2026-05-19,260,4
Snow Dagger,2026-05-21,260,4
Snow Dagger,2026-05-23,260,4
Snow Dagger,2026-05-24,260,4
Snow Dagger,2026-06-12,250,
Snow Dagger,2026-06-14,240,
Snow Dagger,2026-06-17,230,
Snow Dagger,2026-06-21,230,3
Snow Dagger,2026-06-22,230,3
Snow Dagger,2026-06-23,230,3
Snow Dagger,2026-06-24,230,3
Snow Dagger,2026-06-25,230,3
Snow Dagger,2026-06-26,230,3
Snow Dagger,2026-06-27,240,
Snow Dagger,2026-06-28,240,3
Snow Dagger,2026-06-29,250,
Snow Dagger,2026-07-02,250,3
Snow Dagger,2026-07-03,255,
Snow Dagger,2026-07-05,260,
Snow Dagger,2026-07-06,260,4
Snow Dagger,2026-07-12,260,4
Snow Dagger,2026-07-14,260,4
Snow Dagger,2026-07-17,260,4
Snow Dagger,2026-07-21,255,
Snow Dagger,2026-07-25,255,4
Snow Dagger,2026-07-27,255,4
Snow Dagger,2026-07-28,255,4
Snow Dagger,2026-07-30,255,4
Snow Dagger,2026-07-31,250,
Snow Dagger,2026-08-02,250,4
Snow Dagger,2026-08-03,250,3
Snow Dagger,2026-08-04,250,3
Snow Dagger,2026-08-05,250,3
Snow Dagger,2026-08-06,250,3
Snow Dagger,2026-08-07,250,3
Snow Dagger,2026-08-08,250,3
Snow Dagger,2026-08-09,250,3
Snow Dagger,2026-08-10,250,3
Snow Dagger,2026-08-11,250,3
Snow Dagger,2026-08-13,250,3
Snow Dagger,2026-08-14,250,3
Snow Dagger,2026-08-15,250,3
Snow Dagger,2026-08-16,250,3
Snow Dagger,2026-08-17,250,3
Snow Dagger,2026-08-18,250,3
Snow Dagger,2026-08-19,250,3
Snow Dagger,2026-08-20,245,
Snow Dagger,2026-08-21,245,3
Snow Dagger,2026-08-22,245,3
Snow Dagger,2026-08-23,240,
Snow Dagger,2026-08-24,240,3
Snow Dagger,2026-08-26,230,
Snow Dagger,2026-08-28,220,
Snow Dagger,2026-08-30,210,
Snow Dagger,2026-09-01,200,
Snow Dagger,2026-09-02,195,
Snow Dagger,2026-09-03,195,3
Snow Dagger,2026-09-04,185,
Snow Dagger,2026-09-05,185,3
Snow Dagger,2026-09-06,185,3
Snow Dagger,2026-09-07,185,3
Snow Dagger,2026-09-12,175,3
Snow Dagger,2026-09-17,175,3
Snow Dagger,2026-09-18,175,3
Snow Dagger,2026-09-19,175,3
Snow Dagger,2026-09-20,175,3
Snowcannon,2025-12-15,1800,
Snowcannon,2025-12-19,1900,
Snowcannon,2025-12-21,1900,7
Snowcannon,2025-12-23,1900,7
Snowcannon,2025-12-24,1750,
Snowcannon,2025-12-26,1000,
Snowcannon,2025-12-27,700,
Snowcannon,2025-12-28,500,
Snowcannon,2025-12-29,425,
Snowcannon,2025-12-30,425,4
Snowcannon,2026-01-01,350,
Snowcannon,2026-01-04,300,
Snowcannon,2026-01-06,275,
Snowcannon,2026-01-08,250,
Snowcannon,2026-01-09,250,4
Snowcannon,2026-01-11,245,
Snowcannon,2026-01-14,260,
Snowcannon,2026-01-16,280,
Snowcannon,2026-01-24,280,4
Snowcannon,2026-02-07,280,4
Snowcannon,2026-02-08,270,
Snowcannon,2026-02-13,270,4
Snowcannon,2026-02-15,275,
Snowcannon,2026-02-16,280,
Snowcannon,2026-02-17,300,
Snowcannon,2026-02-19,325,
Snowcannon,2026-02-21,350,
Snowcannon,2026-02-25,325,
Snowcannon,2026-03-17,325,4
Snowcannon,2026-03-19,350,
Snowcannon,2026-03-21,375,5
Snowcannon,2026-03-24,400,
Snowcannon,2026-03-25,400,5
Snowcannon,2026-03-26,450,
Snowcannon,2026-03-30,500,
Snowcannon,2026-03-31,550,
Snowcannon,2026-04-11,575,
Snowcannon,2026-04-13,600,
Snowcannon,2026-04-16,625,
Snowcannon,2026-04-19,625,5
Snowcannon,2026-04-20,625,5
Snowcannon,2026-04-21,650,
Snowcannon,2026-04-22,650,5
Snowcannon,2026-04-23,675,
Snowcannon,2026-04-24,675,5
Snowcannon,2026-04-26,750,
Snowcannon,2026-04-27,750,6
Snowcannon,2026-04-28,800,
Snowcannon,2026-05-01,825,
Snowcannon,2026-05-02,825,6
Snowcannon,2026-05-03,850,
Snowcannon,2026-05-06,875,
Snowcannon,2026-05-08,900,
Snowcannon,2026-05-09,900,6
Snowcannon,2026-05-11,925,
Snowcannon,2026-05-12,925,6
Snowcannon,2026-05-14,925,5
Snowcannon,2026-05-17,925,5
Snowcannon,2026-05-19,925,5
Snowcannon,2026-05-21,925,5
Snowcannon,2026-05-23,925,5
Snowcannon,2026-05-24,925,5
Snowcannon,2026-05-25,950,
Snowcannon,2026-05-30,925,
Snowcannon,2026-06-03,900,
Snowcannon,2026-06-06,875,
Snowcannon,2026-06-07,850,
Snowcannon,2026-06-10,800,
Snowcannon,2026-06-12,750,
Snowcannon,2026-06-14,725,
Snowcannon,2026-06-17,700,
Snowcannon,2026-06-19,725,
Snowcannon,2026-06-21,725,5
Snowcannon,2026-06-22,750,
Snowcannon,2026-06-23,750,5
Snowcannon,2026-06-24,800,
Snowcannon,2026-06-25,800,5
Snowcannon,2026-06-26,800,5
Snowcannon,2026-06-27,825,
Snowcannon,2026-06-28,825,5
Snowcannon,2026-07-02,825,5
Snowcannon,2026-07-03,825,5
Snowcannon,2026-07-05,825,5
Snowcannon,2026-07-06,825,5
Snowcannon,2026-07-12,825,5
Snowcannon,2026-07-13,850,
Snowcannon,2026-07-14,850,5
Snowcannon,2026-07-17,850,5
Snowcannon,2026-08-28,825,
Snowcannon,2026-08-30,775,
Snowcannon,2026-09-01,750,
Snowcannon,2026-09-02,725,
Snowcannon,2026-09-04,700,
Snowcannon,2026-09-07,700,5
Snowcannon,2026-09-17,675,5
Snowcannon,2026-09-18,675,5
Snowcannon,2026-09-19,675,5
Snowcannon,2026-09-20,675,5
Snowflake,2020-08-26,15,
Snowflake,2020-10-31,18,
Snowflake,2021-11-22,15,
Snowflake,2023-09-16,13,
Snowflake,2023-11-01,12,
Snowflake,2024-01-26,10,
Snowflake,2024-03-29,8,
Snowflake,2025-01-18,7,
Snowflake,2025-09-17,5,
Snowflake,2025-10-26,5,1
Snowflake,2025-11-25,5,1
Snowflake,2025-12-04,5,1
Snowflake,2025-12-08,5,1
Snowflake,2025-12-14,5,1
Snowflake,2025-12-21,5,1
Snowflake,2025-12-23,5,1
Snowflake,2025-12-24,5,1
Snowflake,2025-12-26,5,1
Snowflake,2025-12-28,5,1
Snowflake,2025-12-30,5,1
Snowflake,2026-01-09,5,1
Snowflake,2026-01-24,5,1
Snowflake,2026-02-07,5,1
Snowflake,2026-02-13,5,1
Snowflake,2026-02-19,5,1
Snowflake,2026-03-17,5,1
Snowflake,2026-03-21,5,1
Snowflake,2026-03-25,5,1
Snowflake,2026-04-13,5,1
Snowflake,2026-04-19,5,1
Snowflake,2026-04-20,5,1
Snowflake,2026-04-22,5,1
Snowflake,2026-04-24,5,1
Snowflake,2026-04-27,5,1
Snowflake,2026-04-28,5,1
Snowflake,2026-05-02,5,1
Snowflake,2026-05-03,5,1
Snowflake,2026-05-06,5,1
Snowflake,2026-05-09,5,1
Snowflake,2026-05-11,5,1
Snowflake,2026-05-12,5,1
Snowflake,2026-05-14,5,1
Snowflake,2026-05-17,5,1
Snowflake,2026-05-19,5,1
Snowflake,2026-05-21,5,1
Snowflake,2026-05-23,5,1
Snowflake,2026-05-24,5,1
Snowflake,2026-06-21,5,1
Snowflake,2026-06-22,5,1
Snowflake,2026-06-23,5,1
Snowflake,2026-06-24,5,1
Snowflake,2026-06-25,5,1
Snowflake,2026-06-26,5,1
Snowflake,2026-06-27,5,1
Snowflake,2026-06-28,5,1
Snowflake,2026-07-02,5,1
Snowflake,2026-07-03,5,1
Snowflake,2026-07-05,5,1
Snowflake,2026-07-06,5,1
Snowflake,2026-07-12,5,1
Snowflake,2026-07-14,5,1
Snowflake,2026-07-17,5,1
Snowflake,2026-07-25,5,1
Snowflake,2026-07-27,5,1
Snowflake,2026-07-28,5,1
Snowflake,2026-07-30,5,1
Snowflake,2026-07-31,5,1
Snowflake,2026-08-02,5,1
Snowflake,2026-08-03,5,1
Snowflake,2026-08-04,5,1
Snowflake,2026-08-05,5,1
Snowflake,2026-08-06,5,1
Snowflake,2026-08-07,5,1
Snowflake,2026-08-08,5,1
Snowflake,2026-08-09,5,1
Snowflake,2026-08-10,5,1
Snowflake,2026-08-11,5,1
Snowflake,2026-08-13,5,1
Snowflake,2026-08-14,5,1
Snowflake,2026-08-15,5,1
Snowflake,2026-08-16,5,1
Snowflake,2026-08-17,5,1
Snowflake,2026-08-18,5,1
Snowflake,2026-08-19,5,1
Snowflake,2026-08-20,5,1
Snowflake,2026-08-21,5,1
Snowflake,2026-08-22,5,1
Snowflake,2026-08-24,5,1
Snowflake,2026-09-02,5,1
Snowflake,2026-09-03,5,1
Snowflake,2026-09-04,5,1
Snowflake,2026-09-05,5,1
Snowflake,2026-09-06,5,1
Snowflake,2026-09-07,5,1
Snowflake,2026-09-12,5,1
Snowflake,2026-09-17,5,1
Snowflake,2026-09-18,5,1
Snowflake,2026-09-19,5,1
Snowflake,2026-09-20,5,1
Snowstorm,2025-12-15,400,
Snowstorm,2025-12-17,375,
Snowstorm,2025-12-21,350,
Snowstorm,2025-12-23,350,5
Snowstorm,2025-12-24,325,
Snowstorm,2025-12-26,300,
Snowstorm,2025-12-27,275,
Snowstorm,2025-12-28,250,
Snowstorm,2025-12-29,225,
Snowstorm,2025-12-30,225,4
Snowstorm,2026-01-01,200,
Snowstorm,2026-01-04,175,
Snowstorm,2026-01-06,160,
Snowstorm,2026-01-08,150,
Snowstorm,2026-01-09,150,4
Snowstorm,2026-01-16,155,
Snowstorm,2026-01-20,165,
Snowstorm,2026-01-22,170,
Snowstorm,2026-01-24,175,
Snowstorm,2026-01-27,170,
Snowstorm,2026-01-28,165,
Snowstorm,2026-01-31,160,
Snowstorm,2026-02-01,155,
Snowstorm,2026-02-07,155,4
Snowstorm,2026-02-13,155,4
Snowstorm,2026-02-19,155,4
Snowstorm,2026-03-04,150,
Snowstorm,2026-03-17,150,3
Snowstorm,2026-03-21,150,3
Snowstorm,2026-03-25,150,3
Snowstorm,2026-04-13,150,3
Snowstorm,2026-04-19,150,3
Snowstorm,2026-04-20,150,3
Snowstorm,2026-04-22,150,3
Snowstorm,2026-04-24,150,3
Snowstorm,2026-04-27,150,3
Snowstorm,2026-04-28,150,3
Snowstorm,2026-05-02,150,3
Snowstorm,2026-05-03,150,3
Snowstorm,2026-05-06,155,
Snowstorm,2026-05-09,155,3
Snowstorm,2026-05-11,155,3
Snowstorm,2026-05-12,155,3
Snowstorm,2026-05-14,155,3
Snowstorm,2026-05-17,155,3
Snowstorm,2026-05-19,155,3
Snowstorm,2026-05-21,155,3
Snowstorm,2026-05-23,155,3
Snowstorm,2026-05-24,160,3
Snowstorm,2026-05-25,165,
Snowstorm,2026-05-27,170,
Snowstorm,2026-05-30,175,
Snowstorm,2026-06-10,185,
Snowstorm,2026-06-12,195,
Snowstorm,2026-06-14,205,
Snowstorm,2026-06-17,215,
Snowstorm,2026-06-19,235,
Snowstorm,2026-06-21,235,4
Snowstorm,2026-06-22,250,
Snowstorm,2026-06-23,250,4
Snowstorm,2026-06-24,250,4
Snowstorm,2026-06-25,250,4
Snowstorm,2026-06-26,250,4
Snowstorm,2026-06-27,250,4
Snowstorm,2026-06-28,250,4
Snowstorm,2026-07-02,250,4
Snowstorm,2026-07-03,250,4
Snowstorm,2026-07-05,250,4
Snowstorm,2026-07-06,250,4
Snowstorm,2026-07-12,250,4
Snowstorm,2026-07-14,250,4
Snowstorm,2026-07-16,255,
Snowstorm,2026-07-17,255,4
Snowstorm,2026-07-18,260,
Snowstorm,2026-07-25,260,4
Snowstorm,2026-07-27,260,4
Snowstorm,2026-07-28,260,4
Snowstorm,2026-07-30,260,4
Snowstorm,2026-07-31,260,4
Snowstorm,2026-08-02,260,4
Snowstorm,2026-08-03,260,4
Snowstorm,2026-08-04,260,4
Snowstorm,2026-08-05,260,4
Snowstorm,2026-08-06,260,4
Snowstorm,2026-08-07,260,4
Snowstorm,2026-08-08,260,4
Snowstorm,2026-08-09,260,4
Snowstorm,2026-08-10,260,4
Snowstorm,2026-08-11,260,4
Snowstorm,2026-08-13,260,4
Snowstorm,2026-08-14,260,4
Snowstorm,2026-08-15,260,4
Snowstorm,2026-08-16,260,4
Snowstorm,2026-08-17,260,4
Snowstorm,2026-08-18,260,4
Snowstorm,2026-08-19,260,4
Snowstorm,2026-08-20,260,4
Snowstorm,2026-08-21,260,4
Snowstorm,2026-08-22,260,4
Snowstorm,2026-08-24,260,4
Snowstorm,2026-09-02,260,4
Snowstorm,2026-09-03,260,4
Snowstorm,2026-09-04,260,4
Snowstorm,2026-09-05,260,4
Snowstorm,2026-09-06,260,4
Snowstorm,2026-09-07,260,4
Snowstorm,2026-09-09,280,
Snowstorm,2026-09-12,290,
Snowstorm,2026-09-13,300,
Snowstorm,2026-09-15,305,
Snowstorm,2026-09-16,310,
Snowstorm,2026-09-17,310,5
Snowstorm,2026-09-18,310,5
Snowstorm,2026-09-19,310,4
Snowstorm,2026-09-20,310,4
Soul,2024-10-18,450,
Soul,2024-10-20,400,
Soul,2024-10-23,275,
Soul,2024-10-26,200,
Soul,2024-10-28,175,
Soul,2024-10-30,170,
Soul,2024-11-02,160,
Soul,2024-11-03,155,
Soul,2024-11-08,150,
Soul,2024-11-10,145,
Soul,2024-11-18,150,
Soul,2024-11-24,155,
Soul,2024-11-30,160,
Soul,2024-12-02,165,
Soul,2024-12-06,170,
Soul,2024-12-08,175,
Soul,2024-12-11,180,
Soul,2024-12-15,170,
Soul,2024-12-20,160,
Soul,2024-12-23,155,
Soul,2025-01-03,145,
Soul,2025-02-07,140,
Soul,2025-02-12,135,
Soul,2025-02-22,130,
Soul,2025-04-13,135,
Soul,2025-04-20,140,
Soul,2025-04-23,145,
Soul,2025-05-12,150,
Soul,2025-06-24,155,
Soul,2025-06-26,160,
Soul,2025-06-29,165,
Soul,2025-07-02,170,
Soul,2025-07-05,175,
Soul,2025-07-11,180,
Soul,2025-07-14,185,
Soul,2025-07-19,190,
Soul,2025-07-21,195,
Soul,2025-07-24,190,
Soul,2025-07-28,185,
Soul,2025-08-01,180,
Soul,2025-08-03,175,
Soul,2025-08-19,180,
Soul,2025-08-22,185,
Soul,2025-08-26,190,
Soul,2025-08-30,200,
Soul,2025-09-03,210,
Soul,2025-09-05,215,
Soul,2025-09-09,220,
Soul,2025-09-17,215,
Soul,2025-09-28,220,
Soul,2025-10-08,225,
Soul,2025-10-15,235,
Soul,2025-10-19,240,
Soul,2025-10-21,255,
Soul,2025-10-23,265,
Soul,2025-10-26,265,5
Soul,2025-10-28,275,
Soul,2025-11-01,285,
Soul,2025-11-04,290,
Soul,2025-11-06,300,
Soul,2025-11-11,295,
Soul,2025-11-13,285,
Soul,2025-11-16,275,
Soul,2025-11-18,270,
Soul,2025-11-20,265,
Soul,2025-11-25,265,4
Soul,2025-11-30,270,
Soul,2025-12-04,270,4
Soul,2025-12-08,270,4
Soul,2025-12-14,270,4
Soul,2025-12-21,270,4
Soul,2025-12-23,270,4
Soul,2025-12-24,270,4
Soul,2025-12-26,270,4
Soul,2025-12-28,270,4
Soul,2025-12-30,270,4
Soul,2026-01-09,270,4
Soul,2026-01-24,270,4
Soul,2026-02-04,275,
Soul,2026-02-06,280,
Soul,2026-02-07,280,4
Soul,2026-02-08,290,
Soul,2026-02-10,295,
Soul,2026-02-13,295,4
Soul,2026-02-15,300,
Soul,2026-02-19,305,4
Soul,2026-03-04,310,
Soul,2026-03-17,310,4
Soul,2026-03-21,310,4
Soul,2026-03-25,310,4
Soul,2026-04-13,315,
Soul,2026-04-18,320,
Soul,2026-04-19,320,4
Soul,2026-04-20,320,4
Soul,2026-04-21,325,
Soul,2026-04-22,325,4
Soul,2026-04-23,330,
Soul,2026-04-24,330,4
Soul,2026-04-26,335,
Soul,2026-04-27,335,4
Soul,2026-04-28,340,
Soul,2026-05-01,345,
Soul,2026-05-02,345,4
Soul,2026-05-03,345,4
Soul,2026-05-06,345,4
Soul,2026-05-09,345,4
Soul,2026-05-11,350,
Soul,2026-05-12,350,4
Soul,2026-05-14,355,
Soul,2026-05-17,365,
Soul,2026-05-18,370,
Soul,2026-05-19,370,4
Soul,2026-05-21,380,
Soul,2026-05-23,380,4
Soul,2026-05-24,400,5
Soul,2026-05-25,425,
Soul,2026-05-27,445,
Soul,2026-05-30,460,
Soul,2026-06-03,475,
Soul,2026-06-06,485,
Soul,2026-06-07,500,
Soul,2026-06-21,500,5
Soul,2026-06-22,500,5
Soul,2026-06-23,500,5
Soul,2026-06-24,500,5
Soul,2026-06-25,500,5
Soul,2026-06-26,500,5
Soul,2026-06-27,500,5
Soul,2026-06-28,500,5
Soul,2026-07-02,500,5
Soul,2026-07-03,515,
Soul,2026-07-05,525,
Soul,2026-07-06,525,5
Soul,2026-07-07,530,
Soul,2026-07-12,535,
Soul,2026-07-13,540,
Soul,2026-07-14,540,5
Soul,2026-07-16,545,
Soul,2026-07-17,545,5
Soul,2026-07-18,555,
Soul,2026-07-21,570,
Soul,2026-07-24,580,
Soul,2026-07-25,590,
Soul,2026-07-26,600,
Soul,2026-07-27,605,
Soul,2026-07-28,610,
Soul,2026-07-29,615,
Soul,2026-09-01,625,
Soul,2026-09-02,630,
Soul,2026-09-04,640,
Soul,2026-09-07,640,5
Soul,2026-09-09,655,
Soul,2026-09-17,655,5
Soul,2026-09-18,655,5
Soul,2026-09-19,655,5
Soul,2026-09-20,655,5
Spectre,2022-10-18,225,
Spectre,2022-10-22,275,
Spectre,2022-10-30,290,
Spectre,2022-11-06,300,
Spectre,2022-11-29,280,
Spectre,2022-12-02,270,
Spectre,2022-12-04,260,
Spectre,2022-12-07,250,
Spectre,2022-12-08,240,
Spectre,2022-12-12,220,
Spectre,2022-12-13,200,
Spectre,2023-01-10,205,
Spectre,2023-01-14,210,
Spectre,2023-01-16,225,
Spectre,2023-01-17,230,
Spectre,2023-01-20,235,
Spectre,2023-02-05,240,
Spectre,2023-02-19,250,
Spectre,2023-02-25,260,
Spectre,2023-02-27,270,
Spectre,2023-03-03,275,
Spectre,2023-03-12,280,
Spectre,2023-04-18,275,
Spectre,2023-04-21,270,
Spectre,2023-04-27,265,
Spectre,2023-05-08,255,
Spectre,2023-05-10,250,
Spectre,2023-06-12,255,
Spectre,2023-06-21,265,
Spectre,2023-06-25,275,
Spectre,2023-06-26,280,
Spectre,2023-06-30,285,
Spectre,2023-07-03,290,
Spectre,2023-07-06,300,
Spectre,2023-07-09,305,
Spectre,2023-07-11,310,
Spectre,2023-07-15,320,
Spectre,2023-07-19,330,
Spectre,2023-07-23,340,
Spectre,2023-07-24,345,
Spectre,2023-07-27,350,
Spectre,2023-08-02,340,
Spectre,2023-08-05,330,
Spectre,2023-08-07,325,
Spectre,2023-08-12,300,
Spectre,2023-08-24,285,
Spectre,2023-08-25,275,
Spectre,2023-09-05,285,
Spectre,2023-09-06,290,
Spectre,2023-09-08,295,
Spectre,2023-09-09,300,
Spectre,2023-09-11,310,
Spectre,2023-09-16,315,
Spectre,2023-09-18,320,
Spectre,2023-09-20,325,
Spectre,2023-09-25,330,
Spectre,2023-09-28,335,
Spectre,2023-10-01,330,
Spectre,2023-10-05,325,
Spectre,2023-10-07,320,
Spectre,2023-10-08,315,
Spectre,2023-10-11,310,
Spectre,2023-10-15,300,
Spectre,2023-10-16,295,
Spectre,2023-10-21,290,
Spectre,2023-10-23,280,
Spectre,2023-10-24,275,
Spectre,2023-10-26,260,
Spectre,2023-10-28,250,
Spectre,2023-11-09,240,
Spectre,2023-11-13,235,
Spectre,2023-11-17,230,
Spectre,2023-11-18,225,
Spectre,2023-11-26,220,
Spectre,2023-11-27,215,
Spectre,2023-11-29,210,
Spectre,2023-12-22,205,
Spectre,2024-01-02,200,
Spectre,2024-01-19,190,
Spectre,2024-01-26,185,
Spectre,2024-02-02,180,
Spectre,2024-02-03,175,
Spectre,2024-02-17,170,
Spectre,2024-02-22,160,
Spectre,2024-02-26,155,
Spectre,2024-02-29,145,
Spectre,2024-03-11,140,
Spectre,2024-03-14,135,
Spectre,2024-03-18,125,
Spectre,2024-04-10,120,
Spectre,2024-05-01,115,
Spectre,2024-05-20,110,
Spectre,2024-05-31,105,
Spectre,2024-06-03,100,
Spectre,2024-06-10,95,
Spectre,2024-06-19,90,
Spectre,2024-06-26,85,
Spectre,2024-07-11,80,
Spectre,2024-07-29,85,
Spectre,2024-08-29,80,
Spectre,2024-09-18,75,
Spectre,2024-09-23,70,
Spectre,2024-11-02,72,
Spectre,2024-11-08,75,
Spectre,2025-02-03,70,
Spectre,2025-02-17,65,
Spectre,2025-02-22,62,
Spectre,2025-03-04,60,
Spectre,2025-10-26,60,2
Spectre,2025-11-25,60,2
Spectre,2025-12-04,60,2
Spectre,2025-12-08,60,2
Spectre,2025-12-14,60,2
Spectre,2025-12-21,57,
Spectre,2025-12-23,57,2
Spectre,2025-12-24,57,2
Spectre,2025-12-26,57,2
Spectre,2025-12-28,57,2
Spectre,2025-12-30,57,2
Spectre,2026-01-09,57,2
Spectre,2026-01-11,55,
Spectre,2026-01-24,55,2
Spectre,2026-02-07,55,2
Spectre,2026-02-13,55,2
Spectre,2026-02-19,55,2
Spectre,2026-03-04,50,
Spectre,2026-03-14,45,
Spectre,2026-03-17,45,2
Spectre,2026-03-21,45,2
Spectre,2026-03-25,45,2
Spectre,2026-04-13,45,2
Spectre,2026-04-19,45,2
Spectre,2026-04-20,45,2
Spectre,2026-04-22,45,2
Spectre,2026-04-24,45,2
Spectre,2026-04-27,45,2
Spectre,2026-04-28,45,2
Spectre,2026-05-02,45,2
Spectre,2026-05-03,42,
Spectre,2026-05-06,42,2
Spectre,2026-05-09,42,2
Spectre,2026-05-11,42,2
Spectre,2026-05-12,42,2
Spectre,2026-05-14,42,2
Spectre,2026-05-17,42,2
Spectre,2026-05-19,42,2
Spectre,2026-05-21,42,2
Spectre,2026-05-23,42,2
Spectre,2026-05-24,40,1
Spectre,2026-06-17,38,
Spectre,2026-06-21,38,1
Spectre,2026-06-22,38,1
Spectre,2026-06-23,38,1
Spectre,2026-06-24,38,1
Spectre,2026-06-25,38,1
Spectre,2026-06-26,38,1
Spectre,2026-06-27,38,1
Spectre,2026-06-28,38,1
Spectre,2026-07-02,38,1
Spectre,2026-07-03,38,1
Spectre,2026-07-05,38,1
Spectre,2026-07-06,38,1
Spectre,2026-07-07,37,
Spectre,2026-07-12,35,
Spectre,2026-07-14,35,1
Spectre,2026-07-17,35,1
Spectre,2026-07-25,35,1
Spectre,2026-07-27,35,1
Spectre,2026-07-28,35,1
Spectre,2026-07-30,35,1
Spectre,2026-07-31,35,1
Spectre,2026-08-02,35,1
Spectre,2026-08-03,35,1
Spectre,2026-08-04,35,1
Spectre,2026-08-05,35,1
Spectre,2026-08-06,35,1
Spectre,2026-08-07,35,1
Spectre,2026-08-08,35,1
Spectre,2026-08-09,35,1
Spectre,2026-08-10,35,1
Spectre,2026-08-11,35,1
Spectre,2026-08-13,35,1
Spectre,2026-08-14,35,1
Spectre,2026-08-15,35,1
Spectre,2026-08-16,35,1
Spectre,2026-08-17,35,1
Spectre,2026-08-18,35,1
Spectre,2026-08-19,35,1
Spectre,2026-08-20,35,1
Spectre,2026-08-21,35,1
Spectre,2026-08-22,35,1
Spectre,2026-08-24,35,1
Spectre,2026-09-02,35,1
Spectre,2026-09-03,35,1
Spectre,2026-09-04,35,1
Spectre,2026-09-05,35,1
Spectre,2026-09-06,35,1
Spectre,2026-09-07,35,1
Spectre,2026-09-12,35,1
Spectre,2026-09-17,35,1
Spectre,2026-09-18,35,1
Spectre,2026-09-19,35,1
Spectre,2026-09-20,35,1
Spider,2020-08-26,115,
Spider,2020-10-31,125,
Spider,2020-11-17,130,
Spider,2020-12-14,135,
Spider,2021-01-03,145,
Spider,2021-03-20,140,
Spider,2021-04-08,135,
Spider,2021-05-07,130,
Spider,2021-05-12,125,
Spider,2021-06-13,95,
Spider,2021-06-18,85,
Spider,2021-07-18,65,
Spider,2021-08-17,55,
Spider,2021-11-23,50,
Spider,2021-12-13,45,
Spider,2022-01-08,40,
Spider,2022-02-03,35,
Spider,2022-04-02,32,
Spider,2022-06-18,30,
Spider,2022-08-17,28,
Spider,2022-08-27,22,
Spider,2023-05-08,25,
Spider,2024-03-29,22,
Spider,2024-04-24,20,
Spider,2024-09-27,18,
Spider,2024-11-08,17,
Spider,2025-09-17,15,
Spider,2025-09-18,13,
Spider,2025-10-26,13,1
Spider,2025-11-04,12,
Spider,2025-11-25,12,1
Spider,2025-12-04,12,1
Spider,2025-12-08,12,1
Spider,2025-12-14,12,1
Spider,2025-12-21,10,
Spider,2025-12-23,10,1
Spider,2025-12-24,10,1
Spider,2025-12-26,10,1
Spider,2025-12-28,10,1
Spider,2025-12-30,10,1
Spider,2026-01-09,10,1
Spider,2026-01-24,10,1
Spider,2026-02-07,10,1
Spider,2026-02-13,10,1
Spider,2026-02-19,10,1
Spider,2026-03-17,10,1
Spider,2026-03-21,10,1
Spider,2026-03-25,10,1
Spider,2026-04-13,10,1
Spider,2026-04-19,10,1
Spider,2026-04-20,10,1
Spider,2026-04-22,10,1
Spider,2026-04-24,10,1
Spider,2026-04-27,10,1
Spider,2026-04-28,10,1
Spider,2026-05-02,10,1
Spider,2026-05-03,10,1
Spider,2026-05-06,10,1
Spider,2026-05-09,10,1
Spider,2026-05-11,10,1
Spider,2026-05-12,10,1
Spider,2026-05-14,10,1
Spider,2026-05-17,10,1
Spider,2026-05-19,10,1
Spider,2026-05-21,10,1
Spider,2026-05-23,10,1
Spider,2026-05-24,10,1
Spider,2026-06-21,10,1
Spider,2026-06-22,10,1
Spider,2026-06-23,10,1
Spider,2026-06-24,10,1
Spider,2026-06-25,10,1
Spider,2026-06-26,10,1
Spider,2026-06-27,10,1
Spider,2026-06-28,10,1
Spider,2026-07-02,10,1
Spider,2026-07-03,10,1
Spider,2026-07-05,10,1
Spider,2026-07-06,10,1
Spider,2026-07-12,10,1
Spider,2026-07-14,10,1
Spider,2026-07-17,10,1
Spider,2026-07-25,10,1
Spider,2026-07-27,10,1
Spider,2026-07-28,10,1
Spider,2026-07-30,10,1
Spider,2026-07-31,10,1
Spider,2026-08-02,10,1
Spider,2026-08-03,10,1
Spider,2026-08-04,10,1
Spider,2026-08-05,10,1
Spider,2026-08-06,10,1
Spider,2026-08-07,10,1
Spider,2026-08-08,10,1
Spider,2026-08-09,10,1
Spider,2026-08-10,10,1
Spider,2026-08-11,10,1
Spider,2026-08-13,10,1
Spider,2026-08-14,10,1
Spider,2026-08-15,10,1
Spider,2026-08-16,10,1
Spider,2026-08-17,10,1
Spider,2026-08-18,10,1
Spider,2026-08-19,10,1
Spider,2026-08-20,10,1
Spider,2026-08-21,10,1
Spider,2026-08-22,10,1
Spider,2026-08-24,10,1
Spider,2026-09-02,10,1
Spider,2026-09-03,10,1
Spider,2026-09-04,10,1
Spider,2026-09-05,10,1
Spider,2026-09-06,10,1
Spider,2026-09-07,10,1
Spider,2026-09-12,10,1
Spider,2026-09-17,10,1
Spider,2026-09-18,10,1
Spider,2026-09-19,10,1
Spider,2026-09-20,10,1
Spirit,2024-10-18,450,
Spirit,2024-10-20,400,
Spirit,2024-10-23,275,
Spirit,2024-10-26,200,
Spirit,2024-10-28,175,
Spirit,2024-10-30,170,
Spirit,2024-11-02,160,
Spirit,2024-11-03,155,
Spirit,2024-11-08,150,
Spirit,2024-11-10,145,
Spirit,2024-11-18,150,
Spirit,2024-11-24,155,
Spirit,2024-11-30,160,
Spirit,2024-12-02,165,
Spirit,2024-12-06,170,
Spirit,2024-12-08,175,
Spirit,2024-12-11,180,
Spirit,2024-12-15,170,
Spirit,2024-12-20,160,
Spirit,2024-12-23,155,
Spirit,2025-01-03,145,
Spirit,2025-02-07,140,
Spirit,2025-02-12,135,
Spirit,2025-02-22,130,
Spirit,2025-04-13,135,
Spirit,2025-04-20,140,
Spirit,2025-04-23,145,
Spirit,2025-05-12,150,
Spirit,2025-06-24,155,
Spirit,2025-06-26,160,
Spirit,2025-06-29,165,
Spirit,2025-07-02,170,
Spirit,2025-07-05,175,
Spirit,2025-07-11,180,
Spirit,2025-07-14,185,
Spirit,2025-07-19,190,
Spirit,2025-07-21,195,
Spirit,2025-07-24,190,
Spirit,2025-07-28,185,
Spirit,2025-08-01,180,
Spirit,2025-08-03,175,
Spirit,2025-08-19,180,
Spirit,2025-08-22,185,
Spirit,2025-08-26,190,
Spirit,2025-08-30,200,
Spirit,2025-09-03,205,
Spirit,2025-09-05,210,
Spirit,2025-09-09,215,
Spirit,2025-09-17,210,
Spirit,2025-09-28,215,
Spirit,2025-10-08,220,
Spirit,2025-10-15,230,
Spirit,2025-10-19,235,
Spirit,2025-10-21,250,
Spirit,2025-10-23,260,
Spirit,2025-10-26,260,5
Spirit,2025-10-28,270,
Spirit,2025-11-01,280,
Spirit,2025-11-04,285,
Spirit,2025-11-06,295,
Spirit,2025-11-11,290,
Spirit,2025-11-13,280,
Spirit,2025-11-16,270,
Spirit,2025-11-18,265,
Spirit,2025-11-20,260,
Spirit,2025-11-25,260,4
Spirit,2025-11-30,265,
Spirit,2025-12-04,265,4
Spirit,2025-12-08,265,4
Spirit,2025-12-14,265,4
Spirit,2025-12-21,265,4
Spirit,2025-12-23,265,4
Spirit,2025-12-24,265,4
Spirit,2025-12-26,265,4
Spirit,2025-12-28,265,4
Spirit,2025-12-30,265,4
Spirit,2026-01-09,265,4
Spirit,2026-01-24,265,4
Spirit,2026-02-04,270,
Spirit,2026-02-06,275,
Spirit,2026-02-07,275,4
Spirit,2026-02-08,280,
Spirit,2026-02-10,285,
Spirit,2026-02-13,285,4
Spirit,2026-02-15,290,
Spirit,2026-02-19,295,4
Spirit,2026-03-04,300,
Spirit,2026-03-17,300,4
Spirit,2026-03-21,300,4
Spirit,2026-03-25,300,4
Spirit,2026-04-13,305,
Spirit,2026-04-18,310,
Spirit,2026-04-19,310,4
Spirit,2026-04-20,310,4
Spirit,2026-04-21,315,
Spirit,2026-04-22,315,4
Spirit,2026-04-23,320,
Spirit,2026-04-24,320,4
Spirit,2026-04-26,325,
Spirit,2026-04-27,325,4
Spirit,2026-04-28,330,
Spirit,2026-05-01,335,
Spirit,2026-05-02,335,4
Spirit,2026-05-03,335,4
Spirit,2026-05-06,335,4
Spirit,2026-05-09,335,4
Spirit,2026-05-11,340,
Spirit,2026-05-12,340,4
Spirit,2026-05-14,345,
Spirit,2026-05-17,355,
Spirit,2026-05-18,360,
Spirit,2026-05-19,360,4
Spirit,2026-05-21,370,
Spirit,2026-05-23,370,4
Spirit,2026-05-24,390,5
Spirit,2026-05-25,415,
Spirit,2026-05-27,435,
Spirit,2026-05-30,450,
Spirit,2026-06-03,465,
Spirit,2026-06-06,475,
Spirit,2026-06-07,490,
Spirit,2026-06-21,490,5
Spirit,2026-06-22,490,5
Spirit,2026-06-23,490,5
Spirit,2026-06-24,490,5
Spirit,2026-06-25,490,5
Spirit,2026-06-26,490,5
Spirit,2026-06-27,490,5
Spirit,2026-06-28,490,5
Spirit,2026-07-02,490,5
Spirit,2026-07-03,505,
Spirit,2026-07-05,515,
Spirit,2026-07-06,515,5
Spirit,2026-07-07,520,
Spirit,2026-07-12,525,
Spirit,2026-07-13,530,
Spirit,2026-07-14,530,5
Spirit,2026-07-16,535,
Spirit,2026-07-17,535,5
Spirit,2026-07-18,545,
Spirit,2026-07-21,560,
Spirit,2026-07-24,570,
Spirit,2026-07-25,580,
Spirit,2026-07-26,590,
Spirit,2026-07-27,595,
Spirit,2026-07-28,600,
Spirit,2026-07-29,605,
Spirit,2026-09-01,615,
Spirit,2026-09-02,620,
Spirit,2026-09-04,630,
Spirit,2026-09-07,630,5
Spirit,2026-09-09,645,
Spirit,2026-09-17,645,5
Spirit,2026-09-18,645,5
Spirit,2026-09-19,645,5
Spirit,2026-09-20,645,5
Sugar,2020-08-26,140,
Sugar,2020-10-18,150,
Sugar,2020-10-31,180,
Sugar,2020-11-17,190,
Sugar,2020-11-26,205,
Sugar,2020-12-03,210,
Sugar,2020-12-14,220,
Sugar,2020-12-28,225,
Sugar,2021-01-03,230,
Sugar,2021-02-22,215,
Sugar,2021-03-09,205,
Sugar,2021-03-20,200,
Sugar,2021-03-23,190,
Sugar,2021-04-08,170,
Sugar,2021-05-07,175,
Sugar,2021-05-12,180,
Sugar,2021-06-13,195,
Sugar,2021-06-18,200,
Sugar,2021-06-28,215,
Sugar,2021-07-27,200,
Sugar,2021-08-17,165,
Sugar,2021-08-23,155,
Sugar,2021-09-05,160,
Sugar,2021-09-09,180,
Sugar,2021-10-02,200,
Sugar,2021-11-22,175,
Sugar,2021-11-23,165,
Sugar,2021-11-28,150,
Sugar,2021-12-13,140,
Sugar,2022-01-08,145,
Sugar,2022-01-16,155,
Sugar,2022-02-03,170,
Sugar,2022-02-16,180,
Sugar,2022-03-07,185,
Sugar,2022-03-14,190,
Sugar,2022-07-11,205,
Sugar,2022-07-28,210,
Sugar,2022-08-30,215,
Sugar,2022-10-30,220,
Sugar,2022-12-04,225,
Sugar,2022-12-31,230,
Sugar,2023-01-06,235,
Sugar,2023-02-19,240,
Sugar,2023-02-25,245,
Sugar,2023-03-12,255,
Sugar,2023-03-24,260,
Sugar,2023-04-02,265,
Sugar,2023-04-04,270,
Sugar,2023-04-27,265,
Sugar,2023-05-08,255,
Sugar,2023-05-10,245,
Sugar,2023-05-13,235,
Sugar,2023-05-16,225,
Sugar,2023-05-20,210,
Sugar,2023-05-22,205,
Sugar,2023-05-27,195,
Sugar,2023-06-01,170,
Sugar,2023-06-07,160,
Sugar,2023-06-12,150,
Sugar,2023-06-13,145,
Sugar,2023-06-18,135,
Sugar,2023-06-25,125,
Sugar,2023-07-06,135,
Sugar,2023-07-09,140,
Sugar,2023-07-12,145,
Sugar,2023-07-15,160,
Sugar,2023-07-19,170,
Sugar,2023-07-20,180,
Sugar,2023-07-23,185,
Sugar,2023-07-24,195,
Sugar,2023-07-27,210,
Sugar,2023-07-29,220,
Sugar,2023-08-05,215,
Sugar,2023-08-07,210,
Sugar,2023-08-12,205,
Sugar,2023-08-13,195,
Sugar,2023-08-20,190,
Sugar,2023-08-21,185,
Sugar,2023-09-01,180,
Sugar,2023-09-11,175,
Sugar,2023-09-16,170,
Sugar,2023-09-20,165,
Sugar,2023-10-01,170,
Sugar,2023-10-07,175,
Sugar,2023-10-08,185,
Sugar,2023-10-18,180,
Sugar,2023-10-21,175,
Sugar,2023-10-23,170,
Sugar,2023-10-24,160,
Sugar,2023-10-26,150,
Sugar,2023-10-28,140,
Sugar,2023-11-01,135,
Sugar,2023-12-10,140,
Sugar,2023-12-14,145,
Sugar,2023-12-20,155,
Sugar,2023-12-22,160,
Sugar,2023-12-27,170,
Sugar,2024-01-02,165,
Sugar,2024-01-03,160,
Sugar,2024-01-08,150,
Sugar,2024-01-12,145,
Sugar,2024-02-29,135,
Sugar,2024-04-03,130,
Sugar,2024-04-08,125,
Sugar,2024-04-10,120,
Sugar,2024-04-16,115,
Sugar,2024-05-01,110,
Sugar,2024-05-15,105,
Sugar,2024-05-20,100,
Sugar,2024-06-03,95,
Sugar,2024-06-19,105,
Sugar,2024-06-26,110,
Sugar,2024-07-01,115,
Sugar,2024-07-03,120,
Sugar,2024-07-06,125,
Sugar,2024-07-09,130,
Sugar,2024-07-14,135,
Sugar,2024-07-25,140,
Sugar,2024-07-29,145,
Sugar,2024-08-14,140,
Sugar,2024-08-16,135,
Sugar,2024-08-18,130,
Sugar,2024-09-14,125,
Sugar,2025-02-09,120,
Sugar,2025-03-26,115,
Sugar,2025-04-06,110,
Sugar,2025-04-09,105,
Sugar,2025-04-13,100,
Sugar,2025-05-04,95,
Sugar,2025-05-09,85,
Sugar,2025-05-12,80,
Sugar,2025-09-17,75,
Sugar,2025-10-26,75,2
Sugar,2025-10-28,70,
Sugar,2025-11-25,70,2
Sugar,2025-12-04,70,2
Sugar,2025-12-08,70,2
Sugar,2025-12-14,70,2
Sugar,2025-12-21,65,
Sugar,2025-12-23,65,2
Sugar,2025-12-24,60,
Sugar,2025-12-26,60,2
Sugar,2025-12-28,60,2
Sugar,2025-12-30,60,2
Sugar,2026-01-09,60,2
Sugar,2026-01-24,60,2
Sugar,2026-02-07,60,2
Sugar,2026-02-13,60,2
Sugar,2026-02-19,60,2
Sugar,2026-03-04,55,
Sugar,2026-03-14,50,
Sugar,2026-03-17,50,2
Sugar,2026-03-21,50,2
Sugar,2026-03-25,50,2
Sugar,2026-04-13,50,2
Sugar,2026-04-16,45,
Sugar,2026-04-19,45,2
Sugar,2026-04-20,45,2
Sugar,2026-04-22,45,2
Sugar,2026-04-24,45,2
Sugar,2026-04-27,45,2
Sugar,2026-04-28,45,2
Sugar,2026-05-02,45,2
Sugar,2026-05-03,45,2
Sugar,2026-05-06,45,2
Sugar,2026-05-09,45,2
Sugar,2026-05-11,45,2
Sugar,2026-05-12,45,2
Sugar,2026-05-14,45,2
Sugar,2026-05-17,45,2
Sugar,2026-05-18,42,
Sugar,2026-05-19,42,2
Sugar,2026-05-21,40,
Sugar,2026-05-23,40,2
Sugar,2026-05-24,38,1
Sugar,2026-06-17,37,
Sugar,2026-06-21,37,1
Sugar,2026-06-22,37,1
Sugar,2026-06-23,37,1
Sugar,2026-06-24,37,1
Sugar,2026-06-25,37,1
Sugar,2026-06-26,37,1
Sugar,2026-06-27,37,1
Sugar,2026-06-28,37,1
Sugar,2026-07-02,37,1
Sugar,2026-07-03,37,1
Sugar,2026-07-05,37,1
Sugar,2026-07-06,37,1
Sugar,2026-07-07,35,
Sugar,2026-07-12,33,
Sugar,2026-07-14,33,1
Sugar,2026-07-17,33,1
Sugar,2026-07-21,32,
Sugar,2026-07-25,32,1
Sugar,2026-07-27,32,1
Sugar,2026-07-28,32,1
Sugar,2026-07-30,32,1
Sugar,2026-07-31,32,1
Sugar,2026-08-02,32,1
Sugar,2026-08-03,32,1
Sugar,2026-08-04,32,1
Sugar,2026-08-05,32,1
Sugar,2026-08-06,32,1
Sugar,2026-08-07,32,1
Sugar,2026-08-08,32,1
Sugar,2026-08-09,32,1
Sugar,2026-08-10,32,1
Sugar,2026-08-11,32,1
Sugar,2026-08-13,32,1
Sugar,2026-08-14,32,1
Sugar,2026-08-15,32,1
Sugar,2026-08-16,32,1
Sugar,2026-08-17,32,1
Sugar,2026-08-18,32,1
Sugar,2026-08-19,32,1
Sugar,2026-08-20,32,1
Sugar,2026-08-21,32,1
Sugar,2026-08-22,32,1
Sugar,2026-08-24,32,1
Sugar,2026-09-02,32,1
Sugar,2026-09-03,32,1
Sugar,2026-09-04,32,1
Sugar,2026-09-05,32,1
Sugar,2026-09-06,32,1
Sugar,2026-09-07,32,1
Sugar,2026-09-12,32,1
Sugar,2026-09-17,32,1
Sugar,2026-09-18,32,1
Sugar,2026-09-19,32,1
Sugar,2026-09-20,32,1
Sunrise,2025-07-24,1500,
Sunrise,2025-07-28,950,
Sunrise,2025-08-01,725,
Sunrise,2025-08-03,600,
Sunrise,2025-08-07,500,
Sunrise,2025-09-03,525,
Sunrise,2025-09-09,500,
Sunrise,2025-09-13,425,
Sunrise,2025-09-17,325,
Sunrise,2025-09-18,300,
Sunrise,2025-09-23,250,
Sunrise,2025-09-28,225,
Sunrise,2025-10-08,235,
Sunrise,2025-10-10,245,
Sunrise,2025-10-15,255,
Sunrise,2025-10-19,260,
Sunrise,2025-10-21,265,
Sunrise,2025-10-23,270,
Sunrise,2025-10-26,270,5
Sunrise,2025-10-28,275,
Sunrise,2025-11-01,280,
Sunrise,2025-11-04,285,
Sunrise,2025-11-06,290,
Sunrise,2025-11-16,285,
Sunrise,2025-11-18,280,
Sunrise,2025-11-20,275,
Sunrise,2025-11-24,270,
Sunrise,2025-11-25,270,4
Sunrise,2025-11-27,265,
Sunrise,2025-11-30,260,
Sunrise,2025-12-01,265,
Sunrise,2025-12-04,265,4
Sunrise,2025-12-08,265,4
Sunrise,2025-12-14,265,4
Sunrise,2025-12-21,265,4
Sunrise,2025-12-23,265,4
Sunrise,2025-12-24,265,4
Sunrise,2025-12-26,265,4
Sunrise,2025-12-28,265,4
Sunrise,2025-12-30,265,4
Sunrise,2026-01-08,270,
Sunrise,2026-01-09,270,4
Sunrise,2026-01-22,280,
Sunrise,2026-01-24,300,
Sunrise,2026-01-27,325,
Sunrise,2026-01-28,400,
Sunrise,2026-01-31,475,
Sunrise,2026-02-01,525,
Sunrise,2026-02-04,550,
Sunrise,2026-02-06,575,
Sunrise,2026-02-07,575,5
Sunrise,2026-02-08,550,
Sunrise,2026-02-13,550,4
Sunrise,2026-02-15,525,
Sunrise,2026-02-19,525,4
Sunrise,2026-03-04,550,
Sunrise,2026-03-06,575,
Sunrise,2026-03-09,600,
Sunrise,2026-03-11,625,
Sunrise,2026-03-17,625,5
Sunrise,2026-03-21,625,5
Sunrise,2026-03-25,625,5
Sunrise,2026-03-30,650,
Sunrise,2026-03-31,675,
Sunrise,2026-04-04,700,
Sunrise,2026-04-07,725,
Sunrise,2026-04-11,750,
Sunrise,2026-04-13,750,5
Sunrise,2026-04-19,750,5
Sunrise,2026-04-20,750,5
Sunrise,2026-04-22,750,5
Sunrise,2026-04-24,750,5
Sunrise,2026-04-27,750,5
Sunrise,2026-04-28,750,5
Sunrise,2026-05-01,775,
Sunrise,2026-05-02,775,5
Sunrise,2026-05-03,800,
Sunrise,2026-05-06,850,
Sunrise,2026-05-08,900,
Sunrise,2026-05-09,900,6
Sunrise,2026-05-11,950,
Sunrise,2026-05-12,950,6
Sunrise,2026-05-14,975,
Sunrise,2026-05-17,1000,
Sunrise,2026-05-19,1000,5
Sunrise,2026-05-21,1000,5
Sunrise,2026-05-23,1000,5
Sunrise,2026-05-24,1000,5
Sunrise,2026-05-30,1025,
Sunrise,2026-06-03,1050,
Sunrise,2026-06-06,1100,
Sunrise,2026-06-07,1150,
Sunrise,2026-06-14,1125,
Sunrise,2026-06-17,1100,
Sunrise,2026-06-19,1075,
Sunrise,2026-06-21,1075,5
Sunrise,2026-06-22,1050,
Sunrise,2026-06-23,1050,5
Sunrise,2026-06-24,1025,
Sunrise,2026-06-25,1025,5
Sunrise,2026-06-26,1025,5
Sunrise,2026-06-27,1000,
Sunrise,2026-06-28,1000,5
Sunrise,2026-06-29,975,
Sunrise,2026-07-02,975,5
Sunrise,2026-07-03,975,5
Sunrise,2026-07-05,1000,
Sunrise,2026-07-06,1000,5
Sunrise,2026-07-07,1025,
Sunrise,2026-07-09,1050,
Sunrise,2026-07-12,1075,
Sunrise,2026-07-13,1100,
Sunrise,2026-07-14,1100,6
Sunrise,2026-07-16,1125,
Sunrise,2026-07-17,1125,6
Sunrise,2026-08-23,1150,
Sunrise,2026-08-26,1200,
Sunrise,2026-08-28,1300,
Sunrise,2026-08-30,1350,
Sunrise,2026-09-02,1300,
Sunrise,2026-09-04,1250,
Sunrise,2026-09-07,1250,5
Sunrise,2026-09-09,1100,
Sunrise,2026-09-12,1075,
Sunrise,2026-09-17,1075,5
Sunrise,2026-09-18,1075,5
Sunrise,2026-09-19,1075,5
Sunrise,2026-09-20,1075,5
Sunset,2025-07-24,1200,
Sunset,2025-07-28,850,
Sunset,2025-08-01,625,
Sunset,2025-08-03,500,
Sunset,2025-08-07,400,
Sunset,2025-08-11,350,
Sunset,2025-08-14,325,
Sunset,2025-08-19,300,
Sunset,2025-08-22,275,
Sunset,2025-08-26,250,
Sunset,2025-08-30,225,
Sunset,2025-09-03,200,
Sunset,2025-09-05,175,
Sunset,2025-09-09,150,
Sunset,2025-09-13,125,
Sunset,2025-09-17,120,
Sunset,2025-10-08,125,
Sunset,2025-10-10,130,
Sunset,2025-10-15,135,
Sunset,2025-10-19,140,
Sunset,2025-10-21,145,
Sunset,2025-10-23,150,
Sunset,2025-10-26,150,4
Sunset,2025-10-28,155,
Sunset,2025-11-01,160,
Sunset,2025-11-04,175,
Sunset,2025-11-06,180,
Sunset,2025-11-11,190,
Sunset,2025-11-13,200,
Sunset,2025-11-16,195,
Sunset,2025-11-18,190,
Sunset,2025-11-20,185,
Sunset,2025-11-24,180,
Sunset,2025-11-25,180,4
Sunset,2025-11-27,175,
Sunset,2025-11-30,170,
Sunset,2025-12-01,175,
Sunset,2025-12-04,175,4
Sunset,2025-12-08,175,4
Sunset,2025-12-14,175,4
Sunset,2025-12-21,175,4
Sunset,2025-12-23,175,4
Sunset,2025-12-24,175,4
Sunset,2025-12-26,175,4
Sunset,2025-12-28,175,4
Sunset,2025-12-30,175,4
Sunset,2026-01-08,180,
Sunset,2026-01-09,180,4
Sunset,2026-01-22,190,
Sunset,2026-01-24,200,
Sunset,2026-01-27,225,
Sunset,2026-01-28,250,
Sunset,2026-01-31,275,
Sunset,2026-02-01,300,
Sunset,2026-02-04,325,
Sunset,2026-02-07,325,4
Sunset,2026-02-08,300,
Sunset,2026-02-10,275,
Sunset,2026-02-13,275,4
Sunset,2026-02-19,275,4
Sunset,2026-03-17,275,4
Sunset,2026-03-21,275,4
Sunset,2026-03-25,275,4
Sunset,2026-03-30,285,
Sunset,2026-03-31,300,
Sunset,2026-04-04,325,
Sunset,2026-04-07,350,
Sunset,2026-04-11,375,
Sunset,2026-04-13,375,4
Sunset,2026-04-19,375,4
Sunset,2026-04-20,375,4
Sunset,2026-04-22,375,4
Sunset,2026-04-24,375,4
Sunset,2026-04-27,375,4
Sunset,2026-04-28,375,4
Sunset,2026-05-01,400,
Sunset,2026-05-02,400,4
Sunset,2026-05-03,425,
Sunset,2026-05-06,450,
Sunset,2026-05-08,475,
Sunset,2026-05-09,475,4
Sunset,2026-05-11,500,
Sunset,2026-05-12,500,4
Sunset,2026-05-14,525,
Sunset,2026-05-17,525,4
Sunset,2026-05-19,525,4
Sunset,2026-05-21,525,4
Sunset,2026-05-23,525,4
Sunset,2026-05-24,525,4
Sunset,2026-06-03,535,
Sunset,2026-06-06,550,
Sunset,2026-06-07,575,
Sunset,2026-06-12,550,
Sunset,2026-06-14,525,
Sunset,2026-06-17,500,
Sunset,2026-06-21,500,4
Sunset,2026-06-22,500,4
Sunset,2026-06-23,500,4
Sunset,2026-06-24,500,4
Sunset,2026-06-25,500,4
Sunset,2026-06-26,500,4
Sunset,2026-06-27,500,4
Sunset,2026-06-28,500,4
Sunset,2026-07-02,500,4
Sunset,2026-07-03,515,
Sunset,2026-07-05,525,
Sunset,2026-07-06,525,5
Sunset,2026-07-07,540,
Sunset,2026-07-09,550,
Sunset,2026-07-12,575,
Sunset,2026-07-13,600,
Sunset,2026-07-14,600,5
Sunset,2026-07-16,625,
Sunset,2026-07-17,625,5
Sunset,2026-08-23,650,
Sunset,2026-08-26,700,
Sunset,2026-08-28,750,
Sunset,2026-08-30,800,
Sunset,2026-09-02,775,
Sunset,2026-09-04,750,
Sunset,2026-09-07,750,5
Sunset,2026-09-09,675,
Sunset,2026-09-12,650,
Sunset,2026-09-17,650,5
Sunset,2026-09-18,650,5
Sunset,2026-09-19,650,5
Sunset,2026-09-20,650,5
Sweet,2026-02-15,475,
Sweet,2026-02-16,425,
Sweet,2026-02-17,375,
Sweet,2026-02-19,350,
Sweet,2026-02-21,300,
Sweet,2026-02-23,275,
Sweet,2026-02-25,250,
Sweet,2026-02-27,225,
Sweet,2026-03-09,230,
Sweet,2026-03-11,235,
Sweet,2026-03-14,245,
Sweet,2026-03-16,250,
Sweet,2026-03-17,250,4
Sweet,2026-03-19,255,
Sweet,2026-03-21,255,4
Sweet,2026-03-24,250,
Sweet,2026-03-25,250,4
Sweet,2026-03-26,245,
Sweet,2026-03-30,240,
Sweet,2026-03-31,235,
Sweet,2026-04-04,230,
Sweet,2026-04-07,225,
Sweet,2026-04-11,220,
Sweet,2026-04-13,215,
Sweet,2026-04-16,210,
Sweet,2026-04-18,205,
Sweet,2026-04-19,205,3
Sweet,2026-04-20,205,3
Sweet,2026-04-22,205,3
Sweet,2026-04-23,210,
Sweet,2026-04-24,210,3
Sweet,2026-04-27,210,3
Sweet,2026-04-28,210,3
Sweet,2026-05-02,210,3
Sweet,2026-05-03,205,
Sweet,2026-05-06,200,
Sweet,2026-05-08,190,
Sweet,2026-05-09,190,3
Sweet,2026-05-11,185,
Sweet,2026-05-12,185,3
Sweet,2026-05-14,180,
Sweet,2026-05-17,175,
Sweet,2026-05-18,170,
Sweet,2026-05-19,170,3
Sweet,2026-05-21,165,
Sweet,2026-05-23,165,3
Sweet,2026-05-24,165,3
Sweet,2026-05-25,160,
Sweet,2026-05-27,155,
Sweet,2026-05-30,150,
Sweet,2026-06-03,145,
Sweet,2026-06-06,140,
Sweet,2026-06-07,135,
Sweet,2026-06-21,135,3
Sweet,2026-06-22,135,3
Sweet,2026-06-23,135,3
Sweet,2026-06-24,135,3
Sweet,2026-06-25,135,3
Sweet,2026-06-26,135,3
Sweet,2026-06-27,135,3
Sweet,2026-06-28,135,3
Sweet,2026-06-29,140,
Sweet,2026-07-02,140,3
Sweet,2026-07-03,150,
Sweet,2026-07-05,160,
Sweet,2026-07-06,160,3
Sweet,2026-07-07,170,
Sweet,2026-07-12,165,
Sweet,2026-07-13,160,
Sweet,2026-07-14,160,3
Sweet,2026-07-17,160,3
Sweet,2026-07-18,155,
Sweet,2026-07-25,155,3
Sweet,2026-07-26,150,
Sweet,2026-07-27,150,3
Sweet,2026-07-28,150,3
Sweet,2026-07-30,150,3
Sweet,2026-07-31,150,3
Sweet,2026-08-02,150,3
Sweet,2026-08-03,150,3
Sweet,2026-08-04,150,3
Sweet,2026-08-05,150,3
Sweet,2026-08-06,150,3
Sweet,2026-08-07,150,3
Sweet,2026-08-08,150,3
Sweet,2026-08-09,150,3
Sweet,2026-08-10,150,3
Sweet,2026-08-11,150,3
Sweet,2026-08-13,150,3
Sweet,2026-08-14,150,3
Sweet,2026-08-15,150,3
Sweet,2026-08-16,150,3
Sweet,2026-08-17,150,3
Sweet,2026-08-18,150,3
Sweet,2026-08-19,150,3
Sweet,2026-08-20,150,3
Sweet,2026-08-21,150,3
Sweet,2026-08-22,150,3
Sweet,2026-08-24,150,3
Sweet,2026-09-02,150,3
Sweet,2026-09-03,150,3
Sweet,2026-09-04,150,3
Sweet,2026-09-05,150,3
Sweet,2026-09-06,150,3
Sweet,2026-09-07,150,3
Sweet,2026-09-12,150,3
Sweet,2026-09-17,150,3
Sweet,2026-09-18,150,3
Sweet,2026-09-19,150,3
Sweet,2026-09-20,150,3
Swirly Blade,2021-12-25,1030,
Swirly Blade,2021-12-26,1080,
Swirly Blade,2022-01-08,1200,
Swirly Blade,2022-01-16,1300,
Swirly Blade,2022-02-03,1500,
Swirly Blade,2022-02-16,1650,
Swirly Blade,2022-03-14,1700,
Swirly Blade,2022-04-02,1750,
Swirly Blade,2022-05-19,1850,
Swirly Blade,2022-06-06,1900,
Swirly Blade,2022-06-20,1950,
Swirly Blade,2022-07-06,1975,
Swirly Blade,2022-07-11,2000,
Swirly Blade,2022-08-04,1950,
Swirly Blade,2022-08-11,1850,
Swirly Blade,2022-08-17,1750,
Swirly Blade,2022-08-27,1700,
Swirly Blade,2022-09-03,1800,
Swirly Blade,2022-09-11,1950,
Swirly Blade,2022-09-14,2100,
Swirly Blade,2022-09-18,2350,
Swirly Blade,2022-09-30,2650,
Swirly Blade,2022-10-03,3000,
Swirly Blade,2022-10-09,4000,
Swirly Blade,2022-10-12,4250,
Swirly Blade,2022-10-18,4300,
Swirly Blade,2022-10-29,4250,
Swirly Blade,2022-10-30,4200,
Swirly Blade,2022-11-06,4000,
Swirly Blade,2022-11-12,3800,
Swirly Blade,2022-11-14,3700,
Swirly Blade,2022-11-21,3500,
Swirly Blade,2022-11-26,3250,
Swirly Blade,2022-11-29,3000,
Swirly Blade,2022-12-02,2800,
Swirly Blade,2022-12-04,2600,
Swirly Blade,2022-12-07,2250,
Swirly Blade,2022-12-13,2300,
Swirly Blade,2023-01-06,2200,
Swirly Blade,2023-01-08,2100,
Swirly Blade,2023-01-16,2000,
Swirly Blade,2023-04-02,1900,
Swirly Blade,2023-04-07,1800,
Swirly Blade,2023-04-12,1750,
Swirly Blade,2023-04-21,1700,
Swirly Blade,2023-04-27,1650,
Swirly Blade,2023-04-30,1600,
Swirly Blade,2023-05-08,1550,
Swirly Blade,2023-05-10,1450,
Swirly Blade,2023-05-13,1400,
Swirly Blade,2023-05-27,1350,
Swirly Blade,2023-06-02,1300,
Swirly Blade,2023-06-07,1250,
Swirly Blade,2023-07-06,1150,
Swirly Blade,2023-07-07,1050,
Swirly Blade,2023-07-09,1000,
Swirly Blade,2023-07-11,900,
Swirly Blade,2023-07-12,850,
Swirly Blade,2023-07-15,800,
Swirly Blade,2023-07-19,750,
Swirly Blade,2023-07-23,700,
Swirly Blade,2023-08-28,650,
Swirly Blade,2023-09-01,600,
Swirly Blade,2023-09-05,500,
Swirly Blade,2023-09-08,450,
Swirly Blade,2023-09-16,400,
Swirly Blade,2023-11-29,425,
Swirly Blade,2023-12-22,400,
Swirly Blade,2024-01-12,375,
Swirly Blade,2024-02-02,350,
Swirly Blade,2024-02-10,300,
Swirly Blade,2024-03-04,275,
Swirly Blade,2024-03-11,250,
Swirly Blade,2024-03-29,200,
Swirly Blade,2024-04-15,175,
Swirly Blade,2024-04-16,150,
Swirly Blade,2024-04-24,135,
Swirly Blade,2024-05-03,140,
Swirly Blade,2024-05-10,130,
Swirly Blade,2024-05-15,125,
Swirly Blade,2024-05-20,110,
Swirly Blade,2024-05-26,100,
Swirly Blade,2024-06-03,95,
Swirly Blade,2024-06-26,90,
Swirly Blade,2024-07-11,85,
Swirly Blade,2024-09-12,80,
Swirly Blade,2024-09-18,75,
Swirly Blade,2024-09-23,70,
Swirly Blade,2025-01-03,65,
Swirly Blade,2025-01-29,60,
Swirly Blade,2025-02-14,55,
Swirly Blade,2025-04-13,50,
Swirly Blade,2025-04-15,45,
Swirly Blade,2025-05-09,40,
Swirly Blade,2025-09-09,35,
Swirly Blade,2025-09-18,30,
Swirly Blade,2025-09-25,25,
Swirly Blade,2025-10-26,25,2
Swirly Blade,2025-11-25,25,2
Swirly Blade,2025-12-04,25,2
Swirly Blade,2025-12-08,25,2
Swirly Blade,2025-12-14,25,2
Swirly Blade,2025-12-21,25,2
Swirly Blade,2025-12-23,25,2
Swirly Blade,2025-12-24,25,2
Swirly Blade,2025-12-26,25,2
Swirly Blade,2025-12-28,25,2
Swirly Blade,2025-12-30,25,2
Swirly Blade,2026-01-09,25,2
Swirly Blade,2026-01-24,25,2
Swirly Blade,2026-02-07,25,2
Swirly Blade,2026-02-13,25,2
Swirly Blade,2026-02-19,25,2
Swirly Blade,2026-03-14,23,
Swirly Blade,2026-03-17,23,2
Swirly Blade,2026-03-21,23,2
Swirly Blade,2026-03-25,23,2
Swirly Blade,2026-04-13,23,2
Swirly Blade,2026-04-19,23,2
Swirly Blade,2026-04-20,23,2
Swirly Blade,2026-04-22,23,2
Swirly Blade,2026-04-24,23,2
Swirly Blade,2026-04-26,20,
Swirly Blade,2026-04-27,20,2
Swirly Blade,2026-04-28,18,
Swirly Blade,2026-05-01,17,
Swirly Blade,2026-05-02,17,2
Swirly Blade,2026-05-03,15,
Swirly Blade,2026-05-06,15,2
Swirly Blade,2026-05-09,15,2
Swirly Blade,2026-05-11,15,2
Swirly Blade,2026-05-12,15,2
Swirly Blade,2026-05-14,15,2
Swirly Blade,2026-05-17,15,2
Swirly Blade,2026-05-19,15,2
Swirly Blade,2026-05-21,15,2
Swirly Blade,2026-05-23,15,2
Swirly Blade,2026-05-24,15,1
Swirly Blade,2026-06-21,15,1
Swirly Blade,2026-06-22,15,1
Swirly Blade,2026-06-23,15,1
Swirly Blade,2026-06-24,15,1
Swirly Blade,2026-06-25,15,1
Swirly Blade,2026-06-26,15,1
Swirly Blade,2026-06-27,15,1
Swirly Blade,2026-06-28,15,1
Swirly Blade,2026-07-02,15,1
Swirly Blade,2026-07-03,15,1
Swirly Blade,2026-07-05,15,1
Swirly Blade,2026-07-06,15,1
Swirly Blade,2026-07-12,13,
Swirly Blade,2026-07-14,13,1
Swirly Blade,2026-07-17,13,1
Swirly Blade,2026-07-21,12,
Swirly Blade,2026-07-25,12,1
Swirly Blade,2026-07-27,12,1
Swirly Blade,2026-07-28,12,1
Swirly Blade,2026-07-30,12,1
Swirly Blade,2026-07-31,12,1
Swirly Blade,2026-08-02,12,1
Swirly Blade,2026-08-03,12,1
Swirly Blade,2026-08-04,12,1
Swirly Blade,2026-08-05,12,1
Swirly Blade,2026-08-06,12,1
Swirly Blade,2026-08-07,12,1
Swirly Blade,2026-08-08,12,1
Swirly Blade,2026-08-09,12,1
Swirly Blade,2026-08-10,12,1
Swirly Blade,2026-08-11,12,1
Swirly Blade,2026-08-13,12,1
Swirly Blade,2026-08-14,12,1
Swirly Blade,2026-08-15,12,1
Swirly Blade,2026-08-16,12,1
Swirly Blade,2026-08-17,12,1
Swirly Blade,2026-08-18,12,1
Swirly Blade,2026-08-19,12,1
Swirly Blade,2026-08-20,12,1
Swirly Blade,2026-08-21,12,1
Swirly Blade,2026-08-22,12,1
Swirly Blade,2026-08-24,12,1
Swirly Blade,2026-09-02,12,1
Swirly Blade,2026-09-03,12,1
Swirly Blade,2026-09-04,12,1
Swirly Blade,2026-09-05,12,1
Swirly Blade,2026-09-06,12,1
Swirly Blade,2026-09-07,12,1
Swirly Blade,2026-09-12,12,1
Swirly Blade,2026-09-17,12,1
Swirly Blade,2026-09-18,12,1
Swirly Blade,2026-09-19,12,1
Swirly Blade,2026-09-20,12,1
Swirly Gun,2021-12-25,880,
Swirly Gun,2021-12-26,845,
Swirly Gun,2022-01-16,765,
Swirly Gun,2022-02-03,635,
Swirly Gun,2022-02-16,610,
Swirly Gun,2022-03-14,650,
Swirly Gun,2022-04-02,700,
Swirly Gun,2022-04-06,750,
Swirly Gun,2022-05-19,850,
Swirly Gun,2022-05-26,900,
Swirly Gun,2022-06-06,950,
Swirly Gun,2022-06-18,1000,
Swirly Gun,2022-06-20,1050,
Swirly Gun,2022-07-06,1200,
Swirly Gun,2022-07-11,1300,
Swirly Gun,2022-07-28,1500,
Swirly Gun,2022-08-04,1600,
Swirly Gun,2022-08-05,1700,
Swirly Gun,2022-08-11,1800,
Swirly Gun,2022-08-17,2000,
Swirly Gun,2022-08-27,2200,
Swirly Gun,2022-08-30,2400,
Swirly Gun,2022-09-03,2600,
Swirly Gun,2022-09-11,2800,
Swirly Gun,2022-09-14,2900,
Swirly Gun,2022-09-30,3000,
Swirly Gun,2022-11-06,2900,
Swirly Gun,2022-11-12,2700,
Swirly Gun,2022-11-14,2450,
Swirly Gun,2022-11-21,2350,
Swirly Gun,2022-11-26,2200,
Swirly Gun,2022-12-04,2350,
Swirly Gun,2022-12-07,2400,
Swirly Gun,2022-12-08,2500,
Swirly Gun,2022-12-12,2600,
Swirly Gun,2022-12-13,2700,
Swirly Gun,2022-12-17,2800,
Swirly Gun,2023-01-06,2700,
Swirly Gun,2023-01-08,2500,
Swirly Gun,2023-01-20,2400,
Swirly Gun,2023-01-21,2300,
Swirly Gun,2023-03-03,2350,
Swirly Gun,2023-03-06,2400,
Swirly Gun,2023-03-12,2500,
Swirly Gun,2023-03-15,2600,
Swirly Gun,2023-03-19,2700,
Swirly Gun,2023-03-21,2750,
Swirly Gun,2023-03-24,2800,
Swirly Gun,2023-04-02,2700,
Swirly Gun,2023-04-04,2500,
Swirly Gun,2023-04-05,2350,
Swirly Gun,2023-04-07,2250,
Swirly Gun,2023-04-10,2050,
Swirly Gun,2023-04-18,2100,
Swirly Gun,2023-04-23,2150,
Swirly Gun,2023-04-27,2200,
Swirly Gun,2023-05-20,2250,
Swirly Gun,2023-05-22,2200,
Swirly Gun,2023-05-27,2100,
Swirly Gun,2023-05-28,2000,
Swirly Gun,2023-06-01,1850,
Swirly Gun,2023-06-02,1700,
Swirly Gun,2023-06-07,1600,
Swirly Gun,2023-06-18,1625,
Swirly Gun,2023-06-25,1650,
Swirly Gun,2023-06-26,1700,
Swirly Gun,2023-06-30,1800,
Swirly Gun,2023-07-03,1850,
Swirly Gun,2023-07-06,1950,
Swirly Gun,2023-07-07,2000,
Swirly Gun,2023-07-09,2050,
Swirly Gun,2023-07-11,2100,
Swirly Gun,2023-07-19,2150,
Swirly Gun,2023-07-24,2050,
Swirly Gun,2023-07-27,1900,
Swirly Gun,2023-07-29,1800,
Swirly Gun,2023-08-01,1700,
Swirly Gun,2023-08-02,1650,
Swirly Gun,2023-08-05,1600,
Swirly Gun,2023-08-07,1550,
Swirly Gun,2023-08-16,1600,
Swirly Gun,2023-08-18,1650,
Swirly Gun,2023-08-20,1800,
Swirly Gun,2023-08-21,1850,
Swirly Gun,2023-08-24,1900,
Swirly Gun,2023-08-25,1950,
Swirly Gun,2023-08-29,1850,
Swirly Gun,2023-09-01,1800,
Swirly Gun,2023-09-05,1650,
Swirly Gun,2023-09-06,1600,
Swirly Gun,2023-09-08,1550,
Swirly Gun,2023-09-09,1500,
Swirly Gun,2023-09-11,1450,
Swirly Gun,2023-09-14,1400,
Swirly Gun,2023-09-16,1350,
Swirly Gun,2023-09-23,1400,
Swirly Gun,2023-09-25,1450,
Swirly Gun,2023-09-27,1500,
Swirly Gun,2023-09-28,1550,
Swirly Gun,2023-10-01,1600,
Swirly Gun,2023-10-11,1550,
Swirly Gun,2023-10-15,1450,
Swirly Gun,2023-10-16,1350,
Swirly Gun,2023-10-18,1300,
Swirly Gun,2023-10-21,1250,
Swirly Gun,2023-10-23,1200,
Swirly Gun,2023-10-26,1100,
Swirly Gun,2023-11-05,1200,
Swirly Gun,2023-11-06,1250,
Swirly Gun,2023-11-09,1350,
Swirly Gun,2023-11-13,1400,
Swirly Gun,2023-11-18,1300,
Swirly Gun,2023-11-22,1200,
Swirly Gun,2023-11-26,1100,
Swirly Gun,2023-11-27,1150,
Swirly Gun,2023-11-29,1200,
Swirly Gun,2023-12-03,1300,
Swirly Gun,2023-12-05,1350,
Swirly Gun,2023-12-10,1400,
Swirly Gun,2023-12-14,1350,
Swirly Gun,2023-12-20,1250,
Swirly Gun,2023-12-22,1200,
Swirly Gun,2024-01-02,1100,
Swirly Gun,2024-01-08,1050,
Swirly Gun,2024-01-16,1000,
Swirly Gun,2024-01-19,950,
Swirly Gun,2024-01-26,925,
Swirly Gun,2024-02-02,900,
Swirly Gun,2024-02-07,875,
Swirly Gun,2024-02-10,850,
Swirly Gun,2024-02-20,825,
Swirly Gun,2024-02-26,800,
Swirly Gun,2024-03-06,750,
Swirly Gun,2024-03-11,700,
Swirly Gun,2024-03-18,650,
Swirly Gun,2024-03-21,600,
Swirly Gun,2024-03-29,550,
Swirly Gun,2024-04-08,500,
Swirly Gun,2024-04-10,475,
Swirly Gun,2024-04-11,400,
Swirly Gun,2024-05-07,375,
Swirly Gun,2024-05-20,350,
Swirly Gun,2024-05-26,325,
Swirly Gun,2024-06-03,300,
Swirly Gun,2024-06-08,275,
Swirly Gun,2024-06-14,240,
Swirly Gun,2024-06-15,230,
Swirly Gun,2024-06-26,220,
Swirly Gun,2024-07-01,190,
Swirly Gun,2024-07-18,170,
Swirly Gun,2024-07-29,160,
Swirly Gun,2024-08-14,170,
Swirly Gun,2024-08-16,180,
Swirly Gun,2024-08-22,190,
Swirly Gun,2024-08-26,200,
Swirly Gun,2024-08-29,210,
Swirly Gun,2024-08-31,215,
Swirly Gun,2024-09-05,220,
Swirly Gun,2024-09-08,215,
Swirly Gun,2024-09-12,210,
Swirly Gun,2024-09-18,200,
Swirly Gun,2024-09-23,180,
Swirly Gun,2024-10-06,170,
Swirly Gun,2024-10-11,160,
Swirly Gun,2024-11-18,155,
Swirly Gun,2024-12-11,145,
Swirly Gun,2024-12-15,140,
Swirly Gun,2024-12-20,135,
Swirly Gun,2024-12-31,130,
Swirly Gun,2025-01-10,125,
Swirly Gun,2025-01-15,120,
Swirly Gun,2025-01-24,115,
Swirly Gun,2025-01-29,110,
Swirly Gun,2025-02-07,100,
Swirly Gun,2025-02-12,95,
Swirly Gun,2025-02-14,85,
Swirly Gun,2025-02-17,80,
Swirly Gun,2025-03-04,75,
Swirly Gun,2025-03-15,72,
Swirly Gun,2025-03-23,70,
Swirly Gun,2025-04-13,65,
Swirly Gun,2025-04-15,60,
Swirly Gun,2025-08-30,55,
Swirly Gun,2025-09-09,50,
Swirly Gun,2025-09-13,45,
Swirly Gun,2025-10-26,45,2
Swirly Gun,2025-11-04,40,
Swirly Gun,2025-11-25,40,2
Swirly Gun,2025-12-04,40,2
Swirly Gun,2025-12-08,40,2
Swirly Gun,2025-12-14,40,2
Swirly Gun,2025-12-21,40,2
Swirly Gun,2025-12-23,40,2
Swirly Gun,2025-12-24,40,2
Swirly Gun,2025-12-26,40,2
Swirly Gun,2025-12-28,40,2
Swirly Gun,2025-12-30,40,2
Swirly Gun,2026-01-09,40,2
Swirly Gun,2026-01-24,40,2
Swirly Gun,2026-02-07,40,2
Swirly Gun,2026-02-13,40,2
Swirly Gun,2026-02-19,40,2
Swirly Gun,2026-03-14,35,
Swirly Gun,2026-03-17,35,2
Swirly Gun,2026-03-21,35,2
Swirly Gun,2026-03-25,35,2
Swirly Gun,2026-04-13,35,2
Swirly Gun,2026-04-19,35,2
Swirly Gun,2026-04-20,35,2
Swirly Gun,2026-04-22,35,2
Swirly Gun,2026-04-24,35,2
Swirly Gun,2026-04-26,30,
Swirly Gun,2026-04-27,30,2
Swirly Gun,2026-04-28,28,
Swirly Gun,2026-05-01,27,
Swirly Gun,2026-05-02,27,2
Swirly Gun,2026-05-03,25,
Swirly Gun,2026-05-06,25,2
Swirly Gun,2026-05-09,25,2
Swirly Gun,2026-05-11,25,2
Swirly Gun,2026-05-12,25,2
Swirly Gun,2026-05-14,25,2
Swirly Gun,2026-05-17,25,2
Swirly Gun,2026-05-19,25,2
Swirly Gun,2026-05-21,25,2
Swirly Gun,2026-05-23,25,2
Swirly Gun,2026-05-24,23,1
Swirly Gun,2026-06-17,20,
Swirly Gun,2026-06-21,20,1
Swirly Gun,2026-06-22,20,1
Swirly Gun,2026-06-23,20,1
Swirly Gun,2026-06-24,20,1
Swirly Gun,2026-06-25,20,1
Swirly Gun,2026-06-26,20,1
Swirly Gun,2026-06-27,20,1
Swirly Gun,2026-06-28,20,1
Swirly Gun,2026-07-02,20,1
Swirly Gun,2026-07-03,20,1
Swirly Gun,2026-07-05,20,1
Swirly Gun,2026-07-06,20,1
Swirly Gun,2026-07-12,18,
Swirly Gun,2026-07-14,18,1
Swirly Gun,2026-07-17,18,1
Swirly Gun,2026-07-25,18,1
Swirly Gun,2026-07-27,18,1
Swirly Gun,2026-07-28,18,1
Swirly Gun,2026-07-30,18,1
Swirly Gun,2026-07-31,18,1
Swirly Gun,2026-08-02,18,1
Swirly Gun,2026-08-03,18,1
Swirly Gun,2026-08-04,18,1
Swirly Gun,2026-08-05,18,1
Swirly Gun,2026-08-06,18,1
Swirly Gun,2026-08-07,18,1
Swirly Gun,2026-08-08,18,1
Swirly Gun,2026-08-09,18,1
Swirly Gun,2026-08-10,18,1
Swirly Gun,2026-08-11,18,1
Swirly Gun,2026-08-13,18,1
Swirly Gun,2026-08-14,18,1
Swirly Gun,2026-08-15,18,1
Swirly Gun,2026-08-16,18,1
Swirly Gun,2026-08-17,18,1
Swirly Gun,2026-08-18,18,1
Swirly Gun,2026-08-19,18,1
Swirly Gun,2026-08-20,18,1
Swirly Gun,2026-08-21,18,1
Swirly Gun,2026-08-22,18,1
Swirly Gun,2026-08-24,18,1
Swirly Gun,2026-09-02,18,1
Swirly Gun,2026-09-03,18,1
Swirly Gun,2026-09-04,18,1
Swirly Gun,2026-09-05,18,1
Swirly Gun,2026-09-06,18,1
Swirly Gun,2026-09-07,18,1
Swirly Gun,2026-09-12,18,1
Swirly Gun,2026-09-17,18,1
Swirly Gun,2026-09-18,18,1
Swirly Gun,2026-09-19,18,1
Swirly Gun,2026-09-20,18,1
Tides,2020-08-26,60,
Tides,2021-01-03,58,
Tides,2021-01-22,55,
Tides,2021-02-22,60,
Tides,2021-07-18,65,
Tides,2021-11-22,70,
Tides,2021-12-13,75,
Tides,2022-02-03,72,
Tides,2022-08-17,70,
Tides,2022-08-27,65,
Tides,2022-09-30,60,
Tides,2022-11-12,50,
Tides,2022-11-29,45,
Tides,2022-12-12,40,
Tides,2023-06-01,32,
Tides,2023-07-15,30,
Tides,2023-10-26,28,
Tides,2024-03-29,22,
Tides,2024-04-24,20,
Tides,2025-04-13,17,
Tides,2025-04-15,15,
Tides,2025-09-17,13,
Tides,2025-10-26,13,1
Tides,2025-11-04,12,
Tides,2025-11-11,10,
Tides,2025-11-25,10,1
Tides,2025-12-04,10,1
Tides,2025-12-08,10,1
Tides,2025-12-14,10,1
Tides,2025-12-21,10,1
Tides,2025-12-23,10,1
Tides,2025-12-24,10,1
Tides,2025-12-26,10,1
Tides,2025-12-28,10,1
Tides,2025-12-30,10,1
Tides,2026-01-09,10,1
Tides,2026-01-24,10,1
Tides,2026-02-07,10,1
Tides,2026-02-13,10,1
Tides,2026-02-19,10,1
Tides,2026-03-17,10,1
Tides,2026-03-21,10,1
Tides,2026-03-25,10,1
Tides,2026-04-13,10,1
Tides,2026-04-19,10,1
Tides,2026-04-20,10,1
Tides,2026-04-22,10,1
Tides,2026-04-24,10,1
Tides,2026-04-27,10,1
Tides,2026-04-28,10,1
Tides,2026-05-02,10,1
Tides,2026-05-03,10,1
Tides,2026-05-06,10,1
Tides,2026-05-09,10,1
Tides,2026-05-11,10,1
Tides,2026-05-12,10,1
Tides,2026-05-14,10,1
Tides,2026-05-17,10,1
Tides,2026-05-19,10,1
Tides,2026-05-21,10,1
Tides,2026-05-23,10,1
Tides,2026-05-24,10,1
Tides,2026-06-21,10,1
Tides,2026-06-22,10,1
Tides,2026-06-23,10,1
Tides,2026-06-24,10,1
Tides,2026-06-25,10,1
Tides,2026-06-26,10,1
Tides,2026-06-27,10,1
Tides,2026-06-28,10,1
Tides,2026-07-02,10,1
Tides,2026-07-03,10,1
Tides,2026-07-05,10,1
Tides,2026-07-06,10,1
Tides,2026-07-12,10,1
Tides,2026-07-14,10,1
Tides,2026-07-17,10,1
Tides,2026-07-25,10,1
Tides,2026-07-27,10,1
Tides,2026-07-28,10,1
Tides,2026-07-30,10,1
Tides,2026-07-31,10,1
Tides,2026-08-02,10,1
Tides,2026-08-03,10,1
Tides,2026-08-04,10,1
Tides,2026-08-05,10,1
Tides,2026-08-06,10,1
Tides,2026-08-07,10,1
Tides,2026-08-08,10,1
Tides,2026-08-09,10,1
Tides,2026-08-10,10,1
Tides,2026-08-11,10,1
Tides,2026-08-13,10,1
Tides,2026-08-14,10,1
Tides,2026-08-15,10,1
Tides,2026-08-16,10,1
Tides,2026-08-17,10,1
Tides,2026-08-18,10,1
Tides,2026-08-19,10,1
Tides,2026-08-20,10,1
Tides,2026-08-21,10,1
Tides,2026-08-22,10,1
Tides,2026-08-24,10,1
Tides,2026-09-02,10,1
Tides,2026-09-03,10,1
Tides,2026-09-04,10,1
Tides,2026-09-05,10,1
Tides,2026-09-06,10,1
Tides,2026-09-07,10,1
Tides,2026-09-12,10,1
Tides,2026-09-17,10,1
Tides,2026-09-18,10,1
Tides,2026-09-19,10,1
Tides,2026-09-20,10,1
Traveler's Gun,2023-10-18,5500,
Traveler's Gun,2023-10-19,5000,
Traveler's Gun,2023-10-21,4000,
Traveler's Gun,2023-10-23,3300,
Traveler's Gun,2023-10-24,3050,
Traveler's Gun,2023-10-26,2700,
Traveler's Gun,2023-11-01,2200,
Traveler's Gun,2023-11-05,1750,
Traveler's Gun,2023-11-06,1600,
Traveler's Gun,2023-11-09,1400,
Traveler's Gun,2023-11-13,1350,
Traveler's Gun,2023-11-14,1400,
Traveler's Gun,2023-11-18,1450,
Traveler's Gun,2023-11-22,1500,
Traveler's Gun,2023-11-26,1550,
Traveler's Gun,2023-11-27,1600,
Traveler's Gun,2023-11-29,1550,
Traveler's Gun,2023-12-03,1450,
Traveler's Gun,2023-12-05,1400,
Traveler's Gun,2023-12-14,1250,
Traveler's Gun,2023-12-22,1200,
Traveler's Gun,2024-01-02,1100,
Traveler's Gun,2024-01-08,1050,
Traveler's Gun,2024-01-19,1000,
Traveler's Gun,2024-01-29,1050,
Traveler's Gun,2024-02-03,1000,
Traveler's Gun,2024-02-20,950,
Traveler's Gun,2024-02-26,1000,
Traveler's Gun,2024-02-29,1050,
Traveler's Gun,2024-03-04,1100,
Traveler's Gun,2024-03-06,1250,
Traveler's Gun,2024-03-11,1300,
Traveler's Gun,2024-03-14,1400,
Traveler's Gun,2024-03-18,1350,
Traveler's Gun,2024-03-21,1300,
Traveler's Gun,2024-03-25,1250,
Traveler's Gun,2024-03-29,1200,
Traveler's Gun,2024-04-10,1250,
Traveler's Gun,2024-04-11,1300,
Traveler's Gun,2024-04-15,1400,
Traveler's Gun,2024-04-16,1500,
Traveler's Gun,2024-04-21,1550,
Traveler's Gun,2024-04-24,1600,
Traveler's Gun,2024-04-26,1550,
Traveler's Gun,2024-05-01,1500,
Traveler's Gun,2024-05-07,1450,
Traveler's Gun,2024-05-09,1400,
Traveler's Gun,2024-05-17,1450,
Traveler's Gun,2024-05-20,1500,
Traveler's Gun,2024-05-29,1550,
Traveler's Gun,2024-06-08,1600,
Traveler's Gun,2024-06-15,1650,
Traveler's Gun,2024-06-19,1700,
Traveler's Gun,2024-06-26,1750,
Traveler's Gun,2024-06-28,1800,
Traveler's Gun,2024-07-01,1900,
Traveler's Gun,2024-07-09,1950,
Traveler's Gun,2024-07-14,2000,
Traveler's Gun,2024-07-18,1900,
Traveler's Gun,2024-07-21,1800,
Traveler's Gun,2024-07-25,1700,
Traveler's Gun,2024-07-27,1600,
Traveler's Gun,2024-07-31,1450,
Traveler's Gun,2024-08-02,1400,
Traveler's Gun,2024-08-04,1300,
Traveler's Gun,2024-08-08,1250,
Traveler's Gun,2024-08-14,1350,
Traveler's Gun,2024-08-16,1400,
Traveler's Gun,2024-08-18,1500,
Traveler's Gun,2024-08-22,1600,
Traveler's Gun,2024-08-29,1700,
Traveler's Gun,2024-08-31,1750,
Traveler's Gun,2024-09-02,1800,
Traveler's Gun,2024-09-05,1850,
Traveler's Gun,2024-09-08,1900,
Traveler's Gun,2024-09-12,1950,
Traveler's Gun,2024-09-14,2000,
Traveler's Gun,2024-09-18,2100,
Traveler's Gun,2024-09-23,2200,
Traveler's Gun,2024-09-27,2100,
Traveler's Gun,2024-10-02,2150,
Traveler's Gun,2024-10-06,2200,
Traveler's Gun,2024-10-16,2225,
Traveler's Gun,2024-10-18,2250,
Traveler's Gun,2024-11-02,2300,
Traveler's Gun,2024-11-26,2500,
Traveler's Gun,2024-12-02,2700,
Traveler's Gun,2024-12-06,3000,
Traveler's Gun,2024-12-08,3200,
Traveler's Gun,2024-12-11,3300,
Traveler's Gun,2025-01-24,3400,
Traveler's Gun,2025-01-26,3500,
Traveler's Gun,2025-02-03,3600,
Traveler's Gun,2025-02-09,3500,
Traveler's Gun,2025-02-12,3400,
Traveler's Gun,2025-02-14,3300,
Traveler's Gun,2025-02-17,3200,
Traveler's Gun,2025-02-19,3150,
Traveler's Gun,2025-02-22,3050,
Traveler's Gun,2025-02-23,3000,
Traveler's Gun,2025-03-04,2950,
Traveler's Gun,2025-03-09,3000,
Traveler's Gun,2025-03-15,3300,
Traveler's Gun,2025-03-17,3400,
Traveler's Gun,2025-04-09,3450,
Traveler's Gun,2025-04-13,3500,
Traveler's Gun,2025-04-15,3600,
Traveler's Gun,2025-04-20,3700,
Traveler's Gun,2025-04-30,3600,
Traveler's Gun,2025-05-09,3700,
Traveler's Gun,2025-05-12,3800,
Traveler's Gun,2025-05-15,3900,
Traveler's Gun,2025-05-21,4000,
Traveler's Gun,2025-05-24,3900,
Traveler's Gun,2025-05-28,3800,
Traveler's Gun,2025-06-01,3700,
Traveler's Gun,2025-06-05,3800,
Traveler's Gun,2025-06-08,3900,
Traveler's Gun,2025-06-17,3800,
Traveler's Gun,2025-06-20,3700,
Traveler's Gun,2025-06-26,3800,
Traveler's Gun,2025-06-29,3700,
Traveler's Gun,2025-07-02,3600,
Traveler's Gun,2025-07-19,3500,
Traveler's Gun,2025-07-24,3600,
Traveler's Gun,2025-07-28,3700,
Traveler's Gun,2025-08-01,3600,
Traveler's Gun,2025-08-14,3700,
Traveler's Gun,2025-10-08,3750,
Traveler's Gun,2025-10-10,3800,
Traveler's Gun,2025-10-15,3850,
Traveler's Gun,2025-10-19,3900,
Traveler's Gun,2025-10-21,3950,
Traveler's Gun,2025-10-23,4000,
Traveler's Gun,2025-10-26,4000,7
Traveler's Gun,2025-10-28,4100,
Traveler's Gun,2025-11-25,4100,7
Traveler's Gun,2025-12-04,4100,7
Traveler's Gun,2025-12-08,4100,7
Traveler's Gun,2025-12-14,4100,7
Traveler's Gun,2025-12-17,4150,
Traveler's Gun,2025-12-18,4200,
Traveler's Gun,2025-12-19,4250,
Traveler's Gun,2025-12-21,4300,
Traveler's Gun,2025-12-23,4300,7
Traveler's Gun,2025-12-24,4400,
Traveler's Gun,2025-12-26,4400,7
Traveler's Gun,2025-12-27,4500,
Traveler's Gun,2025-12-28,4500,7
Traveler's Gun,2025-12-29,4600,
Traveler's Gun,2025-12-30,4600,7
Traveler's Gun,2026-01-01,4500,
Traveler's Gun,2026-01-04,4400,
Traveler's Gun,2026-01-06,4300,
Traveler's Gun,2026-01-08,4200,
Traveler's Gun,2026-01-09,4200,6
Traveler's Gun,2026-01-11,4100,
Traveler's Gun,2026-01-14,4000,
Traveler's Gun,2026-01-20,4150,
Traveler's Gun,2026-01-22,4200,
Traveler's Gun,2026-01-24,4300,
Traveler's Gun,2026-01-27,4400,
Traveler's Gun,2026-01-28,4500,
Traveler's Gun,2026-01-31,4600,
Traveler's Gun,2026-02-01,4700,
Traveler's Gun,2026-02-06,4600,
Traveler's Gun,2026-02-07,4600,6
Traveler's Gun,2026-02-08,4500,
Traveler's Gun,2026-02-10,4400,
Traveler's Gun,2026-02-13,4400,6
Traveler's Gun,2026-02-15,4300,
Traveler's Gun,2026-02-19,4200,6
Traveler's Gun,2026-03-01,4250,
Traveler's Gun,2026-03-04,4300,
Traveler's Gun,2026-03-06,4400,
Traveler's Gun,2026-03-09,4500,
Traveler's Gun,2026-03-11,4400,
Traveler's Gun,2026-03-14,4300,
Traveler's Gun,2026-03-16,4200,
Traveler's Gun,2026-03-17,4200,6
Traveler's Gun,2026-03-19,4100,
Traveler's Gun,2026-03-21,4100,6
Traveler's Gun,2026-03-25,4100,6
Traveler's Gun,2026-04-13,4100,6
Traveler's Gun,2026-04-16,4150,
Traveler's Gun,2026-04-18,4200,
Traveler's Gun,2026-04-19,4200,6
Traveler's Gun,2026-04-20,4200,6
Traveler's Gun,2026-04-21,4250,
Traveler's Gun,2026-04-22,4250,6
Traveler's Gun,2026-04-23,4300,
Traveler's Gun,2026-04-24,4300,6
Traveler's Gun,2026-04-26,4350,
Traveler's Gun,2026-04-27,4350,6
Traveler's Gun,2026-04-28,4400,
Traveler's Gun,2026-05-01,4450,
Traveler's Gun,2026-05-02,4450,6
Traveler's Gun,2026-05-03,4500,
Traveler's Gun,2026-05-06,4500,6
Traveler's Gun,2026-05-09,4500,6
Traveler's Gun,2026-05-11,4500,6
Traveler's Gun,2026-05-12,4500,6
Traveler's Gun,2026-05-14,4500,6
Traveler's Gun,2026-05-17,4500,6
Traveler's Gun,2026-05-19,4500,6
Traveler's Gun,2026-05-21,4500,6
Traveler's Gun,2026-05-23,4500,6
Traveler's Gun,2026-05-24,4600,6
Traveler's Gun,2026-05-25,4650,
Traveler's Gun,2026-05-27,4750,
Traveler's Gun,2026-05-30,4900,
Traveler's Gun,2026-06-03,5000,
Traveler's Gun,2026-06-06,5250,
Traveler's Gun,2026-06-07,5500,
Traveler's Gun,2026-06-10,5750,
Traveler's Gun,2026-06-12,6000,
Traveler's Gun,2026-06-14,6200,
Traveler's Gun,2026-06-17,6300,
Traveler's Gun,2026-06-19,6200,
Traveler's Gun,2026-06-21,6200,6
Traveler's Gun,2026-06-22,6000,
Traveler's Gun,2026-06-23,6000,5
Traveler's Gun,2026-06-24,5750,
Traveler's Gun,2026-06-25,5750,5
Traveler's Gun,2026-06-26,5750,5
Traveler's Gun,2026-06-27,5500,
Traveler's Gun,2026-06-28,5500,5
Traveler's Gun,2026-06-29,5250,
Traveler's Gun,2026-07-02,5250,5
Traveler's Gun,2026-07-03,5000,
Traveler's Gun,2026-07-05,4750,
Traveler's Gun,2026-07-06,4750,5
Traveler's Gun,2026-07-12,4800,
Traveler's Gun,2026-07-13,4900,
Traveler's Gun,2026-07-14,4900,5
Traveler's Gun,2026-07-16,5000,
Traveler's Gun,2026-07-17,5000,6
Traveler's Gun,2026-07-18,5200,
Traveler's Gun,2026-07-21,5400,
Traveler's Gun,2026-07-24,5500,
Traveler's Gun,2026-07-26,5600,
Traveler's Gun,2026-09-01,5500,
Traveler's Gun,2026-09-07,5500,5
Traveler's Gun,2026-09-13,5400,
Traveler's Gun,2026-09-16,5300,
Traveler's Gun,2026-09-17,5300,5
Traveler's Gun,2026-09-18,5300,5
Traveler's Gun,2026-09-19,5200,5
Traveler's Gun,2026-09-20,5200,5
Treat,2026-02-15,475,
Treat,2026-02-16,425,
Treat,2026-02-17,375,
Treat,2026-02-19,350,
Treat,2026-02-21,300,
Treat,2026-02-23,275,
Treat,2026-02-25,250,
Treat,2026-02-27,225,
Treat,2026-03-09,230,
Treat,2026-03-11,235,
Treat,2026-03-14,250,
Treat,2026-03-16,255,
Treat,2026-03-17,255,4
Treat,2026-03-19,260,
Treat,2026-03-21,260,4
Treat,2026-03-24,255,
Treat,2026-03-25,255,4
Treat,2026-03-26,250,
Treat,2026-03-30,245,
Treat,2026-03-31,240,
Treat,2026-04-04,235,
Treat,2026-04-07,230,
Treat,2026-04-11,225,
Treat,2026-04-13,220,
Treat,2026-04-16,215,
Treat,2026-04-18,210,
Treat,2026-04-19,210,3
Treat,2026-04-20,210,3
Treat,2026-04-22,210,3
Treat,2026-04-23,215,
Treat,2026-04-24,215,3
Treat,2026-04-27,215,3
Treat,2026-04-28,215,3
Treat,2026-05-02,215,3
Treat,2026-05-03,210,
Treat,2026-05-06,205,
Treat,2026-05-08,195,
Treat,2026-05-09,195,3
Treat,2026-05-11,190,
Treat,2026-05-12,190,3
Treat,2026-05-14,185,
Treat,2026-05-17,180,
Treat,2026-05-18,175,
Treat,2026-05-19,175,3
Treat,2026-05-21,170,
Treat,2026-05-23,170,3
Treat,2026-05-24,170,3
Treat,2026-05-25,165,
Treat,2026-05-27,160,
Treat,2026-05-30,155,
Treat,2026-06-03,150,
Treat,2026-06-06,145,
Treat,2026-06-07,140,
Treat,2026-06-21,140,3
Treat,2026-06-22,140,3
Treat,2026-06-23,140,3
Treat,2026-06-24,140,3
Treat,2026-06-25,140,3
Treat,2026-06-26,140,3
Treat,2026-06-27,140,3
Treat,2026-06-28,140,3
Treat,2026-06-29,145,
Treat,2026-07-02,145,3
Treat,2026-07-03,155,
Treat,2026-07-05,165,
Treat,2026-07-06,165,3
Treat,2026-07-07,175,
Treat,2026-07-12,170,
Treat,2026-07-13,165,
Treat,2026-07-14,165,3
Treat,2026-07-17,165,3
Treat,2026-07-18,160,
Treat,2026-07-25,160,3
Treat,2026-07-26,155,
Treat,2026-07-27,155,3
Treat,2026-07-28,155,3
Treat,2026-07-30,155,3
Treat,2026-07-31,155,3
Treat,2026-08-02,155,3
Treat,2026-08-03,155,3
Treat,2026-08-04,155,3
Treat,2026-08-05,155,3
Treat,2026-08-06,155,3
Treat,2026-08-07,155,3
Treat,2026-08-08,155,3
Treat,2026-08-09,155,3
Treat,2026-08-10,155,3
Treat,2026-08-11,155,3
Treat,2026-08-13,155,3
Treat,2026-08-14,155,3
Treat,2026-08-15,155,3
Treat,2026-08-16,155,3
Treat,2026-08-17,155,3
Treat,2026-08-18,155,3
Treat,2026-08-19,155,3
Treat,2026-08-20,155,3
Treat,2026-08-21,155,3
Treat,2026-08-22,155,3
Treat,2026-08-24,155,3
Treat,2026-09-02,155,3
Treat,2026-09-03,155,3
Treat,2026-09-04,155,3
Treat,2026-09-05,155,3
Treat,2026-09-06,155,3
Treat,2026-09-07,155,3
Treat,2026-09-12,155,3
Treat,2026-09-17,155,3
Treat,2026-09-18,155,3
Treat,2026-09-19,155,3
Treat,2026-09-20,155,3
Turkey,2023-11-22,1200,
Turkey,2023-11-23,1100,
Turkey,2023-11-26,850,
Turkey,2023-11-27,700,
Turkey,2023-11-29,500,
Turkey,2023-12-03,400,
Turkey,2023-12-05,325,
Turkey,2023-12-10,300,
Turkey,2023-12-14,325,
Turkey,2023-12-27,350,
Turkey,2024-01-03,375,
Turkey,2024-01-26,425,
Turkey,2024-01-29,450,
Turkey,2024-02-02,500,
Turkey,2024-02-07,550,
Turkey,2024-02-10,600,
Turkey,2024-02-14,625,
Turkey,2024-02-20,650,
Turkey,2024-02-26,700,
Turkey,2024-03-04,800,
Turkey,2024-03-18,900,
Turkey,2024-03-29,950,
Turkey,2024-04-03,900,
Turkey,2024-04-24,950,
Turkey,2024-05-03,1000,
Turkey,2024-05-07,1025,
Turkey,2024-05-09,1050,
Turkey,2024-05-10,1075,
Turkey,2024-05-15,1100,
Turkey,2024-05-17,1125,
Turkey,2024-05-20,1150,
Turkey,2024-05-22,1200,
Turkey,2024-05-29,1225,
Turkey,2024-05-31,1250,
Turkey,2024-06-10,1275,
Turkey,2024-06-14,1300,
Turkey,2024-06-28,1325,
Turkey,2024-07-21,1300,
Turkey,2024-07-25,1275,
Turkey,2024-07-27,1250,
Turkey,2024-07-29,1225,
Turkey,2024-07-31,1200,
Turkey,2024-08-02,1175,
Turkey,2024-08-04,1125,
Turkey,2024-08-08,1100,
Turkey,2024-08-11,1075,
Turkey,2024-08-14,1050,
Turkey,2024-08-16,1025,
Turkey,2024-08-18,1000,
Turkey,2024-08-22,1100,
Turkey,2024-08-29,1150,
Turkey,2024-09-02,1200,
Turkey,2024-09-12,1150,
Turkey,2024-09-14,1125,
Turkey,2024-09-18,1100,
Turkey,2024-09-27,1150,
Turkey,2024-09-29,1200,
Turkey,2024-10-02,1250,
Turkey,2024-10-06,1200,
Turkey,2024-10-20,1175,
Turkey,2024-10-28,1200,
Turkey,2024-11-02,1225,
Turkey,2024-11-03,1250,
Turkey,2024-11-08,1275,
Turkey,2024-11-15,1300,
Turkey,2024-11-18,1325,
Turkey,2024-11-24,1350,
Turkey,2024-12-08,1400,
Turkey,2024-12-11,1450,
Turkey,2024-12-15,1500,
Turkey,2025-01-03,1550,
Turkey,2025-01-10,1600,
Turkey,2025-02-09,1550,
Turkey,2025-02-12,1500,
Turkey,2025-02-14,1450,
Turkey,2025-02-28,1400,
Turkey,2025-03-04,1350,
Turkey,2025-03-15,1450,
Turkey,2025-03-17,1500,
Turkey,2025-03-19,1600,
Turkey,2025-03-23,1700,
Turkey,2025-04-02,1725,
Turkey,2025-04-06,1750,
Turkey,2025-04-09,1700,
Turkey,2025-04-13,1675,
Turkey,2025-04-15,1650,
Turkey,2025-04-30,1700,
Turkey,2025-05-21,1725,
Turkey,2025-05-24,1750,
Turkey,2025-05-28,1775,
Turkey,2025-06-01,1800,
Turkey,2025-06-08,1825,
Turkey,2025-06-11,1850,
Turkey,2025-06-13,1875,
Turkey,2025-06-17,1900,
Turkey,2025-06-20,1925,
Turkey,2025-06-24,1950,
Turkey,2025-06-26,1975,
Turkey,2025-06-29,2000,
Turkey,2025-07-02,2025,
Turkey,2025-07-05,2050,
Turkey,2025-07-11,2025,
Turkey,2025-07-14,2000,
Turkey,2025-07-19,1975,
Turkey,2025-07-24,2000,
Turkey,2025-07-28,2025,
Turkey,2025-08-01,2050,
Turkey,2025-08-03,2075,
Turkey,2025-08-07,2100,
Turkey,2025-08-14,2075,
Turkey,2025-08-19,2050,
Turkey,2025-08-22,2025,
Turkey,2025-08-26,2000,
Turkey,2025-09-18,2025,
Turkey,2025-09-23,2050,
Turkey,2025-09-25,2075,
Turkey,2025-09-28,2100,
Turkey,2025-10-08,2125,
Turkey,2025-10-15,2050,
Turkey,2025-10-19,1950,
Turkey,2025-10-21,1800,
Turkey,2025-10-23,1600,
Turkey,2025-10-26,1600,5
Turkey,2025-10-28,1400,
Turkey,2025-11-01,1300,
Turkey,2025-11-06,1325,
Turkey,2025-11-11,1350,
Turkey,2025-11-13,1400,
Turkey,2025-11-16,1450,
Turkey,2025-11-18,1500,
Turkey,2025-11-20,1600,
Turkey,2025-11-24,1700,
Turkey,2025-11-25,1700,6
Turkey,2025-11-27,1800,
Turkey,2025-11-30,1900,
Turkey,2025-12-04,1950,
Turkey,2025-12-08,1900,
Turkey,2025-12-11,1850,
Turkey,2025-12-14,1850,5
Turkey,2025-12-15,1800,
Turkey,2025-12-17,1750,
Turkey,2025-12-18,1700,
Turkey,2025-12-19,1650,
Turkey,2025-12-21,1600,
Turkey,2025-12-23,1600,5
Turkey,2025-12-24,1550,
Turkey,2025-12-26,1550,5
Turkey,2025-12-27,1625,
Turkey,2025-12-28,1625,6
Turkey,2025-12-29,1650,
Turkey,2025-12-30,1650,6
Turkey,2026-01-01,1700,
Turkey,2026-01-04,1750,
Turkey,2026-01-06,1800,
Turkey,2026-01-09,1800,6
Turkey,2026-01-24,1800,5
Turkey,2026-02-07,1800,5
Turkey,2026-02-13,1800,5
Turkey,2026-02-19,1800,5
Turkey,2026-02-27,1825,
Turkey,2026-03-17,1825,5
Turkey,2026-03-21,1825,5
Turkey,2026-03-25,1825,5
Turkey,2026-04-13,1825,5
Turkey,2026-04-16,1850,
Turkey,2026-04-18,1875,
Turkey,2026-04-19,1875,5
Turkey,2026-04-20,1875,5
Turkey,2026-04-21,1900,
Turkey,2026-04-22,1900,5
Turkey,2026-04-23,1925,
Turkey,2026-04-24,1925,5
Turkey,2026-04-26,1950,
Turkey,2026-04-27,1950,5
Turkey,2026-04-28,1975,
Turkey,2026-05-01,2000,
Turkey,2026-05-02,2000,5
Turkey,2026-05-03,2025,
Turkey,2026-05-06,2050,
Turkey,2026-05-08,2100,
Turkey,2026-05-09,2100,6
Turkey,2026-05-11,2175,
Turkey,2026-05-12,2175,6
Turkey,2026-05-14,2250,
Turkey,2026-05-17,2350,
Turkey,2026-05-18,2425,
Turkey,2026-05-19,2425,6
Turkey,2026-05-21,2475,
Turkey,2026-05-23,2475,5
Turkey,2026-05-24,2450,5
Turkey,2026-06-21,2450,5
Turkey,2026-06-22,2450,5
Turkey,2026-06-23,2450,5
Turkey,2026-06-24,2450,5
Turkey,2026-06-25,2450,5
Turkey,2026-06-26,2450,5
Turkey,2026-06-27,2450,5
Turkey,2026-06-28,2450,5
Turkey,2026-07-02,2450,5
Turkey,2026-07-03,2450,5
Turkey,2026-07-05,2450,5
Turkey,2026-07-06,2450,5
Turkey,2026-07-12,2450,5
Turkey,2026-07-14,2450,5
Turkey,2026-07-17,2450,5
Turkey,2026-08-26,2425,
Turkey,2026-08-28,2400,
Turkey,2026-08-30,2350,
Turkey,2026-09-01,2300,
Turkey,2026-09-02,2250,
Turkey,2026-09-04,2200,
Turkey,2026-09-07,2200,5
Turkey,2026-09-09,2000,
Turkey,2026-09-12,1900,
Turkey,2026-09-13,1850,
Turkey,2026-09-15,1800,
Turkey,2026-09-16,1775,
Turkey,2026-09-17,1775,5
Turkey,2026-09-18,1775,5
Turkey,2026-09-19,1775,5
Turkey,2026-09-20,1775,5
Vampire's Edge,2020-10-31,30,
Vampire's Edge,2020-11-06,25,
Vampire's Edge,2020-11-10,20,
Vampire's Edge,2020-11-26,18,
Vampire's Edge,2020-12-14,15,
Vampire's Edge,2021-01-22,12,
Vampire's Edge,2021-01-26,13,
Vampire's Edge,2021-05-07,15,
Vampire's Edge,2021-06-28,18,
Vampire's Edge,2021-07-18,20,
Vampire's Edge,2021-08-23,25,
Vampire's Edge,2021-11-22,28,
Vampire's Edge,2022-08-05,25,
Vampire's Edge,2022-08-11,22,
Vampire's Edge,2022-08-17,20,
Vampire's Edge,2022-08-27,15,
Vampire's Edge,2022-09-11,13,
Vampire's Edge,2022-10-09,10,
Vampire's Edge,2022-10-18,8,
Vampire's Edge,2023-01-01,10,
Vampire's Edge,2023-01-17,12,
Vampire's Edge,2023-02-11,13,
Vampire's Edge,2023-03-30,15,
Vampire's Edge,2023-04-27,17,
Vampire's Edge,2023-05-03,18,
Vampire's Edge,2023-05-08,20,
Vampire's Edge,2023-06-01,18,
Vampire's Edge,2024-03-29,17,
Vampire's Edge,2024-04-24,15,
Vampire's Edge,2025-10-26,15,2
Vampire's Edge,2025-11-25,15,2
Vampire's Edge,2025-12-04,15,2
Vampire's Edge,2025-12-08,15,2
Vampire's Edge,2025-12-14,15,2
Vampire's Edge,2025-12-21,15,2
Vampire's Edge,2025-12-23,15,2
Vampire's Edge,2025-12-24,15,2
Vampire's Edge,2025-12-26,15,2
Vampire's Edge,2025-12-28,15,2
Vampire's Edge,2025-12-30,15,2
Vampire's Edge,2026-01-09,15,2
Vampire's Edge,2026-01-24,15,2
Vampire's Edge,2026-02-07,15,2
Vampire's Edge,2026-02-13,15,2
Vampire's Edge,2026-02-19,15,2
Vampire's Edge,2026-03-17,15,2
Vampire's Edge,2026-03-21,15,2
Vampire's Edge,2026-03-25,15,2
Vampire's Edge,2026-04-13,15,2
Vampire's Edge,2026-04-19,15,2
Vampire's Edge,2026-04-20,15,2
Vampire's Edge,2026-04-22,15,2
Vampire's Edge,2026-04-24,15,2
Vampire's Edge,2026-04-27,15,2
Vampire's Edge,2026-04-28,15,2
Vampire's Edge,2026-05-02,15,2
Vampire's Edge,2026-05-03,15,2
Vampire's Edge,2026-05-06,15,2
Vampire's Edge,2026-05-09,15,2
Vampire's Edge,2026-05-11,15,2
Vampire's Edge,2026-05-12,15,2
Vampire's Edge,2026-05-14,15,2
Vampire's Edge,2026-05-17,15,2
Vampire's Edge,2026-05-19,15,2
Vampire's Edge,2026-05-21,15,2
Vampire's Edge,2026-05-23,15,2
Vampire's Edge,2026-05-24,15,1
Vampire's Edge,2026-06-21,15,1
Vampire's Edge,2026-06-22,15,1
Vampire's Edge,2026-06-23,15,1
Vampire's Edge,2026-06-24,15,1
Vampire's Edge,2026-06-25,15,1
Vampire's Edge,2026-06-26,15,1
Vampire's Edge,2026-06-27,15,1
Vampire's Edge,2026-06-28,15,1
Vampire's Edge,2026-07-02,15,1
Vampire's Edge,2026-07-03,15,1
Vampire's Edge,2026-07-05,15,1
Vampire's Edge,2026-07-06,15,1
Vampire's Edge,2026-07-12,15,1
Vampire's Edge,2026-07-14,15,1
Vampire's Edge,2026-07-17,15,1
Vampire's Edge,2026-07-25,15,1
Vampire's Edge,2026-07-27,15,1
Vampire's Edge,2026-07-28,15,1
Vampire's Edge,2026-07-30,15,1
Vampire's Edge,2026-07-31,15,1
Vampire's Edge,2026-08-02,15,1
Vampire's Edge,2026-08-03,15,1
Vampire's Edge,2026-08-04,15,1
Vampire's Edge,2026-08-05,15,1
Vampire's Edge,2026-08-06,15,1
Vampire's Edge,2026-08-07,15,1
Vampire's Edge,2026-08-08,15,1
Vampire's Edge,2026-08-09,15,1
Vampire's Edge,2026-08-10,15,1
Vampire's Edge,2026-08-11,15,1
Vampire's Edge,2026-08-13,15,1
Vampire's Edge,2026-08-14,15,1
Vampire's Edge,2026-08-15,15,1
Vampire's Edge,2026-08-16,15,1
Vampire's Edge,2026-08-17,15,1
Vampire's Edge,2026-08-18,15,1
Vampire's Edge,2026-08-19,15,1
Vampire's Edge,2026-08-20,15,1
Vampire's Edge,2026-08-21,15,1
Vampire's Edge,2026-08-22,15,1
Vampire's Edge,2026-08-24,15,1
Vampire's Edge,2026-09-02,15,1
Vampire's Edge,2026-09-03,15,1
Vampire's Edge,2026-09-04,15,1
Vampire's Edge,2026-09-05,15,1
Vampire's Edge,2026-09-06,15,1
Vampire's Edge,2026-09-07,15,1
Vampire's Edge,2026-09-12,15,1
Vampire's Edge,2026-09-17,15,1
Vampire's Edge,2026-09-18,15,1
Vampire's Edge,2026-09-19,15,1
Vampire's Edge,2026-09-20,15,1
Vampire's Gun,2024-10-18,3500,
Vampire's Gun,2024-10-20,3000,
Vampire's Gun,2024-10-23,1800,
Vampire's Gun,2024-10-26,1050,
Vampire's Gun,2024-10-28,975,
Vampire's Gun,2024-10-30,925,
Vampire's Gun,2024-11-08,900,
Vampire's Gun,2024-11-13,750,
Vampire's Gun,2024-11-15,525,
Vampire's Gun,2024-11-18,450,
Vampire's Gun,2024-11-22,400,
Vampire's Gun,2024-11-24,375,
Vampire's Gun,2024-11-26,325,
Vampire's Gun,2024-11-30,425,
Vampire's Gun,2024-12-02,475,
Vampire's Gun,2024-12-06,525,
Vampire's Gun,2024-12-15,520,
Vampire's Gun,2024-12-20,510,
Vampire's Gun,2024-12-24,500,
Vampire's Gun,2024-12-31,495,
Vampire's Gun,2025-01-03,490,
Vampire's Gun,2025-01-06,480,
Vampire's Gun,2025-01-10,475,
Vampire's Gun,2025-01-13,460,
Vampire's Gun,2025-01-26,450,
Vampire's Gun,2025-01-29,430,
Vampire's Gun,2025-02-09,420,
Vampire's Gun,2025-03-11,425,
Vampire's Gun,2025-03-15,450,
Vampire's Gun,2025-03-17,475,
Vampire's Gun,2025-03-19,550,
Vampire's Gun,2025-03-23,575,
Vampire's Gun,2025-04-02,550,
Vampire's Gun,2025-04-06,525,
Vampire's Gun,2025-04-09,500,
Vampire's Gun,2025-04-13,475,
Vampire's Gun,2025-05-04,480,
Vampire's Gun,2025-05-09,490,
Vampire's Gun,2025-05-12,510,
Vampire's Gun,2025-05-15,525,
Vampire's Gun,2025-05-21,550,
Vampire's Gun,2025-05-24,575,
Vampire's Gun,2025-05-28,600,
Vampire's Gun,2025-06-01,625,
Vampire's Gun,2025-06-05,600,
Vampire's Gun,2025-06-08,575,
Vampire's Gun,2025-06-11,550,
Vampire's Gun,2025-06-20,575,
Vampire's Gun,2025-06-24,600,
Vampire's Gun,2025-06-26,625,
Vampire's Gun,2025-06-29,650,
Vampire's Gun,2025-07-02,675,
Vampire's Gun,2025-07-05,700,
Vampire's Gun,2025-07-24,725,
Vampire's Gun,2025-07-28,750,
Vampire's Gun,2025-08-01,775,
Vampire's Gun,2025-08-03,800,
Vampire's Gun,2025-08-07,825,
Vampire's Gun,2025-08-11,800,
Vampire's Gun,2025-08-14,775,
Vampire's Gun,2025-08-19,750,
Vampire's Gun,2025-08-26,775,
Vampire's Gun,2025-08-30,800,
Vampire's Gun,2025-09-03,825,
Vampire's Gun,2025-09-05,850,
Vampire's Gun,2025-09-09,875,
Vampire's Gun,2025-09-13,850,
Vampire's Gun,2025-09-17,875,
Vampire's Gun,2025-09-18,900,
Vampire's Gun,2025-09-23,925,
Vampire's Gun,2025-09-25,950,
Vampire's Gun,2025-09-28,975,
Vampire's Gun,2025-10-02,1000,
Vampire's Gun,2025-10-08,1050,
Vampire's Gun,2025-10-19,1075,
Vampire's Gun,2025-10-23,1100,
Vampire's Gun,2025-10-26,1100,5
Vampire's Gun,2025-10-28,1150,
Vampire's Gun,2025-11-01,1200,
Vampire's Gun,2025-11-04,1250,
Vampire's Gun,2025-11-06,1300,
Vampire's Gun,2025-11-11,1500,
Vampire's Gun,2025-11-13,1600,
Vampire's Gun,2025-11-16,1700,
Vampire's Gun,2025-11-18,1750,
Vampire's Gun,2025-11-20,1700,
Vampire's Gun,2025-11-24,1650,
Vampire's Gun,2025-11-25,1650,5
Vampire's Gun,2025-11-27,1600,
Vampire's Gun,2025-11-30,1550,
Vampire's Gun,2025-12-04,1575,
Vampire's Gun,2025-12-08,1600,
Vampire's Gun,2025-12-11,1650,
Vampire's Gun,2025-12-14,1650,6
Vampire's Gun,2025-12-15,1700,
Vampire's Gun,2025-12-17,1750,
Vampire's Gun,2025-12-18,1800,
Vampire's Gun,2025-12-19,1850,
Vampire's Gun,2025-12-21,1900,
Vampire's Gun,2025-12-23,1900,6
Vampire's Gun,2025-12-24,1950,
Vampire's Gun,2025-12-26,1950,6
Vampire's Gun,2025-12-27,1900,
Vampire's Gun,2025-12-28,1900,6
Vampire's Gun,2025-12-29,1850,
Vampire's Gun,2025-12-30,1850,5
Vampire's Gun,2026-01-01,1800,
Vampire's Gun,2026-01-04,1750,
Vampire's Gun,2026-01-06,1725,
Vampire's Gun,2026-01-08,1750,
Vampire's Gun,2026-01-09,1750,5
Vampire's Gun,2026-01-11,1800,
Vampire's Gun,2026-01-14,1825,
Vampire's Gun,2026-01-24,1825,5
Vampire's Gun,2026-01-28,1800,
Vampire's Gun,2026-02-07,1800,5
Vampire's Gun,2026-02-13,1800,5
Vampire's Gun,2026-02-19,1800,5
Vampire's Gun,2026-03-17,1800,5
Vampire's Gun,2026-03-21,1800,5
Vampire's Gun,2026-03-25,1800,5
Vampire's Gun,2026-04-04,1775,
Vampire's Gun,2026-04-07,1750,
Vampire's Gun,2026-04-11,1725,
Vampire's Gun,2026-04-13,1700,
Vampire's Gun,2026-04-19,1700,5
Vampire's Gun,2026-04-20,1700,5
Vampire's Gun,2026-04-22,1700,5
Vampire's Gun,2026-04-24,1700,5
Vampire's Gun,2026-04-27,1700,5
Vampire's Gun,2026-04-28,1700,5
Vampire's Gun,2026-05-02,1700,5
Vampire's Gun,2026-05-03,1700,5
Vampire's Gun,2026-05-06,1700,5
Vampire's Gun,2026-05-09,1700,5
Vampire's Gun,2026-05-11,1700,5
Vampire's Gun,2026-05-12,1700,5
Vampire's Gun,2026-05-14,1700,5
Vampire's Gun,2026-05-17,1700,5
Vampire's Gun,2026-05-19,1700,5
Vampire's Gun,2026-05-21,1700,5
Vampire's Gun,2026-05-23,1700,5
Vampire's Gun,2026-05-24,1700,5
Vampire's Gun,2026-06-21,1700,5
Vampire's Gun,2026-06-22,1700,5
Vampire's Gun,2026-06-23,1700,5
Vampire's Gun,2026-06-24,1700,5
Vampire's Gun,2026-06-25,1700,5
Vampire's Gun,2026-06-26,1700,5
Vampire's Gun,2026-06-27,1700,5
Vampire's Gun,2026-06-28,1700,5
Vampire's Gun,2026-07-02,1700,5
Vampire's Gun,2026-07-03,1700,5
Vampire's Gun,2026-07-05,1700,5
Vampire's Gun,2026-07-06,1700,5
Vampire's Gun,2026-07-12,1700,5
Vampire's Gun,2026-07-13,1750,
Vampire's Gun,2026-07-14,1750,5
Vampire's Gun,2026-07-16,1800,
Vampire's Gun,2026-07-17,1800,6
Vampire's Gun,2026-07-18,1825,
Vampire's Gun,2026-07-21,1875,
Vampire's Gun,2026-07-24,1900,
Vampire's Gun,2026-07-25,1925,
Vampire's Gun,2026-07-26,1950,
Vampire's Gun,2026-08-28,2000,
Vampire's Gun,2026-08-30,2050,
Vampire's Gun,2026-09-01,2150,
Vampire's Gun,2026-09-02,2200,
Vampire's Gun,2026-09-04,2250,
Vampire's Gun,2026-09-07,2250,5
Vampire's Gun,2026-09-09,2100,
Vampire's Gun,2026-09-12,1950,
Vampire's Gun,2026-09-13,1850,
Vampire's Gun,2026-09-15,1800,
Vampire's Gun,2026-09-16,1775,
Vampire's Gun,2026-09-17,1775,5
Vampire's Gun,2026-09-18,1775,5
Vampire's Gun,2026-09-19,1750,5
Vampire's Gun,2026-09-20,1750,5
Virtual,2020-08-26,90,
Virtual,2020-10-31,95,
Virtual,2021-01-22,93,
Virtual,2021-03-20,100,
Virtual,2021-04-26,105,
Virtual,2021-05-12,110,
Virtual,2021-06-13,120,
Virtual,2021-06-18,125,
Virtual,2021-07-18,135,
Virtual,2021-07-27,140,
Virtual,2021-08-23,130,
Virtual,2021-09-05,115,
Virtual,2021-09-09,105,
Virtual,2021-10-02,100,
Virtual,2021-10-25,90,
Virtual,2022-01-08,85,
Virtual,2022-01-16,75,
Virtual,2022-02-03,70,
Virtual,2022-02-16,60,
Virtual,2022-03-07,55,
Virtual,2022-03-14,50,
Virtual,2022-04-02,45,
Virtual,2022-06-06,40,
Virtual,2022-07-28,35,
Virtual,2022-11-29,40,
Virtual,2022-12-07,45,
Virtual,2022-12-20,50,
Virtual,2023-04-27,55,
Virtual,2023-05-08,60,
Virtual,2023-06-01,55,
Virtual,2023-06-07,50,
Virtual,2023-08-20,45,
Virtual,2023-10-15,42,
Virtual,2023-10-26,40,
Virtual,2023-12-03,38,
Virtual,2024-01-02,35,
Virtual,2024-03-29,30,
Virtual,2024-09-23,28,
Virtual,2025-01-15,27,
Virtual,2025-04-13,25,
Virtual,2025-04-15,23,
Virtual,2025-05-04,22,
Virtual,2025-07-19,20,
Virtual,2025-09-18,18,
Virtual,2025-10-26,18,2
Virtual,2025-11-25,18,2
Virtual,2025-12-04,18,2
Virtual,2025-12-08,18,2
Virtual,2025-12-14,18,2
Virtual,2025-12-21,18,2
Virtual,2025-12-23,18,2
Virtual,2025-12-24,18,2
Virtual,2025-12-26,18,2
Virtual,2025-12-28,18,2
Virtual,2025-12-30,18,2
Virtual,2026-01-09,18,2
Virtual,2026-01-11,17,
Virtual,2026-01-24,17,2
Virtual,2026-02-07,17,2
Virtual,2026-02-13,17,2
Virtual,2026-02-19,17,2
Virtual,2026-03-17,17,2
Virtual,2026-03-21,17,2
Virtual,2026-03-25,17,2
Virtual,2026-04-13,17,2
Virtual,2026-04-19,17,2
Virtual,2026-04-20,17,2
Virtual,2026-04-22,17,2
Virtual,2026-04-24,17,2
Virtual,2026-04-27,17,2
Virtual,2026-04-28,17,2
Virtual,2026-05-02,17,2
Virtual,2026-05-03,17,2
Virtual,2026-05-06,17,2
Virtual,2026-05-09,17,2
Virtual,2026-05-11,17,2
Virtual,2026-05-12,17,2
Virtual,2026-05-14,17,2
Virtual,2026-05-17,17,2
Virtual,2026-05-19,17,2
Virtual,2026-05-21,17,2
Virtual,2026-05-23,17,2
Virtual,2026-05-24,15,1
Virtual,2026-06-21,15,1
Virtual,2026-06-22,15,1
Virtual,2026-06-23,15,1
Virtual,2026-06-24,15,1
Virtual,2026-06-25,15,1
Virtual,2026-06-26,15,1
Virtual,2026-06-27,15,1
Virtual,2026-06-28,15,1
Virtual,2026-07-02,15,1
Virtual,2026-07-03,15,1
Virtual,2026-07-05,15,1
Virtual,2026-07-06,15,1
Virtual,2026-07-12,13,
Virtual,2026-07-14,13,1
Virtual,2026-07-17,13,1
Virtual,2026-07-25,13,1
Virtual,2026-07-27,13,1
Virtual,2026-07-28,13,1
Virtual,2026-07-30,13,1
Virtual,2026-07-31,13,1
Virtual,2026-08-02,13,1
Virtual,2026-08-03,13,1
Virtual,2026-08-04,13,1
Virtual,2026-08-05,13,1
Virtual,2026-08-06,13,1
Virtual,2026-08-07,13,1
Virtual,2026-08-08,13,1
Virtual,2026-08-09,13,1
Virtual,2026-08-10,13,1
Virtual,2026-08-11,13,1
Virtual,2026-08-13,13,1
Virtual,2026-08-14,13,1
Virtual,2026-08-15,13,1
Virtual,2026-08-16,13,1
Virtual,2026-08-17,13,1
Virtual,2026-08-18,13,1
Virtual,2026-08-19,13,1
Virtual,2026-08-20,13,1
Virtual,2026-08-21,13,1
Virtual,2026-08-22,13,1
Virtual,2026-08-24,13,1
Virtual,2026-09-02,13,1
Virtual,2026-09-03,13,1
Virtual,2026-09-04,13,1
Virtual,2026-09-05,13,1
Virtual,2026-09-06,13,1
Virtual,2026-09-07,13,1
Virtual,2026-09-12,13,1
Virtual,2026-09-17,13,1
Virtual,2026-09-18,13,1
Virtual,2026-09-19,13,1
Virtual,2026-09-20,13,1
Watergun,2024-07-06,2000,
Watergun,2024-07-11,1000,
Watergun,2024-07-14,750,
Watergun,2024-07-15,700,
Watergun,2024-07-18,525,
Watergun,2024-07-21,500,
Watergun,2024-07-25,400,
Watergun,2024-07-27,350,
Watergun,2024-07-29,325,
Watergun,2024-07-31,300,
Watergun,2024-08-02,275,
Watergun,2024-08-08,260,
Watergun,2024-08-11,250,
Watergun,2024-08-22,225,
Watergun,2024-08-26,210,
Watergun,2024-08-29,200,
Watergun,2024-09-05,190,
Watergun,2024-09-08,175,
Watergun,2024-09-12,170,
Watergun,2024-09-14,165,
Watergun,2024-09-18,150,
Watergun,2024-09-19,140,
Watergun,2024-10-06,135,
Watergun,2024-10-16,140,
Watergun,2024-10-30,145,
Watergun,2024-11-30,140,
Watergun,2024-12-02,135,
Watergun,2024-12-06,130,
Watergun,2024-12-11,125,
Watergun,2024-12-15,120,
Watergun,2024-12-20,115,
Watergun,2024-12-23,110,
Watergun,2024-12-24,105,
Watergun,2024-12-29,100,
Watergun,2025-01-13,95,
Watergun,2025-01-18,90,
Watergun,2025-02-03,85,
Watergun,2025-02-07,80,
Watergun,2025-02-12,75,
Watergun,2025-02-17,72,
Watergun,2025-03-04,70,
Watergun,2025-03-09,68,
Watergun,2025-03-11,67,
Watergun,2025-03-15,65,
Watergun,2025-04-15,70,
Watergun,2025-05-09,75,
Watergun,2025-05-21,80,
Watergun,2025-05-28,85,
Watergun,2025-06-01,90,
Watergun,2025-06-05,95,
Watergun,2025-06-08,100,
Watergun,2025-06-11,105,
Watergun,2025-06-13,110,
Watergun,2025-06-17,115,
Watergun,2025-06-20,125,
Watergun,2025-06-29,120,
Watergun,2025-07-02,115,
Watergun,2025-07-05,110,
Watergun,2025-07-19,115,
Watergun,2025-07-21,120,
Watergun,2025-07-24,125,
Watergun,2025-07-28,130,
Watergun,2025-08-01,135,
Watergun,2025-08-03,130,
Watergun,2025-08-07,125,
Watergun,2025-08-11,120,
Watergun,2025-10-26,120,3
Watergun,2025-11-25,120,3
Watergun,2025-12-04,120,3
Watergun,2025-12-08,120,3
Watergun,2025-12-14,120,3
Watergun,2025-12-21,115,
Watergun,2025-12-23,115,2
Watergun,2025-12-24,115,2
Watergun,2025-12-26,115,2
Watergun,2025-12-28,115,2
Watergun,2025-12-30,115,2
Watergun,2026-01-09,115,2
Watergun,2026-01-24,115,2
Watergun,2026-02-07,115,2
Watergun,2026-02-13,115,2
Watergun,2026-02-19,115,2
Watergun,2026-03-16,120,
Watergun,2026-03-17,120,2
Watergun,2026-03-21,120,2
Watergun,2026-03-25,120,2
Watergun,2026-04-13,120,2
Watergun,2026-04-16,125,
Watergun,2026-04-18,130,
Watergun,2026-04-19,130,2
Watergun,2026-04-20,130,2
Watergun,2026-04-21,135,
Watergun,2026-04-22,135,3
Watergun,2026-04-23,140,
Watergun,2026-04-24,140,3
Watergun,2026-04-26,145,
Watergun,2026-04-27,145,3
Watergun,2026-04-28,150,
Watergun,2026-05-01,155,
Watergun,2026-05-02,155,3
Watergun,2026-05-03,160,
Watergun,2026-05-06,160,3
Watergun,2026-05-08,165,
Watergun,2026-05-09,165,3
Watergun,2026-05-11,170,
Watergun,2026-05-12,170,3
Watergun,2026-05-14,175,
Watergun,2026-05-17,175,3
Watergun,2026-05-19,175,3
Watergun,2026-05-21,185,
Watergun,2026-05-23,185,4
Watergun,2026-05-24,195,4
Watergun,2026-05-25,210,
Watergun,2026-05-27,240,
Watergun,2026-05-30,265,
Watergun,2026-06-03,275,
Watergun,2026-06-06,280,
Watergun,2026-06-07,275,
Watergun,2026-06-10,270,
Watergun,2026-06-14,265,
Watergun,2026-06-17,260,
Watergun,2026-06-21,260,3
Watergun,2026-06-22,250,
Watergun,2026-06-23,250,3
Watergun,2026-06-24,250,3
Watergun,2026-06-25,250,3
Watergun,2026-06-26,250,3
Watergun,2026-06-27,250,3
Watergun,2026-06-28,250,3
Watergun,2026-07-02,250,3
Watergun,2026-07-03,250,3
Watergun,2026-07-05,250,3
Watergun,2026-07-06,250,3
Watergun,2026-07-12,250,3
Watergun,2026-07-14,250,3
Watergun,2026-07-17,250,3
Watergun,2026-07-25,250,3
Watergun,2026-07-27,250,3
Watergun,2026-07-28,250,3
Watergun,2026-07-30,250,3
Watergun,2026-07-31,250,3
Watergun,2026-08-02,250,3
Watergun,2026-08-03,250,3
Watergun,2026-08-04,250,3
Watergun,2026-08-05,250,3
Watergun,2026-08-06,250,3
Watergun,2026-08-07,250,3
Watergun,2026-08-08,250,3
Watergun,2026-08-09,250,3
Watergun,2026-08-10,250,3
Watergun,2026-08-11,250,3
Watergun,2026-08-13,250,3
Watergun,2026-08-14,250,3
Watergun,2026-08-15,250,3
Watergun,2026-08-16,250,3
Watergun,2026-08-17,250,3
Watergun,2026-08-18,250,3
Watergun,2026-08-19,250,3
Watergun,2026-08-20,245,
Watergun,2026-08-21,245,3
Watergun,2026-08-22,245,3
Watergun,2026-08-23,240,
Watergun,2026-08-24,240,3
Watergun,2026-08-26,230,
Watergun,2026-08-28,220,
Watergun,2026-08-30,210,
Watergun,2026-09-01,200,
Watergun,2026-09-02,195,
Watergun,2026-09-03,195,3
Watergun,2026-09-04,185,
Watergun,2026-09-05,185,3
Watergun,2026-09-06,185,3
Watergun,2026-09-07,185,3
Watergun,2026-09-12,175,3
Watergun,2026-09-17,175,3
Watergun,2026-09-18,175,3
Watergun,2026-09-19,175,3
Watergun,2026-09-20,175,3
Waves,2023-07-06,650,
Waves,2023-07-09,625,
Waves,2023-07-11,600,
Waves,2023-07-15,575,
Waves,2023-07-19,550,
Waves,2023-07-20,525,
Waves,2023-07-23,500,
Waves,2023-07-27,475,
Waves,2023-07-29,460,
Waves,2023-08-01,440,
Waves,2023-08-02,425,
Waves,2023-08-05,420,
Waves,2023-08-07,400,
Waves,2023-08-12,390,
Waves,2023-08-13,375,
Waves,2023-08-16,360,
Waves,2023-08-18,350,
Waves,2023-08-20,325,
Waves,2023-08-21,300,
Waves,2023-08-24,285,
Waves,2023-08-25,260,
Waves,2023-08-28,225,
Waves,2023-08-29,200,
Waves,2023-09-20,190,
Waves,2023-09-25,185,
Waves,2023-09-27,175,
Waves,2023-10-01,160,
Waves,2023-10-07,150,
Waves,2023-10-11,145,
Waves,2023-10-15,135,
Waves,2023-10-21,130,
Waves,2023-10-23,120,
Waves,2023-10-24,115,
Waves,2023-10-26,110,
Waves,2023-10-28,100,
Waves,2023-11-01,95,
Waves,2023-11-05,90,
Waves,2023-11-26,95,
Waves,2024-01-22,100,
Waves,2024-01-29,105,
Waves,2024-02-02,110,
Waves,2024-02-07,115,
Waves,2024-02-10,120,
Waves,2024-02-14,135,
Waves,2024-02-17,145,
Waves,2024-02-20,160,
Waves,2024-02-22,170,
Waves,2024-02-26,185,
Waves,2024-03-06,195,
Waves,2024-03-14,210,
Waves,2024-03-18,220,
Waves,2024-03-25,230,
Waves,2024-03-29,245,
Waves,2024-03-31,235,
Waves,2024-04-15,225,
Waves,2024-04-16,220,
Waves,2024-04-24,195,
Waves,2024-05-01,185,
Waves,2024-05-20,195,
Waves,2024-05-26,210,
Waves,2024-05-29,220,
Waves,2024-05-31,225,
Waves,2024-06-08,220,
Waves,2024-06-19,215,
Waves,2024-07-01,210,
Waves,2024-07-06,205,
Waves,2024-07-18,195,
Waves,2024-07-21,185,
Waves,2024-07-29,175,
Waves,2024-07-31,170,
Waves,2024-08-02,160,
Waves,2024-08-04,155,
Waves,2024-08-08,135,
Waves,2024-08-11,150,
Waves,2024-08-16,145,
Waves,2024-08-29,150,
Waves,2024-09-02,160,
Waves,2024-09-12,155,
Waves,2024-09-18,150,
Waves,2024-09-23,140,
Waves,2024-09-27,135,
Waves,2024-10-20,140,
Waves,2024-10-23,145,
Waves,2024-11-02,150,
Waves,2024-12-06,145,
Waves,2025-02-03,140,
Waves,2025-02-14,135,
Waves,2025-02-22,130,
Waves,2025-03-04,125,
Waves,2025-04-13,130,
Waves,2025-04-20,135,
Waves,2025-04-23,140,
Waves,2025-05-12,145,
Waves,2025-06-29,150,
Waves,2025-07-02,155,
Waves,2025-07-05,160,
Waves,2025-07-11,165,
Waves,2025-07-14,170,
Waves,2025-07-19,175,
Waves,2025-07-21,180,
Waves,2025-07-24,175,
Waves,2025-07-28,170,
Waves,2025-08-01,165,
Waves,2025-08-03,160,
Waves,2025-08-07,155,
Waves,2025-08-30,160,
Waves,2025-09-03,165,
Waves,2025-09-05,170,
Waves,2025-09-09,175,
Waves,2025-09-25,170,
Waves,2025-10-15,160,
Waves,2025-10-19,155,
Waves,2025-10-21,150,
Waves,2025-10-23,145,
Waves,2025-10-26,145,4
Waves,2025-10-28,140,
Waves,2025-11-25,140,4
Waves,2025-12-04,140,4
Waves,2025-12-08,140,4
Waves,2025-12-14,140,4
Waves,2025-12-21,140,4
Waves,2025-12-23,140,4
Waves,2025-12-24,140,4
Waves,2025-12-26,140,4
Waves,2025-12-28,140,4
Waves,2025-12-30,140,4
Waves,2026-01-09,140,4
Waves,2026-01-24,140,3
Waves,2026-02-07,140,3
Waves,2026-02-13,140,3
Waves,2026-02-19,140,3
Waves,2026-03-01,145,
Waves,2026-03-14,150,
Waves,2026-03-17,150,3
Waves,2026-03-19,155,
Waves,2026-03-21,160,3
Waves,2026-03-24,165,
Waves,2026-03-25,165,3
Waves,2026-04-13,165,3
Waves,2026-04-19,165,3
Waves,2026-04-20,165,3
Waves,2026-04-22,165,3
Waves,2026-04-24,165,3
Waves,2026-04-27,165,3
Waves,2026-04-28,165,3
Waves,2026-05-02,165,3
Waves,2026-05-03,165,3
Waves,2026-05-06,165,3
Waves,2026-05-09,165,3
Waves,2026-05-11,170,
Waves,2026-05-12,170,3
Waves,2026-05-14,170,3
Waves,2026-05-17,175,
Waves,2026-05-19,175,3
Waves,2026-05-21,175,3
Waves,2026-05-23,175,3
Waves,2026-05-24,180,3
Waves,2026-05-25,185,
Waves,2026-05-27,190,
Waves,2026-05-30,195,
Waves,2026-06-03,200,
Waves,2026-06-06,210,
Waves,2026-06-07,225,
Waves,2026-06-10,250,
Waves,2026-06-12,270,
Waves,2026-06-14,280,
Waves,2026-06-17,275,
Waves,2026-06-21,275,4
Waves,2026-06-22,275,4
Waves,2026-06-23,275,4
Waves,2026-06-24,275,4
Waves,2026-06-25,275,4
Waves,2026-06-26,275,4
Waves,2026-06-27,275,4
Waves,2026-06-28,275,4
Waves,2026-07-02,275,4
Waves,2026-07-03,275,4
Waves,2026-07-05,275,4
Waves,2026-07-06,275,4
Waves,2026-07-12,275,4
Waves,2026-07-14,275,4
Waves,2026-07-17,275,4
Waves,2026-07-25,275,4
Waves,2026-07-27,275,4
Waves,2026-07-28,280,
Waves,2026-07-30,280,4
Waves,2026-07-31,280,4
Waves,2026-08-02,280,4
Waves,2026-08-03,280,4
Waves,2026-08-04,280,4
Waves,2026-08-05,280,4
Waves,2026-08-06,280,4
Waves,2026-08-07,280,4
Waves,2026-08-08,280,4
Waves,2026-08-09,280,4
Waves,2026-08-10,280,4
Waves,2026-08-11,280,4
Waves,2026-08-13,280,4
Waves,2026-08-14,280,4
Waves,2026-08-15,280,4
Waves,2026-08-16,280,4
Waves,2026-08-17,280,4
Waves,2026-08-18,280,4
Waves,2026-08-19,280,4
Waves,2026-08-20,280,4
Waves,2026-08-21,280,4
Waves,2026-08-22,280,4
Waves,2026-08-24,280,4
Waves,2026-09-02,280,4
Waves,2026-09-03,280,4
Waves,2026-09-04,280,4
Waves,2026-09-05,280,4
Waves,2026-09-06,280,4
Waves,2026-09-07,280,4
Waves,2026-09-12,280,4
Waves,2026-09-17,280,4
Waves,2026-09-18,280,4
Waves,2026-09-19,280,4
Waves,2026-09-20,280,4
Winter's Edge,2020-08-26,25,
Winter's Edge,2020-10-31,30,
Winter's Edge,2021-01-03,35,
Winter's Edge,2021-01-26,28,
Winter's Edge,2021-03-09,25,
Winter's Edge,2022-02-03,28,
Winter's Edge,2022-11-12,25,
Winter's Edge,2023-06-01,22,
Winter's Edge,2023-06-12,20,
Winter's Edge,2023-08-20,18,
Winter's Edge,2023-09-16,17,
Winter's Edge,2023-11-01,15,
Winter's Edge,2024-03-29,13,
Winter's Edge,2024-04-24,12,
Winter's Edge,2025-04-13,10,
Winter's Edge,2025-09-17,8,
Winter's Edge,2025-09-25,7,
Winter's Edge,2025-10-26,7,1
Winter's Edge,2025-11-11,5,
Winter's Edge,2025-11-25,5,1
Winter's Edge,2025-12-04,5,1
Winter's Edge,2025-12-08,5,1
Winter's Edge,2025-12-14,5,1
Winter's Edge,2025-12-21,5,1
Winter's Edge,2025-12-23,5,1
Winter's Edge,2025-12-24,5,1
Winter's Edge,2025-12-26,5,1
Winter's Edge,2025-12-28,5,1
Winter's Edge,2025-12-30,5,1
Winter's Edge,2026-01-09,5,1
Winter's Edge,2026-01-24,5,1
Winter's Edge,2026-02-07,5,1
Winter's Edge,2026-02-13,5,1
Winter's Edge,2026-02-19,5,1
Winter's Edge,2026-03-17,5,1
Winter's Edge,2026-03-21,5,1
Winter's Edge,2026-03-25,5,1
Winter's Edge,2026-04-13,5,1
Winter's Edge,2026-04-19,5,1
Winter's Edge,2026-04-20,5,1
Winter's Edge,2026-04-22,5,1
Winter's Edge,2026-04-24,5,1
Winter's Edge,2026-04-27,5,1
Winter's Edge,2026-04-28,5,1
Winter's Edge,2026-05-02,5,1
Winter's Edge,2026-05-03,5,1
Winter's Edge,2026-05-06,5,1
Winter's Edge,2026-05-09,5,1
Winter's Edge,2026-05-11,5,1
Winter's Edge,2026-05-12,5,1
Winter's Edge,2026-05-14,5,1
Winter's Edge,2026-05-17,5,1
Winter's Edge,2026-05-19,5,1
Winter's Edge,2026-05-21,5,1
Winter's Edge,2026-05-23,5,1
Winter's Edge,2026-05-24,5,1
Winter's Edge,2026-06-21,5,1
Winter's Edge,2026-06-22,5,1
Winter's Edge,2026-06-23,5,1
Winter's Edge,2026-06-24,5,1
Winter's Edge,2026-06-25,5,1
Winter's Edge,2026-06-26,5,1
Winter's Edge,2026-06-27,5,1
Winter's Edge,2026-06-28,5,1
Winter's Edge,2026-07-02,5,1
Winter's Edge,2026-07-03,5,1
Winter's Edge,2026-07-05,5,1
Winter's Edge,2026-07-06,5,1
Winter's Edge,2026-07-12,5,1
Winter's Edge,2026-07-14,5,1
Winter's Edge,2026-07-17,5,1
Winter's Edge,2026-07-25,5,1
Winter's Edge,2026-07-27,5,1
Winter's Edge,2026-07-28,5,1
Winter's Edge,2026-07-30,5,1
Winter's Edge,2026-07-31,5,1
Winter's Edge,2026-08-02,5,1
Winter's Edge,2026-08-03,5,1
Winter's Edge,2026-08-04,5,1
Winter's Edge,2026-08-05,5,1
Winter's Edge,2026-08-06,5,1
Winter's Edge,2026-08-07,5,1
Winter's Edge,2026-08-08,5,1
Winter's Edge,2026-08-09,5,1
Winter's Edge,2026-08-10,5,1
Winter's Edge,2026-08-11,5,1
Winter's Edge,2026-08-13,5,1
Winter's Edge,2026-08-14,5,1
Winter's Edge,2026-08-15,5,1
Winter's Edge,2026-08-16,5,1
Winter's Edge,2026-08-17,5,1
Winter's Edge,2026-08-18,5,1
Winter's Edge,2026-08-19,5,1
Winter's Edge,2026-08-20,5,1
Winter's Edge,2026-08-21,5,1
Winter's Edge,2026-08-22,5,1
Winter's Edge,2026-08-24,5,1
Winter's Edge,2026-09-02,5,1
Winter's Edge,2026-09-03,5,1
Winter's Edge,2026-09-04,5,1
Winter's Edge,2026-09-05,5,1
Winter's Edge,2026-09-06,5,1
Winter's Edge,2026-09-07,5,1
Winter's Edge,2026-09-12,5,1
Winter's Edge,2026-09-17,5,1
Winter's Edge,2026-09-18,5,1
Winter's Edge,2026-09-19,5,1
Winter's Edge,2026-09-20,5,1
Xenoknife,2025-10-19,400,
Xenoknife,2025-10-21,375,
Xenoknife,2025-10-23,325,
Xenoknife,2025-10-26,325,4
Xenoknife,2025-10-28,300,
Xenoknife,2025-11-01,275,
Xenoknife,2025-11-04,260,
Xenoknife,2025-11-06,250,
Xenoknife,2025-11-24,240,
Xenoknife,2025-11-25,240,4
Xenoknife,2025-11-27,225,
Xenoknife,2025-11-30,220,
Xenoknife,2025-12-01,215,
Xenoknife,2025-12-04,210,
Xenoknife,2025-12-08,210,4
Xenoknife,2025-12-11,200,
Xenoknife,2025-12-14,200,4
Xenoknife,2025-12-15,195,
Xenoknife,2025-12-19,190,
Xenoknife,2025-12-21,185,
Xenoknife,2025-12-23,185,3
Xenoknife,2025-12-24,180,
Xenoknife,2025-12-26,180,3
Xenoknife,2025-12-27,175,
Xenoknife,2025-12-28,175,3
Xenoknife,2025-12-29,170,
Xenoknife,2025-12-30,170,3
Xenoknife,2026-01-01,165,
Xenoknife,2026-01-04,160,
Xenoknife,2026-01-06,155,
Xenoknife,2026-01-08,150,
Xenoknife,2026-01-09,150,3
Xenoknife,2026-01-24,150,3
Xenoknife,2026-02-07,150,3
Xenoknife,2026-02-13,150,3
Xenoknife,2026-02-19,150,3
Xenoknife,2026-03-14,155,
Xenoknife,2026-03-16,160,
Xenoknife,2026-03-17,160,3
Xenoknife,2026-03-19,165,
Xenoknife,2026-03-21,170,3
Xenoknife,2026-03-24,175,
Xenoknife,2026-03-25,175,3
Xenoknife,2026-03-26,180,
Xenoknife,2026-03-30,185,
Xenoknife,2026-04-04,190,
Xenoknife,2026-04-13,190,3
Xenoknife,2026-04-16,195,
Xenoknife,2026-04-18,200,
Xenoknife,2026-04-19,200,3
Xenoknife,2026-04-20,200,3
Xenoknife,2026-04-22,200,3
Xenoknife,2026-04-24,200,3
Xenoknife,2026-04-27,200,3
Xenoknife,2026-04-28,200,3
Xenoknife,2026-05-02,200,3
Xenoknife,2026-05-03,200,3
Xenoknife,2026-05-06,200,3
Xenoknife,2026-05-09,200,3
Xenoknife,2026-05-11,200,3
Xenoknife,2026-05-12,200,3
Xenoknife,2026-05-14,200,3
Xenoknife,2026-05-17,200,3
Xenoknife,2026-05-19,200,3
Xenoknife,2026-05-21,200,3
Xenoknife,2026-05-23,200,3
Xenoknife,2026-05-24,200,3
Xenoknife,2026-05-30,205,
Xenoknife,2026-06-03,215,
Xenoknife,2026-06-06,230,
Xenoknife,2026-06-07,245,
Xenoknife,2026-06-10,260,
Xenoknife,2026-06-12,275,
Xenoknife,2026-06-17,270,
Xenoknife,2026-06-21,270,4
Xenoknife,2026-06-22,270,4
Xenoknife,2026-06-23,270,4
Xenoknife,2026-06-24,270,4
Xenoknife,2026-06-25,270,4
Xenoknife,2026-06-26,270,4
Xenoknife,2026-06-27,270,4
Xenoknife,2026-06-28,270,4
Xenoknife,2026-07-02,270,4
Xenoknife,2026-07-03,270,4
Xenoknife,2026-07-05,270,4
Xenoknife,2026-07-06,270,4
Xenoknife,2026-07-12,270,4
Xenoknife,2026-07-14,270,4
Xenoknife,2026-07-17,270,4
Xenoknife,2026-07-25,275,
Xenoknife,2026-07-27,275,4
Xenoknife,2026-07-28,280,
Xenoknife,2026-07-30,280,4
Xenoknife,2026-07-31,280,4
Xenoknife,2026-08-02,280,4
Xenoknife,2026-08-03,280,4
Xenoknife,2026-08-04,280,4
Xenoknife,2026-08-05,280,4
Xenoknife,2026-08-06,280,4
Xenoknife,2026-08-07,280,4
Xenoknife,2026-08-08,280,4
Xenoknife,2026-08-09,280,4
Xenoknife,2026-08-10,280,4
Xenoknife,2026-08-11,280,4
Xenoknife,2026-08-13,280,4
Xenoknife,2026-08-14,280,4
Xenoknife,2026-08-15,285,
Xenoknife,2026-08-16,285,4
Xenoknife,2026-08-17,285,4
Xenoknife,2026-08-18,295,
Xenoknife,2026-08-19,295,5
Xenoknife,2026-08-20,300,
Xenoknife,2026-08-21,300,5
Xenoknife,2026-08-22,300,5
Xenoknife,2026-08-23,310,
Xenoknife,2026-08-24,310,5
Xenoknife,2026-08-26,325,
Xenoknife,2026-08-28,350,
Xenoknife,2026-08-30,375,
Xenoknife,2026-09-01,390,
Xenoknife,2026-09-02,405,
Xenoknife,2026-09-07,405,5
Xenoknife,2026-09-17,405,5
Xenoknife,2026-09-18,405,5
Xenoknife,2026-09-19,405,5
Xenoknife,2026-09-20,405,5
Xenoshot,2025-10-19,400,
Xenoshot,2025-10-21,375,
Xenoshot,2025-10-23,325,
Xenoshot,2025-10-26,325,4
Xenoshot,2025-10-28,300,
Xenoshot,2025-11-01,275,
Xenoshot,2025-11-04,260,
Xenoshot,2025-11-06,250,
Xenoshot,2025-11-24,240,
Xenoshot,2025-11-25,240,4
Xenoshot,2025-11-27,225,
Xenoshot,2025-11-30,220,
Xenoshot,2025-12-01,215,
Xenoshot,2025-12-04,210,
Xenoshot,2025-12-08,210,4
Xenoshot,2025-12-11,200,
Xenoshot,2025-12-14,200,4
Xenoshot,2025-12-15,195,
Xenoshot,2025-12-19,190,
Xenoshot,2025-12-21,185,
Xenoshot,2025-12-23,185,3
Xenoshot,2025-12-24,180,
Xenoshot,2025-12-26,180,3
Xenoshot,2025-12-27,175,
Xenoshot,2025-12-28,175,3
Xenoshot,2025-12-29,170,
Xenoshot,2025-12-30,170,3
Xenoshot,2026-01-01,165,
Xenoshot,2026-01-04,160,
Xenoshot,2026-01-06,155,
Xenoshot,2026-01-08,150,
Xenoshot,2026-01-09,150,3
Xenoshot,2026-01-24,150,3
Xenoshot,2026-02-07,150,3
Xenoshot,2026-02-13,150,3
Xenoshot,2026-02-19,150,3
Xenoshot,2026-03-14,155,
Xenoshot,2026-03-16,160,
Xenoshot,2026-03-17,160,3
Xenoshot,2026-03-19,165,
Xenoshot,2026-03-21,170,3
Xenoshot,2026-03-24,175,
Xenoshot,2026-03-25,175,3
Xenoshot,2026-03-26,180,
Xenoshot,2026-03-30,185,
Xenoshot,2026-04-04,190,
Xenoshot,2026-04-13,190,3
Xenoshot,2026-04-16,195,
Xenoshot,2026-04-18,200,
Xenoshot,2026-04-19,200,3
Xenoshot,2026-04-20,200,3
Xenoshot,2026-04-22,200,3
Xenoshot,2026-04-24,200,3
Xenoshot,2026-04-27,200,3
Xenoshot,2026-04-28,200,3
Xenoshot,2026-05-02,200,3
Xenoshot,2026-05-03,200,3
Xenoshot,2026-05-06,200,3
Xenoshot,2026-05-09,200,3
Xenoshot,2026-05-11,200,3
Xenoshot,2026-05-12,200,3
Xenoshot,2026-05-14,200,3
Xenoshot,2026-05-17,200,3
Xenoshot,2026-05-19,200,3
Xenoshot,2026-05-21,200,3
Xenoshot,2026-05-23,200,3
Xenoshot,2026-05-24,200,3
Xenoshot,2026-05-30,205,
Xenoshot,2026-06-03,215,
Xenoshot,2026-06-06,230,
Xenoshot,2026-06-07,245,
Xenoshot,2026-06-10,260,
Xenoshot,2026-06-12,275,
Xenoshot,2026-06-17,270,
Xenoshot,2026-06-21,270,4
Xenoshot,2026-06-22,270,4
Xenoshot,2026-06-23,270,4
Xenoshot,2026-06-24,270,4
Xenoshot,2026-06-25,270,4
Xenoshot,2026-06-26,270,4
Xenoshot,2026-06-27,270,4
Xenoshot,2026-06-28,270,4
Xenoshot,2026-07-02,270,4
Xenoshot,2026-07-03,270,4
Xenoshot,2026-07-05,270,4
Xenoshot,2026-07-06,270,4
Xenoshot,2026-07-12,270,4
Xenoshot,2026-07-14,270,4
Xenoshot,2026-07-17,270,4
Xenoshot,2026-07-25,275,
Xenoshot,2026-07-27,275,4
Xenoshot,2026-07-28,280,
Xenoshot,2026-07-30,280,4
Xenoshot,2026-07-31,280,4
Xenoshot,2026-08-02,280,4
Xenoshot,2026-08-03,280,4
Xenoshot,2026-08-04,280,4
Xenoshot,2026-08-05,280,4
Xenoshot,2026-08-06,280,4
Xenoshot,2026-08-07,280,4
Xenoshot,2026-08-08,280,4
Xenoshot,2026-08-09,280,4
Xenoshot,2026-08-10,280,4
Xenoshot,2026-08-11,280,4
Xenoshot,2026-08-13,280,4
Xenoshot,2026-08-14,280,4
Xenoshot,2026-08-15,285,
Xenoshot,2026-08-16,285,4
Xenoshot,2026-08-17,285,4
Xenoshot,2026-08-18,295,
Xenoshot,2026-08-19,295,5
Xenoshot,2026-08-20,300,
Xenoshot,2026-08-21,300,5
Xenoshot,2026-08-22,300,5
Xenoshot,2026-08-23,310,
Xenoshot,2026-08-24,310,5
Xenoshot,2026-08-26,325,
Xenoshot,2026-08-28,350,
Xenoshot,2026-08-30,375,
Xenoshot,2026-09-01,390,
Xenoshot,2026-09-02,405,
Xenoshot,2026-09-07,405,5
Xenoshot,2026-09-17,405,5
Xenoshot,2026-09-18,405,5
Xenoshot,2026-09-19,405,5
Xenoshot,2026-09-20,405,5
Xmas,2020-08-26,65,
Xmas,2020-10-31,70,
Xmas,2020-12-14,75,
Xmas,2021-11-22,70,
Xmas,2022-02-16,65,
Xmas,2022-03-14,60,
Xmas,2022-05-19,55,
Xmas,2022-07-06,50,
Xmas,2022-08-11,45,
Xmas,2022-08-27,40,
Xmas,2022-11-12,35,
Xmas,2022-11-21,30,
Xmas,2023-06-01,28,
Xmas,2023-06-12,25,
Xmas,2023-08-20,22,
Xmas,2023-09-01,20,
Xmas,2023-09-08,17,
Xmas,2023-09-16,15,
Xmas,2023-11-01,17,
Xmas,2024-03-29,13,
Xmas,2024-04-24,12,
Xmas,2025-01-18,13,
Xmas,2025-02-07,12,
Xmas,2025-09-17,8,
Xmas,2025-10-26,8,1
Xmas,2025-11-25,8,1
Xmas,2025-12-04,8,1
Xmas,2025-12-08,8,1
Xmas,2025-12-14,8,1
Xmas,2025-12-21,8,1
Xmas,2025-12-23,8,1
Xmas,2025-12-24,8,1
Xmas,2025-12-26,8,1
Xmas,2025-12-28,8,1
Xmas,2025-12-30,8,1
Xmas,2026-01-09,8,1
Xmas,2026-01-24,8,1
Xmas,2026-02-07,8,1
Xmas,2026-02-13,8,1
Xmas,2026-02-19,8,1
Xmas,2026-03-17,8,1
Xmas,2026-03-21,8,1
Xmas,2026-03-25,8,1
Xmas,2026-04-13,8,1
Xmas,2026-04-19,8,1
Xmas,2026-04-20,8,1
Xmas,2026-04-22,8,1
Xmas,2026-04-24,8,1
Xmas,2026-04-27,8,1
Xmas,2026-04-28,8,1
Xmas,2026-05-02,8,1
Xmas,2026-05-03,8,1
Xmas,2026-05-06,8,1
Xmas,2026-05-09,8,1
Xmas,2026-05-11,8,1
Xmas,2026-05-12,8,1
Xmas,2026-05-14,8,1
Xmas,2026-05-17,8,1
Xmas,2026-05-19,8,1
Xmas,2026-05-21,8,1
Xmas,2026-05-23,8,1
Xmas,2026-05-24,8,1
Xmas,2026-06-21,8,1
Xmas,2026-06-22,8,1
Xmas,2026-06-23,8,1
Xmas,2026-06-24,8,1
Xmas,2026-06-25,8,1
Xmas,2026-06-26,8,1
Xmas,2026-06-27,8,1
Xmas,2026-06-28,8,1
Xmas,2026-07-02,8,1
Xmas,2026-07-03,8,1
Xmas,2026-07-05,8,1
Xmas,2026-07-06,8,1
Xmas,2026-07-12,7,
Xmas,2026-07-14,7,1
Xmas,2026-07-17,7,1
Xmas,2026-07-25,7,1
Xmas,2026-07-27,7,1
Xmas,2026-07-28,7,1
Xmas,2026-07-30,7,1
Xmas,2026-07-31,7,1
Xmas,2026-08-02,7,1
Xmas,2026-08-03,7,1
Xmas,2026-08-04,7,1
Xmas,2026-08-05,7,1
Xmas,2026-08-06,7,1
Xmas,2026-08-07,7,1
Xmas,2026-08-08,7,1
Xmas,2026-08-09,7,1
Xmas,2026-08-10,7,1
Xmas,2026-08-11,7,1
Xmas,2026-08-13,7,1
Xmas,2026-08-14,7,1
Xmas,2026-08-15,7,1
Xmas,2026-08-16,7,1
Xmas,2026-08-17,7,1
Xmas,2026-08-18,7,1
Xmas,2026-08-19,7,1
Xmas,2026-08-20,7,1
Xmas,2026-08-21,7,1
Xmas,2026-08-22,7,1
Xmas,2026-08-24,7,1
Xmas,2026-09-02,7,1
Xmas,2026-09-03,7,1
Xmas,2026-09-04,7,1
Xmas,2026-09-05,7,1
Xmas,2026-09-06,7,1
Xmas,2026-09-07,7,1
Xmas,2026-09-12,7,1
Xmas,2026-09-17,7,1
Xmas,2026-09-18,7,1
Xmas,2026-09-19,7,1
Xmas,2026-09-20,7,1
Yellow Seer,2020-08-26,30,
Yellow Seer,2021-06-13,28,
Yellow Seer,2021-08-17,25,
Yellow Seer,2021-12-13,22,
Yellow Seer,2022-08-04,20,
Yellow Seer,2022-08-27,18,
Yellow Seer,2022-10-29,15,
Yellow Seer,2022-11-06,12,
Yellow Seer,2022-12-13,10,
Yellow Seer,2023-06-01,8,
Yellow Seer,2023-06-07,7,
Yellow Seer,2023-09-01,6,
Yellow Seer,2024-01-02,5,
Yellow Seer,2024-03-29,4,
Yellow Seer,2024-04-24,3,
Yellow Seer,2024-09-27,2,
Yellow Seer,2025-10-26,2,1
Yellow Seer,2025-11-25,2,1
Yellow Seer,2025-12-04,2,1
Yellow Seer,2025-12-08,2,1
Yellow Seer,2025-12-14,2,1
Yellow Seer,2025-12-21,2,1
Yellow Seer,2025-12-23,2,1
Yellow Seer,2025-12-24,2,1
Yellow Seer,2025-12-26,2,1
Yellow Seer,2025-12-28,2,1
Yellow Seer,2025-12-30,2,1
Yellow Seer,2026-01-09,2,1
Yellow Seer,2026-01-24,2,1
Yellow Seer,2026-02-07,2,1
Yellow Seer,2026-02-13,2,1
Yellow Seer,2026-02-19,2,1
Yellow Seer,2026-03-17,2,1
Yellow Seer,2026-03-21,2,1
Yellow Seer,2026-03-25,2,1
Yellow Seer,2026-04-13,2,1
Yellow Seer,2026-04-19,2,1
Yellow Seer,2026-04-20,2,1
Yellow Seer,2026-04-22,2,1
Yellow Seer,2026-04-24,2,1
Yellow Seer,2026-04-27,2,1
Yellow Seer,2026-04-28,2,1
Yellow Seer,2026-05-02,2,1
Yellow Seer,2026-05-03,2,1
Yellow Seer,2026-05-06,2,1
Yellow Seer,2026-05-09,2,1
Yellow Seer,2026-05-11,2,1
Yellow Seer,2026-05-12,2,1
Yellow Seer,2026-05-14,2,1
Yellow Seer,2026-05-17,2,1
Yellow Seer,2026-05-19,2,1
Yellow Seer,2026-05-21,2,1
Yellow Seer,2026-05-23,2,1
Yellow Seer,2026-05-24,2,1
Yellow Seer,2026-06-21,2,1
Yellow Seer,2026-06-22,2,1
Yellow Seer,2026-06-23,2,1
Yellow Seer,2026-06-24,2,1
Yellow Seer,2026-06-25,2,1
Yellow Seer,2026-06-26,2,1
Yellow Seer,2026-06-27,2,1
Yellow Seer,2026-06-28,2,1
Yellow Seer,2026-07-02,2,1
Yellow Seer,2026-07-03,2,1
Yellow Seer,2026-07-05,2,1
Yellow Seer,2026-07-06,2,1
Yellow Seer,2026-07-12,2,1
Yellow Seer,2026-07-14,2,1
Yellow Seer,2026-07-17,2,1
Yellow Seer,2026-07-25,2,1
Yellow Seer,2026-07-27,2,1
Yellow Seer,2026-07-28,2,1
Yellow Seer,2026-07-30,2,1
Yellow Seer,2026-07-31,2,1
Yellow Seer,2026-08-02,2,1
Yellow Seer,2026-08-03,2,1
Yellow Seer,2026-08-04,2,1
Yellow Seer,2026-08-05,2,1
Yellow Seer,2026-08-06,2,1
Yellow Seer,2026-08-07,2,1
Yellow Seer,2026-08-08,2,1
Yellow Seer,2026-08-09,2,1
Yellow Seer,2026-08-10,2,1
Yellow Seer,2026-08-11,2,1
Yellow Seer,2026-08-13,2,1
Yellow Seer,2026-08-14,2,1
Yellow Seer,2026-08-15,2,1
Yellow Seer,2026-08-16,2,1
Yellow Seer,2026-08-17,2,1
Yellow Seer,2026-08-18,2,1
Yellow Seer,2026-08-19,2,1
Yellow Seer,2026-08-20,2,1
Yellow Seer,2026-08-21,2,1
Yellow Seer,2026-08-22,2,1
Yellow Seer,2026-08-24,2,1
Yellow Seer,2026-09-02,2,1
Yellow Seer,2026-09-03,2,1
Yellow Seer,2026-09-04,2,1
Yellow Seer,2026-09-05,2,1
Yellow Seer,2026-09-06,2,1
Yellow Seer,2026-09-07,2,1
Yellow Seer,2026-09-12,2,1
Yellow Seer,2026-09-17,2,1
Yellow Seer,2026-09-18,2,1
Yellow Seer,2026-09-19,2,1
Yellow Seer,2026-09-20,2,1
